Date,eNodeB Name,Cell Name,LocalCell Id,KPI_Name,KPI_Column,Value,Historical_Median,Historical_Mean,Historical_Std,Historical_Days,Anomaly_Type,Z_Score,Pct_Change,Direction,Impact,Detection_Method,Severity,Baseline_Mode,Description
2026-05-18,LCAIN10121_Site_137,LCAIN10121-7,7,Availability,Availability,99.0162,99.88425000000001,99.31856666666665,1.1614215254257267,24,Spike,-5.621619815302181,,low,degradation,"robust z-score (MAD, threshold 3.0)",Critical,4week_rolling_avg,"KPI spike on last day: value=99.02 vs 24-day median=99.88 (z-score=-5.62, impact=degradation, method=robust z-score (MAD, threshold 3.0))"
2026-05-18,LCAIN10493,LCAIN10493-1,1,Availability,Availability,18.2581,99.6325,77.7199,35.23108599298352,16,Spike,-149.35042410326867,,low,degradation,"robust z-score (MAD, threshold 3.0)",Critical,4week_rolling_avg,"KPI spike on last day: value=18.26 vs 24-day median=99.63 (z-score=-149.35, impact=degradation, method=robust z-score (MAD, threshold 3.0))"
2026-05-18,LCAIN10493,LCAIN10493-2,2,Availability,Availability,18.2581,99.6325,77.7199,35.23108599298352,16,Spike,-149.35042410326867,,low,degradation,"robust z-score (MAD, threshold 3.0)",Critical,4week_rolling_avg,"KPI spike on last day: value=18.26 vs 24-day median=99.63 (z-score=-149.35, impact=degradation, method=robust z-score (MAD, threshold 3.0))"
2026-05-18,LCAIN10493,LCAIN10493-3,3,Availability,Availability,18.2581,99.6325,77.7199,35.23108599298352,16,Spike,-149.35042410326867,,low,degradation,"robust z-score (MAD, threshold 3.0)",Critical,4week_rolling_avg,"KPI spike on last day: value=18.26 vs 24-day median=99.63 (z-score=-149.35, impact=degradation, method=robust z-score (MAD, threshold 3.0))"
2026-05-18,LCAIN10493,LCAIN10493-5,5,Availability,Availability,18.2581,99.6325,77.7199,35.23108599298352,16,Spike,-149.35042410326867,,low,degradation,"robust z-score (MAD, threshold 3.0)",Critical,4week_rolling_avg,"KPI spike on last day: value=18.26 vs 24-day median=99.63 (z-score=-149.35, impact=degradation, method=robust z-score (MAD, threshold 3.0))"
2026-05-18,LCAIN10493,LCAIN10493-6,6,Availability,Availability,18.2581,99.6325,77.7199,35.23108599298352,16,Spike,-149.35042410326867,,low,degradation,"robust z-score (MAD, threshold 3.0)",Critical,4week_rolling_avg,"KPI spike on last day: value=18.26 vs 24-day median=99.63 (z-score=-149.35, impact=degradation, method=robust z-score (MAD, threshold 3.0))"
2026-05-18,LCAIN10493,LCAIN10493-7,7,Availability,Availability,18.2581,99.6325,77.7199,35.23108599298352,16,Spike,-149.35042410326867,,low,degradation,"robust z-score (MAD, threshold 3.0)",Critical,4week_rolling_avg,"KPI spike on last day: value=18.26 vs 24-day median=99.63 (z-score=-149.35, impact=degradation, method=robust z-score (MAD, threshold 3.0))"
2026-05-18,LCAIN11489,LCAIN11489-1,1,Availability,Availability,95.3241,100.0,99.94044166666667,0.20318746663419515,24,Spike,-23.012738322182884,,low,degradation,"robust z-score (std-fallback, threshold 3.0)",Critical,4week_rolling_avg,"KPI spike on last day: value=95.32 vs 24-day median=100.00 (z-score=-23.01, impact=degradation, method=robust z-score (std-fallback, threshold 3.0))"
2026-05-18,LCAIN11489,LCAIN11489-2,2,Availability,Availability,95.3241,100.0,99.94044166666667,0.20318746663419515,24,Spike,-23.012738322182884,,low,degradation,"robust z-score (std-fallback, threshold 3.0)",Critical,4week_rolling_avg,"KPI spike on last day: value=95.32 vs 24-day median=100.00 (z-score=-23.01, impact=degradation, method=robust z-score (std-fallback, threshold 3.0))"
2026-05-18,LCAIN11489,LCAIN11489-3,3,Availability,Availability,95.3241,100.0,99.94044166666667,0.20318746663419515,24,Spike,-23.012738322182884,,low,degradation,"robust z-score (std-fallback, threshold 3.0)",Critical,4week_rolling_avg,"KPI spike on last day: value=95.32 vs 24-day median=100.00 (z-score=-23.01, impact=degradation, method=robust z-score (std-fallback, threshold 3.0))"
2026-05-18,LCAIN11489,LCAIN11489-5,5,Availability,Availability,95.3241,100.0,99.94044166666667,0.20318746663419515,24,Spike,-23.012738322182884,,low,degradation,"robust z-score (std-fallback, threshold 3.0)",Critical,4week_rolling_avg,"KPI spike on last day: value=95.32 vs 24-day median=100.00 (z-score=-23.01, impact=degradation, method=robust z-score (std-fallback, threshold 3.0))"
2026-05-18,LCAIN11489,LCAIN11489-6,6,Availability,Availability,95.3241,100.0,99.94044166666667,0.20318746663419515,24,Spike,-23.012738322182884,,low,degradation,"robust z-score (std-fallback, threshold 3.0)",Critical,4week_rolling_avg,"KPI spike on last day: value=95.32 vs 24-day median=100.00 (z-score=-23.01, impact=degradation, method=robust z-score (std-fallback, threshold 3.0))"
2026-05-18,LCAIN11489,LCAIN11489-7,7,Availability,Availability,95.3241,100.0,99.94044166666667,0.20318746663419515,24,Spike,-23.012738322182884,,low,degradation,"robust z-score (std-fallback, threshold 3.0)",Critical,4week_rolling_avg,"KPI spike on last day: value=95.32 vs 24-day median=100.00 (z-score=-23.01, impact=degradation, method=robust z-score (std-fallback, threshold 3.0))"
2026-05-18,LCAIN11826,LCAIN11826-1,1,Availability,Availability,23.8368,100.0,97.69989583333334,7.698316157201693,24,Spike,-9.893488192057447,,low,degradation,"robust z-score (std-fallback, threshold 3.0)",Critical,4week_rolling_avg,"KPI spike on last day: value=23.84 vs 24-day median=100.00 (z-score=-9.89, impact=degradation, method=robust z-score (std-fallback, threshold 3.0))"
2026-05-18,LCAIN11826,LCAIN11826-2,2,Availability,Availability,23.8368,100.0,97.7001375,7.698383724837555,24,Spike,-9.89340135829708,,low,degradation,"robust z-score (std-fallback, threshold 3.0)",Critical,4week_rolling_avg,"KPI spike on last day: value=23.84 vs 24-day median=100.00 (z-score=-9.89, impact=degradation, method=robust z-score (std-fallback, threshold 3.0))"
2026-05-18,LCAIN11826,LCAIN11826-3,3,Availability,Availability,23.8368,100.0,97.69989583333334,7.698316157201693,24,Spike,-9.893488192057447,,low,degradation,"robust z-score (std-fallback, threshold 3.0)",Critical,4week_rolling_avg,"KPI spike on last day: value=23.84 vs 24-day median=100.00 (z-score=-9.89, impact=degradation, method=robust z-score (std-fallback, threshold 3.0))"
2026-05-18,LCAIN11826,LCAIN11826-5,5,Availability,Availability,23.8368,100.0,97.69989583333334,7.698316157201693,24,Spike,-9.893488192057447,,low,degradation,"robust z-score (std-fallback, threshold 3.0)",Critical,4week_rolling_avg,"KPI spike on last day: value=23.84 vs 24-day median=100.00 (z-score=-9.89, impact=degradation, method=robust z-score (std-fallback, threshold 3.0))"
2026-05-18,LCAIN11826,LCAIN11826-6,6,Availability,Availability,23.8368,100.0,97.69989583333334,7.698316157201693,24,Spike,-9.893488192057447,,low,degradation,"robust z-score (std-fallback, threshold 3.0)",Critical,4week_rolling_avg,"KPI spike on last day: value=23.84 vs 24-day median=100.00 (z-score=-9.89, impact=degradation, method=robust z-score (std-fallback, threshold 3.0))"
2026-05-18,LCAIN11826,LCAIN11826-7,7,Availability,Availability,23.8368,100.0,97.7001375,7.698383724837555,24,Spike,-9.89340135829708,,low,degradation,"robust z-score (std-fallback, threshold 3.0)",Critical,4week_rolling_avg,"KPI spike on last day: value=23.84 vs 24-day median=100.00 (z-score=-9.89, impact=degradation, method=robust z-score (std-fallback, threshold 3.0))"
2026-05-18,LCAIN12215,LCAIN12215-1,1,Availability,Availability,99.8438,100.0,99.99349166666667,0.03121287016422662,24,Spike,-5.004345937369794,,low,degradation,"robust z-score (std-fallback, threshold 3.0)",Critical,4week_rolling_avg,"KPI spike on last day: value=99.84 vs 24-day median=100.00 (z-score=-5.00, impact=degradation, method=robust z-score (std-fallback, threshold 3.0))"
2026-05-18,LCAIN12215,LCAIN12215-2,2,Availability,Availability,99.8438,100.0,99.99349166666667,0.03121287016422662,24,Spike,-5.004345937369794,,low,degradation,"robust z-score (std-fallback, threshold 3.0)",Critical,4week_rolling_avg,"KPI spike on last day: value=99.84 vs 24-day median=100.00 (z-score=-5.00, impact=degradation, method=robust z-score (std-fallback, threshold 3.0))"
2026-05-18,LCAIN12215,LCAIN12215-3,3,Availability,Availability,99.8438,100.0,99.99349166666667,0.03121287016422662,24,Spike,-5.004345937369794,,low,degradation,"robust z-score (std-fallback, threshold 3.0)",Critical,4week_rolling_avg,"KPI spike on last day: value=99.84 vs 24-day median=100.00 (z-score=-5.00, impact=degradation, method=robust z-score (std-fallback, threshold 3.0))"
2026-05-18,LCAIN12215,LCAIN12215-5,5,Availability,Availability,99.8438,100.0,99.99349166666667,0.03121287016422662,24,Spike,-5.004345937369794,,low,degradation,"robust z-score (std-fallback, threshold 3.0)",Critical,4week_rolling_avg,"KPI spike on last day: value=99.84 vs 24-day median=100.00 (z-score=-5.00, impact=degradation, method=robust z-score (std-fallback, threshold 3.0))"
2026-05-18,LCAIN12215,LCAIN12215-6,6,Availability,Availability,99.8438,100.0,99.99349166666667,0.03121287016422662,24,Spike,-5.004345937369794,,low,degradation,"robust z-score (std-fallback, threshold 3.0)",Critical,4week_rolling_avg,"KPI spike on last day: value=99.84 vs 24-day median=100.00 (z-score=-5.00, impact=degradation, method=robust z-score (std-fallback, threshold 3.0))"
2026-05-18,LCAIN12215,LCAIN12215-7,7,Availability,Availability,99.8438,100.0,99.99349166666667,0.03121287016422662,24,Spike,-5.004345937369794,,low,degradation,"robust z-score (std-fallback, threshold 3.0)",Critical,4week_rolling_avg,"KPI spike on last day: value=99.84 vs 24-day median=100.00 (z-score=-5.00, impact=degradation, method=robust z-score (std-fallback, threshold 3.0))"
2026-05-18,LCAIN12841,LCAIN12841-1,1,Availability,Availability,99.9769,100.0,99.99830833333333,0.004578929702694499,24,Spike,-5.044847049389319,,low,degradation,"robust z-score (std-fallback, threshold 3.0)",Critical,4week_rolling_avg,"KPI spike on last day: value=99.98 vs 24-day median=100.00 (z-score=-5.04, impact=degradation, method=robust z-score (std-fallback, threshold 3.0))"
2026-05-18,LCAIN12841,LCAIN12841-2,2,Availability,Availability,99.9769,100.0,99.99830833333333,0.004578929702694499,24,Spike,-5.044847049389319,,low,degradation,"robust z-score (std-fallback, threshold 3.0)",Critical,4week_rolling_avg,"KPI spike on last day: value=99.98 vs 24-day median=100.00 (z-score=-5.04, impact=degradation, method=robust z-score (std-fallback, threshold 3.0))"
2026-05-18,LCAIN12841,LCAIN12841-3,3,Availability,Availability,99.9769,100.0,99.99830833333333,0.004578929702694499,24,Spike,-5.044847049389319,,low,degradation,"robust z-score (std-fallback, threshold 3.0)",Critical,4week_rolling_avg,"KPI spike on last day: value=99.98 vs 24-day median=100.00 (z-score=-5.04, impact=degradation, method=robust z-score (std-fallback, threshold 3.0))"
2026-05-18,LCAIN12841,LCAIN12841-5,5,Availability,Availability,99.9769,100.0,99.99830833333333,0.004578929702694499,24,Spike,-5.044847049389319,,low,degradation,"robust z-score (std-fallback, threshold 3.0)",Critical,4week_rolling_avg,"KPI spike on last day: value=99.98 vs 24-day median=100.00 (z-score=-5.04, impact=degradation, method=robust z-score (std-fallback, threshold 3.0))"
2026-05-18,LCAIN12841,LCAIN12841-6,6,Availability,Availability,99.9769,100.0,99.99830833333333,0.004578929702694499,24,Spike,-5.044847049389319,,low,degradation,"robust z-score (std-fallback, threshold 3.0)",Critical,4week_rolling_avg,"KPI spike on last day: value=99.98 vs 24-day median=100.00 (z-score=-5.04, impact=degradation, method=robust z-score (std-fallback, threshold 3.0))"
2026-05-18,LCAIN12841,LCAIN12841-7,7,Availability,Availability,99.9769,100.0,99.99830833333333,0.004578929702694499,24,Spike,-5.044847049389319,,low,degradation,"robust z-score (std-fallback, threshold 3.0)",Critical,4week_rolling_avg,"KPI spike on last day: value=99.98 vs 24-day median=100.00 (z-score=-5.04, impact=degradation, method=robust z-score (std-fallback, threshold 3.0))"
2026-05-18,LCAIN10104_Site_149,LCAIN10104-3,3,CSFB KPI,CSFB SR%,101.31,100.0,100.16687083333333,0.46681989521224565,24,Spike,6.0790016849971655,,high,enhancement,"robust z-score (MAD, threshold 3.0)",Critical,4week_rolling_avg,"KPI spike on last day: value=101.31 vs 24-day median=100.00 (z-score=+6.08, impact=enhancement, method=robust z-score (MAD, threshold 3.0))"
2026-05-18,LCAIN10109,LCAIN10109-3,3,CSFB KPI,CSFB SR%,88.8889,100.0,100.17482727272727,0.8011592108154153,22,Spike,-13.868778951803074,,low,degradation,"robust z-score (std-fallback, threshold 3.0)",Critical,4week_rolling_avg,"KPI spike on last day: value=88.89 vs 24-day median=100.00 (z-score=-13.87, impact=degradation, method=robust z-score (std-fallback, threshold 3.0))"
2026-05-18,LCAIN10130_Site_144,LCAIN10130-6,6,CSFB KPI,CSFB SR%,99.4413,100.0,100.02181666666667,0.1046290577336062,24,Spike,-5.3398167975716255,,low,degradation,"robust z-score (std-fallback, threshold 3.0)",Critical,4week_rolling_avg,"KPI spike on last day: value=99.44 vs 24-day median=100.00 (z-score=-5.34, impact=degradation, method=robust z-score (std-fallback, threshold 3.0))"
2026-05-18,LCAIN10350,LCAIN10350-5,5,CSFB KPI,CSFB SR%,100.9732,100.0,100.05467916666665,0.15698141604227783,24,Spike,6.1994599394995005,,high,enhancement,"robust z-score (std-fallback, threshold 3.0)",Critical,4week_rolling_avg,"KPI spike on last day: value=100.97 vs 24-day median=100.00 (z-score=+6.20, impact=enhancement, method=robust z-score (std-fallback, threshold 3.0))"
2026-05-18,LCAIN10446,LCAIN10446-5,5,CSFB KPI,CSFB SR%,103.7321,100.223,100.40942916666665,0.4688170071921868,24,Spike,10.613701901701047,,high,enhancement,"robust z-score (MAD, threshold 3.0)",Critical,4week_rolling_avg,"KPI spike on last day: value=103.73 vs 24-day median=100.22 (z-score=+10.61, impact=enhancement, method=robust z-score (MAD, threshold 3.0))"
2026-05-18,LCAIN10457,LCAIN10457-2,2,CSFB KPI,CSFB SR%,100.8054,100.0,100.07130416666666,0.18115739123564836,24,Spike,9.21517994372225,,high,enhancement,"robust z-score (MAD, threshold 3.0)",Critical,4week_rolling_avg,"KPI spike on last day: value=100.81 vs 24-day median=100.00 (z-score=+9.22, impact=enhancement, method=robust z-score (MAD, threshold 3.0))"
2026-05-18,LCAIN10493,LCAIN10493-5,5,CSFB KPI,CSFB SR%,102.0408,100.0,99.98330833333334,0.33326136504334825,12,Spike,6.1237221414326015,,high,enhancement,"robust z-score (std-fallback, threshold 3.0)",Critical,4week_rolling_avg,"KPI spike on last day: value=102.04 vs 24-day median=100.00 (z-score=+6.12, impact=enhancement, method=robust z-score (std-fallback, threshold 3.0))"
2026-05-18,LCAIN10495,LCAIN10495-3,3,CSFB KPI,CSFB SR%,102.0833,100.16499999999999,100.2539875,0.4049624924118476,24,Spike,7.091672369985657,,high,enhancement,"robust z-score (MAD, threshold 3.0)",Critical,4week_rolling_avg,"KPI spike on last day: value=102.08 vs 24-day median=100.16 (z-score=+7.09, impact=enhancement, method=robust z-score (MAD, threshold 3.0))"
2026-05-18,LCAIN10499,LCAIN10499-6,6,CSFB KPI,CSFB SR%,100.5839,100.06354999999999,100.21030416666667,0.30937718009894105,24,Spike,5.522757933810467,,high,enhancement,"robust z-score (MAD, threshold 3.0)",Critical,4week_rolling_avg,"KPI spike on last day: value=100.58 vs 24-day median=100.06 (z-score=+5.52, impact=enhancement, method=robust z-score (MAD, threshold 3.0))"
2026-05-18,LCAIN10582,LCAIN10582-3,3,CSFB KPI,CSFB SR%,103.7037,100.0,100.07093333333334,0.5782188899735308,24,Spike,6.405359742172282,,high,enhancement,"robust z-score (std-fallback, threshold 3.0)",Critical,4week_rolling_avg,"KPI spike on last day: value=103.70 vs 24-day median=100.00 (z-score=+6.41, impact=enhancement, method=robust z-score (std-fallback, threshold 3.0))"
2026-05-18,LCAIN10691,LCAIN10691-7,7,CSFB KPI,CSFB SR%,101.4572,100.0,99.97263333333332,0.1917872425081732,24,Spike,11.949762124124883,,high,enhancement,"robust z-score (MAD, threshold 3.0)",Critical,4week_rolling_avg,"KPI spike on last day: value=101.46 vs 24-day median=100.00 (z-score=+11.95, impact=enhancement, method=robust z-score (MAD, threshold 3.0))"
2026-05-18,LCAIN10753,LCAIN10753-7,7,CSFB KPI,CSFB SR%,102.8571,100.0,100.21831250000001,0.528847798924308,24,Spike,5.402499558117531,,high,enhancement,"robust z-score (std-fallback, threshold 3.0)",Critical,4week_rolling_avg,"KPI spike on last day: value=102.86 vs 24-day median=100.00 (z-score=+5.40, impact=enhancement, method=robust z-score (std-fallback, threshold 3.0))"
2026-05-18,LCAIN10859,LCAIN10859-2,2,CSFB KPI,CSFB SR%,102.4194,100.0,100.48242916666668,1.2805313153398379,24,Spike,6.62550931172426,,high,enhancement,"robust z-score (MAD, threshold 3.0)",Critical,4week_rolling_avg,"KPI spike on last day: value=102.42 vs 24-day median=100.00 (z-score=+6.63, impact=enhancement, method=robust z-score (MAD, threshold 3.0))"
2026-05-18,LCAIN10985,LCAIN10985-5,5,CSFB KPI,CSFB SR%,98.0263,100.0,100.07698749999999,0.20541453679592278,24,Spike,-9.608375486886034,,low,degradation,"robust z-score (std-fallback, threshold 3.0)",Critical,4week_rolling_avg,"KPI spike on last day: value=98.03 vs 24-day median=100.00 (z-score=-9.61, impact=degradation, method=robust z-score (std-fallback, threshold 3.0))"
2026-05-18,LCAIN10990,LCAIN10990-5,5,CSFB KPI,CSFB SR%,103.0864,100.0,100.12293333333332,0.31935682194407816,24,Spike,9.66442483117035,,high,enhancement,"robust z-score (std-fallback, threshold 3.0)",Critical,4week_rolling_avg,"KPI spike on last day: value=103.09 vs 24-day median=100.00 (z-score=+9.66, impact=enhancement, method=robust z-score (std-fallback, threshold 3.0))"
2026-05-18,LCAIN11980,LCAIN11980-7,7,CSFB KPI,CSFB SR%,99.3631,100.0,99.96998571428571,0.10821804613928195,14,Spike,-5.885340040054646,,low,degradation,"robust z-score (std-fallback, threshold 3.0)",Critical,4week_rolling_avg,"KPI spike on last day: value=99.36 vs 24-day median=100.00 (z-score=-5.89, impact=degradation, method=robust z-score (std-fallback, threshold 3.0))"
2026-05-18,LCAIN12058,LCAIN12058-1,1,CSFB KPI,CSFB SR%,105.8824,100.0,100.10964999999999,0.5258629265312409,24,Spike,11.18618503647364,,high,enhancement,"robust z-score (std-fallback, threshold 3.0)",Critical,4week_rolling_avg,"KPI spike on last day: value=105.88 vs 24-day median=100.00 (z-score=+11.19, impact=enhancement, method=robust z-score (std-fallback, threshold 3.0))"
2026-05-18,LCAIN12265,LCAIN12265-3,3,CSFB KPI,CSFB SR%,98.6486,100.0,99.9388,0.2596496100517012,19,Spike,-5.204706449321872,,low,degradation,"robust z-score (std-fallback, threshold 3.0)",Critical,4week_rolling_avg,"KPI spike on last day: value=98.65 vs 24-day median=100.00 (z-score=-5.20, impact=degradation, method=robust z-score (std-fallback, threshold 3.0))"
2026-05-18,LCAIN12508,LCAIN12508-1,1,CSFB KPI,CSFB SR%,101.2821,100.0,100.3523875,0.7240732923954698,24,Spike,5.794067689949282,,high,enhancement,"robust z-score (MAD, threshold 3.0)",Critical,4week_rolling_avg,"KPI spike on last day: value=101.28 vs 24-day median=100.00 (z-score=+5.79, impact=enhancement, method=robust z-score (MAD, threshold 3.0))"
2026-05-18,LCAIN12570,LCAIN12570-7,7,CSFB KPI,CSFB SR%,100.8658,100.0,100.02641249999999,0.28925412747343204,24,Spike,5.3847312084356265,,high,enhancement,"robust z-score (MAD, threshold 3.0)",Critical,4week_rolling_avg,"KPI spike on last day: value=100.87 vs 24-day median=100.00 (z-score=+5.38, impact=enhancement, method=robust z-score (MAD, threshold 3.0))"
2026-05-18,LCAIN12582,LCAIN12582-5,5,CSFB KPI,CSFB SR%,97.541,100.0,99.91134583333333,0.4251704471730206,24,Spike,-5.783562842502381,,low,degradation,"robust z-score (std-fallback, threshold 3.0)",Critical,4week_rolling_avg,"KPI spike on last day: value=97.54 vs 24-day median=100.00 (z-score=-5.78, impact=degradation, method=robust z-score (std-fallback, threshold 3.0))"
2026-05-18,LCAIN12891,LCAIN12891-1,1,CSFB KPI,CSFB SR%,108.1081,100.0,100.1068,0.9701894943772575,24,Spike,8.357233351825148,,high,enhancement,"robust z-score (std-fallback, threshold 3.0)",Critical,4week_rolling_avg,"KPI spike on last day: value=108.11 vs 24-day median=100.00 (z-score=+8.36, impact=enhancement, method=robust z-score (std-fallback, threshold 3.0))"
2026-05-18,LCAIN12891,LCAIN12891-5,5,CSFB KPI,CSFB SR%,102.0747,100.0,100.13508333333334,0.2519264834342661,24,Spike,8.235339023185103,,high,enhancement,"robust z-score (std-fallback, threshold 3.0)",Critical,4week_rolling_avg,"KPI spike on last day: value=102.07 vs 24-day median=100.00 (z-score=+8.24, impact=enhancement, method=robust z-score (std-fallback, threshold 3.0))"
2026-05-18,LCAIN12896,LCAIN12896-3,3,CSFB KPI,CSFB SR%,103.4483,100.0,99.94047499999999,0.28547187142519026,24,Spike,12.079298681108945,,high,enhancement,"robust z-score (std-fallback, threshold 3.0)",Critical,4week_rolling_avg,"KPI spike on last day: value=103.45 vs 24-day median=100.00 (z-score=+12.08, impact=enhancement, method=robust z-score (std-fallback, threshold 3.0))"
2026-05-18,LCAIN12898,LCAIN12898-5,5,CSFB KPI,CSFB SR%,101.8018,100.0,99.99283913043477,0.3244974452088485,23,Spike,5.552586088437001,,high,enhancement,"robust z-score (std-fallback, threshold 3.0)",Critical,4week_rolling_avg,"KPI spike on last day: value=101.80 vs 24-day median=100.00 (z-score=+5.55, impact=enhancement, method=robust z-score (std-fallback, threshold 3.0))"
2026-05-18,LCAIN15458,LCAIN15458-5,5,CSFB KPI,CSFB SR%,100.2741,100.0,99.99444583333333,0.04136098180619145,24,Spike,6.6270187029016165,,high,enhancement,"robust z-score (std-fallback, threshold 3.0)",Critical,4week_rolling_avg,"KPI spike on last day: value=100.27 vs 24-day median=100.00 (z-score=+6.63, impact=enhancement, method=robust z-score (std-fallback, threshold 3.0))"
2026-05-18,LCAIN22701,LCAIN22701-4,4,CSFB KPI,CSFB SR%,103.7736,100.0,100.48800416666667,1.030021813878703,24,Spike,8.755618610116517,,high,enhancement,"robust z-score (MAD, threshold 3.0)",Critical,4week_rolling_avg,"KPI spike on last day: value=103.77 vs 24-day median=100.00 (z-score=+8.76, impact=enhancement, method=robust z-score (MAD, threshold 3.0))"
2026-05-18,LCAIN10112_03-2-12-46,LCAIN10112-6,6,DL Throughput,(HU) User DL Average Throughput (Mbps),24.8375,15.5262,16.8503,3.621062050186982,23,Spike,5.6301083000577545,,high,enhancement,"robust z-score (MAD, threshold 3.0)",Critical,4week_rolling_avg,"KPI spike on last day: value=24.84 vs 24-day median=15.53 (z-score=+5.63, impact=enhancement, method=robust z-score (MAD, threshold 3.0))"
2026-05-18,LCAIN12255,LCAIN12255-3,3,DL Throughput,(HU) User DL Average Throughput (Mbps),21.7403,9.71995,9.802845833333334,1.5717276563756115,24,Spike,7.159674144007848,,high,enhancement,"robust z-score (MAD, threshold 3.0)",Critical,4week_rolling_avg,"KPI spike on last day: value=21.74 vs 24-day median=9.72 (z-score=+7.16, impact=enhancement, method=robust z-score (MAD, threshold 3.0))"
2026-05-18,LCAIN12893,LCAIN12893-3,3,DL Throughput,(HU) User DL Average Throughput (Mbps),14.6382,20.5069,19.901978260869566,1.7954522625006535,23,Spike,-7.769153915878905,,low,degradation,"robust z-score (MAD, threshold 3.0)",Critical,4week_rolling_avg,"KPI spike on last day: value=14.64 vs 24-day median=20.51 (z-score=-7.77, impact=degradation, method=robust z-score (MAD, threshold 3.0))"
2026-05-18,LCAIN16565,LCAIN16565-1,1,DL Throughput,(HU) User DL Average Throughput (Mbps),24.2042,12.9497,13.334499999999997,2.7243521990278396,23,Spike,5.604737339433949,,high,enhancement,"robust z-score (MAD, threshold 3.0)",Critical,4week_rolling_avg,"KPI spike on last day: value=24.20 vs 24-day median=12.95 (z-score=+5.60, impact=enhancement, method=robust z-score (MAD, threshold 3.0))"
2026-05-18,ICAIN12934,ICAIN12934-3,3,DL Traffic,(HU) DL Traffic Volume (GBytes),0.1241,0.0138,0.05935499999999999,0.07197877100228928,20,Spike,8.266258974474272,,high,enhancement,"robust z-score (MAD, threshold 3.0)",Critical,4week_rolling_avg,"KPI spike on last day: value=0.12 vs 24-day median=0.01 (z-score=+8.27, impact=enhancement, method=robust z-score (MAD, threshold 3.0))"
2026-05-18,LCAIN10370,LCAIN10370-6,6,DL Traffic,(HU) DL Traffic Volume (GBytes),18.0798,3.5498,3.716794999999999,2.0958105962789197,20,Spike,5.356846534678834,,high,enhancement,"robust z-score (MAD, threshold 3.0)",Critical,4week_rolling_avg,"KPI spike on last day: value=18.08 vs 24-day median=3.55 (z-score=+5.36, impact=enhancement, method=robust z-score (MAD, threshold 3.0))"
2026-05-18,LCAIN10444,LCAIN10444-7,7,DL Traffic,(HU) DL Traffic Volume (GBytes),21.3514,1.00075,3.5377666666666667,6.045115090830686,24,Spike,71.45406233390096,,high,enhancement,"robust z-score (MAD, threshold 3.0)",Critical,4week_rolling_avg,"KPI spike on last day: value=21.35 vs 24-day median=1.00 (z-score=+71.45, impact=enhancement, method=robust z-score (MAD, threshold 3.0))"
2026-05-18,LCAIN10457,LCAIN10457-6,6,DL Traffic,(HU) DL Traffic Volume (GBytes),17.4796,5.035349999999999,6.103574999999999,3.6219100100695027,24,Spike,6.748025592809926,,high,enhancement,"robust z-score (MAD, threshold 3.0)",Critical,4week_rolling_avg,"KPI spike on last day: value=17.48 vs 24-day median=5.04 (z-score=+6.75, impact=enhancement, method=robust z-score (MAD, threshold 3.0))"
2026-05-18,LCAIN10494,LCAIN10494-7,7,DL Traffic,(HU) DL Traffic Volume (GBytes),16.7232,3.5586,7.6029583333333335,7.846799085503839,24,Spike,8.751196030360797,,high,enhancement,"robust z-score (MAD, threshold 3.0)",Critical,4week_rolling_avg,"KPI spike on last day: value=16.72 vs 24-day median=3.56 (z-score=+8.75, impact=enhancement, method=robust z-score (MAD, threshold 3.0))"
2026-05-18,LCAIN10498,LCAIN10498-6,6,DL Traffic,(HU) DL Traffic Volume (GBytes),29.9517,2.7494500000000004,4.24235,4.371459771822985,24,Spike,38.4768087699952,,high,enhancement,"robust z-score (MAD, threshold 3.0)",Critical,4week_rolling_avg,"KPI spike on last day: value=29.95 vs 24-day median=2.75 (z-score=+38.48, impact=enhancement, method=robust z-score (MAD, threshold 3.0))"
2026-05-18,LCAIN10498,LCAIN10498-7,7,DL Traffic,(HU) DL Traffic Volume (GBytes),184.271,80.35704999999999,82.11232083333333,8.570008530381752,24,Spike,10.771405813124899,,high,enhancement,"robust z-score (MAD, threshold 3.0)",Critical,4week_rolling_avg,"KPI spike on last day: value=184.27 vs 24-day median=80.36 (z-score=+10.77, impact=enhancement, method=robust z-score (MAD, threshold 3.0))"
2026-05-18,LCAIN10510,LCAIN10510-8,8,DL Traffic,(HU) DL Traffic Volume (GBytes),43.0181,12.874300000000002,12.6808,5.173957526014299,20,Spike,7.6297337719568405,,high,enhancement,"robust z-score (MAD, threshold 3.0)",Critical,4week_rolling_avg,"KPI spike on last day: value=43.02 vs 24-day median=12.87 (z-score=+7.63, impact=enhancement, method=robust z-score (MAD, threshold 3.0))"
2026-05-18,LCAIN10585,LCAIN10585-3,3,DL Traffic,(HU) DL Traffic Volume (GBytes),51.2539,16.5462,17.110145833333334,5.705303491998999,24,Spike,9.036699902602084,,high,enhancement,"robust z-score (MAD, threshold 3.0)",Critical,4week_rolling_avg,"KPI spike on last day: value=51.25 vs 24-day median=16.55 (z-score=+9.04, impact=enhancement, method=robust z-score (MAD, threshold 3.0))"
2026-05-18,LCAIN10594,LCAIN10594-7,7,DL Traffic,(HU) DL Traffic Volume (GBytes),25.2313,8.66515,9.192495833333334,3.0176155620620904,24,Spike,6.121912719210604,,high,enhancement,"robust z-score (MAD, threshold 3.0)",Critical,4week_rolling_avg,"KPI spike on last day: value=25.23 vs 24-day median=8.67 (z-score=+6.12, impact=enhancement, method=robust z-score (MAD, threshold 3.0))"
2026-05-18,LCAIN10650_Site_0650,LCAIN10650-1,1,DL Traffic,(HU) DL Traffic Volume (GBytes),19.3204,9.3002,10.218654166666665,3.9192789824765777,24,Spike,5.0367271364961645,,high,enhancement,"robust z-score (MAD, threshold 3.0)",Critical,4week_rolling_avg,"KPI spike on last day: value=19.32 vs 24-day median=9.30 (z-score=+5.04, impact=enhancement, method=robust z-score (MAD, threshold 3.0))"
2026-05-18,LCAIN10692,LCAIN10692-3,3,DL Traffic,(HU) DL Traffic Volume (GBytes),1.3162,0.05595,0.37356249999999996,0.6309460666415289,24,Spike,15.192618045225721,,high,enhancement,"robust z-score (MAD, threshold 3.0)",Critical,4week_rolling_avg,"KPI spike on last day: value=1.32 vs 24-day median=0.06 (z-score=+15.19, impact=enhancement, method=robust z-score (MAD, threshold 3.0))"
2026-05-18,LCAIN10693,LCAIN10693-6,6,DL Traffic,(HU) DL Traffic Volume (GBytes),10.9563,2.9165,3.1185833333333335,1.4868323537156283,24,Spike,6.98450645033479,,high,enhancement,"robust z-score (MAD, threshold 3.0)",Critical,4week_rolling_avg,"KPI spike on last day: value=10.96 vs 24-day median=2.92 (z-score=+6.98, impact=enhancement, method=robust z-score (MAD, threshold 3.0))"
2026-05-18,LCAIN10734,LCAIN10734-7,7,DL Traffic,(HU) DL Traffic Volume (GBytes),8.6475,3.22375,3.675383333333333,1.9313551905908513,24,Spike,6.95488451846233,,high,enhancement,"robust z-score (MAD, threshold 3.0)",Critical,4week_rolling_avg,"KPI spike on last day: value=8.65 vs 24-day median=3.22 (z-score=+6.95, impact=enhancement, method=robust z-score (MAD, threshold 3.0))"
2026-05-18,LCAIN10764,LCAIN10764-2,2,DL Traffic,(HU) DL Traffic Volume (GBytes),37.3245,3.7933000000000003,5.50001,6.097914854021824,20,Spike,10.661112734119733,,high,enhancement,"robust z-score (MAD, threshold 3.0)",Critical,4week_rolling_avg,"KPI spike on last day: value=37.32 vs 24-day median=3.79 (z-score=+10.66, impact=enhancement, method=robust z-score (MAD, threshold 3.0))"
2026-05-18,LCAIN10855,LCAIN10855-3,3,DL Traffic,(HU) DL Traffic Volume (GBytes),0.1761,0.00945,0.042213636363636356,0.08734559517152407,22,Spike,13.302234919144926,,high,enhancement,"robust z-score (MAD, threshold 3.0)",Critical,4week_rolling_avg,"KPI spike on last day: value=0.18 vs 24-day median=0.01 (z-score=+13.30, impact=enhancement, method=robust z-score (MAD, threshold 3.0))"
2026-05-18,LCAIN10971,LCAIN10971-3,3,DL Traffic,(HU) DL Traffic Volume (GBytes),31.7311,6.69555,7.542158333333333,4.733749365717471,24,Spike,7.202493978850192,,high,enhancement,"robust z-score (MAD, threshold 3.0)",Critical,4week_rolling_avg,"KPI spike on last day: value=31.73 vs 24-day median=6.70 (z-score=+7.20, impact=enhancement, method=robust z-score (MAD, threshold 3.0))"
2026-05-18,LCAIN11651,LCAIN11651-3,3,DL Traffic,(HU) DL Traffic Volume (GBytes),16.2603,2.3419,2.8552416666666667,2.0735391192589594,24,Spike,9.838432390168775,,high,enhancement,"robust z-score (MAD, threshold 3.0)",Critical,4week_rolling_avg,"KPI spike on last day: value=16.26 vs 24-day median=2.34 (z-score=+9.84, impact=enhancement, method=robust z-score (MAD, threshold 3.0))"
2026-05-18,LCAIN12223,LCAIN12223-2,2,DL Traffic,(HU) DL Traffic Volume (GBytes),2.327,0.35865,1.640666666666667,3.0335199669232806,24,Spike,5.166895841275564,,high,enhancement,"robust z-score (MAD, threshold 3.0)",Critical,4week_rolling_avg,"KPI spike on last day: value=2.33 vs 24-day median=0.36 (z-score=+5.17, impact=enhancement, method=robust z-score (MAD, threshold 3.0))"
2026-05-18,LCAIN12250,LCAIN12250-6,6,DL Traffic,(HU) DL Traffic Volume (GBytes),15.4266,7.53565,8.123204166666666,3.962128806428766,24,Spike,7.615901636247889,,high,enhancement,"robust z-score (MAD, threshold 3.0)",Critical,4week_rolling_avg,"KPI spike on last day: value=15.43 vs 24-day median=7.54 (z-score=+7.62, impact=enhancement, method=robust z-score (MAD, threshold 3.0))"
2026-05-18,LCAIN12262,LCAIN12262-3,3,DL Traffic,(HU) DL Traffic Volume (GBytes),0.9204,0.1427,0.3732875,1.0079017508800565,24,Spike,11.800932815409407,,high,enhancement,"robust z-score (MAD, threshold 3.0)",Critical,4week_rolling_avg,"KPI spike on last day: value=0.92 vs 24-day median=0.14 (z-score=+11.80, impact=enhancement, method=robust z-score (MAD, threshold 3.0))"
2026-05-18,LCAIN12461,LCAIN12461-1,1,DL Traffic,(HU) DL Traffic Volume (GBytes),31.7513,4.5444,5.726978260869566,4.309707024033731,23,Spike,14.807393402730389,,high,enhancement,"robust z-score (MAD, threshold 3.0)",Critical,4week_rolling_avg,"KPI spike on last day: value=31.75 vs 24-day median=4.54 (z-score=+14.81, impact=enhancement, method=robust z-score (MAD, threshold 3.0))"
2026-05-18,LCAIN12461,LCAIN12461-2,2,DL Traffic,(HU) DL Traffic Volume (GBytes),7.4647,0.6591,1.140791304347826,1.1239685075709827,23,Spike,9.651628075470807,,high,enhancement,"robust z-score (MAD, threshold 3.0)",Critical,4week_rolling_avg,"KPI spike on last day: value=7.46 vs 24-day median=0.66 (z-score=+9.65, impact=enhancement, method=robust z-score (MAD, threshold 3.0))"
2026-05-18,LCAIN12461,LCAIN12461-3,3,DL Traffic,(HU) DL Traffic Volume (GBytes),3.3551,0.3253,0.6570565217391305,0.778449994387446,23,Spike,10.362941699098318,,high,enhancement,"robust z-score (MAD, threshold 3.0)",Critical,4week_rolling_avg,"KPI spike on last day: value=3.36 vs 24-day median=0.33 (z-score=+10.36, impact=enhancement, method=robust z-score (MAD, threshold 3.0))"
2026-05-18,LCAIN12461,LCAIN12461-5,5,DL Traffic,(HU) DL Traffic Volume (GBytes),19.8067,4.7668,6.141939130434783,4.202425032385068,23,Spike,5.71927246628632,,high,enhancement,"robust z-score (MAD, threshold 3.0)",Critical,4week_rolling_avg,"KPI spike on last day: value=19.81 vs 24-day median=4.77 (z-score=+5.72, impact=enhancement, method=robust z-score (MAD, threshold 3.0))"
2026-05-18,LCAIN12461,LCAIN12461-6,6,DL Traffic,(HU) DL Traffic Volume (GBytes),3.2391,0.6561,0.9003869565217393,0.776545354258959,23,Spike,7.991787301504795,,high,enhancement,"robust z-score (MAD, threshold 3.0)",Critical,4week_rolling_avg,"KPI spike on last day: value=3.24 vs 24-day median=0.66 (z-score=+7.99, impact=enhancement, method=robust z-score (MAD, threshold 3.0))"
2026-05-18,LCAIN12591,LCAIN12591-3,3,DL Traffic,(HU) DL Traffic Volume (GBytes),18.8467,5.0301,6.533929166666667,3.7944338452834616,24,Spike,5.972486318700499,,high,enhancement,"robust z-score (MAD, threshold 3.0)",Critical,4week_rolling_avg,"KPI spike on last day: value=18.85 vs 24-day median=5.03 (z-score=+5.97, impact=enhancement, method=robust z-score (MAD, threshold 3.0))"
2026-05-18,LCAIN12840,LCAIN12840-1,1,DL Traffic,(HU) DL Traffic Volume (GBytes),13.7239,2.9279,2.9279,,1,Spike,,368.7284401789678,high,enhancement,"%change (1-week, threshold 50.0%)",Critical,4week_rolling_avg,"KPI spike on last day: value=13.72 vs historical value=2.93 (change=+368.7%, impact=enhancement, method=%change (1-week, threshold 50.0%))"
2026-05-18,LCAIN12840,LCAIN12840-2,2,DL Traffic,(HU) DL Traffic Volume (GBytes),13.717,6.2569,6.2569,,1,Spike,,119.22997011299526,high,enhancement,"%change (1-week, threshold 50.0%)",Critical,4week_rolling_avg,"KPI spike on last day: value=13.72 vs historical value=6.26 (change=+119.2%, impact=enhancement, method=%change (1-week, threshold 50.0%))"
2026-05-18,LCAIN12840,LCAIN12840-3,3,DL Traffic,(HU) DL Traffic Volume (GBytes),27.8242,8.8622,8.8622,,1,Spike,,213.9649297014286,high,enhancement,"%change (1-week, threshold 50.0%)",Critical,4week_rolling_avg,"KPI spike on last day: value=27.82 vs historical value=8.86 (change=+214.0%, impact=enhancement, method=%change (1-week, threshold 50.0%))"
2026-05-18,LCAIN12840,LCAIN12840-5,5,DL Traffic,(HU) DL Traffic Volume (GBytes),27.608,7.2671,7.2671,,1,Spike,,279.9039506818401,high,enhancement,"%change (1-week, threshold 50.0%)",Critical,4week_rolling_avg,"KPI spike on last day: value=27.61 vs historical value=7.27 (change=+279.9%, impact=enhancement, method=%change (1-week, threshold 50.0%))"
2026-05-18,LCAIN12840,LCAIN12840-6,6,DL Traffic,(HU) DL Traffic Volume (GBytes),40.0438,13.1491,13.1491,,1,Spike,,204.53643215124987,high,enhancement,"%change (1-week, threshold 50.0%)",Critical,4week_rolling_avg,"KPI spike on last day: value=40.04 vs historical value=13.15 (change=+204.5%, impact=enhancement, method=%change (1-week, threshold 50.0%))"
2026-05-18,LCAIN12840,LCAIN12840-7,7,DL Traffic,(HU) DL Traffic Volume (GBytes),26.1302,9.6736,9.6736,,1,Spike,,170.11867350314253,high,enhancement,"%change (1-week, threshold 50.0%)",Critical,4week_rolling_avg,"KPI spike on last day: value=26.13 vs historical value=9.67 (change=+170.1%, impact=enhancement, method=%change (1-week, threshold 50.0%))"
2026-05-18,LCAIN12891,LCAIN12891-2,2,DL Traffic,(HU) DL Traffic Volume (GBytes),2.2037,0.10135,1.6422625000000002,2.8045654520520196,24,Spike,20.761576108134992,,high,enhancement,"robust z-score (MAD, threshold 3.0)",Critical,4week_rolling_avg,"KPI spike on last day: value=2.20 vs 24-day median=0.10 (z-score=+20.76, impact=enhancement, method=robust z-score (MAD, threshold 3.0))"
2026-05-18,LCAIN12896,LCAIN12896-6,6,DL Traffic,(HU) DL Traffic Volume (GBytes),34.0327,16.2922,19.972025,9.39271112295992,24,Spike,6.454917501547963,,high,enhancement,"robust z-score (MAD, threshold 3.0)",Critical,4week_rolling_avg,"KPI spike on last day: value=34.03 vs 24-day median=16.29 (z-score=+6.45, impact=enhancement, method=robust z-score (MAD, threshold 3.0))"
2026-05-18,LCAIN12901,LCAIN12901-1,1,DL Traffic,(HU) DL Traffic Volume (GBytes),13.2174,1.3664,1.7513666666666667,1.714287142582077,24,Spike,12.532753199368345,,high,enhancement,"robust z-score (MAD, threshold 3.0)",Critical,4week_rolling_avg,"KPI spike on last day: value=13.22 vs 24-day median=1.37 (z-score=+12.53, impact=enhancement, method=robust z-score (MAD, threshold 3.0))"
2026-05-18,LCAIN12930,LCAIN12930-6,6,DL Traffic,(HU) DL Traffic Volume (GBytes),64.4265,20.40775,25.24973888888889,10.871783571456836,18,Spike,7.985111107178307,,high,enhancement,"robust z-score (MAD, threshold 3.0)",Critical,4week_rolling_avg,"KPI spike on last day: value=64.43 vs 24-day median=20.41 (z-score=+7.99, impact=enhancement, method=robust z-score (MAD, threshold 3.0))"
2026-05-18,LCAIN13991,LCAIN13991-5,5,DL Traffic,(HU) DL Traffic Volume (GBytes),6.2632,0.8766499999999999,1.0515999999999999,0.6688910985105623,24,Spike,15.336336852928051,,high,enhancement,"robust z-score (MAD, threshold 3.0)",Critical,4week_rolling_avg,"KPI spike on last day: value=6.26 vs 24-day median=0.88 (z-score=+15.34, impact=enhancement, method=robust z-score (MAD, threshold 3.0))"
2026-05-18,LCAIN22701,LCAIN22701-7,7,DL Traffic,(HU) DL Traffic Volume (GBytes),51.9979,35.530249999999995,33.58144166666667,5.99050645409862,24,Spike,5.317794683436952,,high,enhancement,"robust z-score (MAD, threshold 3.0)",Critical,4week_rolling_avg,"KPI spike on last day: value=52.00 vs 24-day median=35.53 (z-score=+5.32, impact=enhancement, method=robust z-score (MAD, threshold 3.0))"
2026-05-18,ICAIN12934,ICAIN12934-1,1,E-RAB Drop Rate,E-RAB Drop Rate (E-NodeB + MME) %,4.2105,0.46885,0.56558,0.5673903176826337,20,Spike,12.362029636030382,,high,degradation,"robust z-score (MAD, threshold 3.0)",Critical,4week_rolling_avg,"KPI spike on last day: value=4.21 vs 24-day median=0.47 (z-score=+12.36, impact=degradation, method=robust z-score (MAD, threshold 3.0))"
2026-05-18,ICAIN12934,ICAIN12934-3,3,E-RAB Drop Rate,E-RAB Drop Rate (E-NodeB + MME) %,0.0,2.0423,2.24419,2.267310600667672,20,Zero,,-100.0,zero,degradation,Zero Detection,Critical,4week_rolling_avg,"KPI dropped to 0 on last day (24-day historical median: 2.04, 12/20 days were non-zero in 24-day lookback)"
2026-05-18,LCAIN10134_03-1-30-301,LCAIN10134-2,2,E-RAB Drop Rate,E-RAB Drop Rate (E-NodeB + MME) %,1.7658,0.68645,0.7187416666666667,0.15336154156292106,24,Spike,6.669826855163197,,high,degradation,"robust z-score (MAD, threshold 3.0)",Critical,4week_rolling_avg,"KPI spike on last day: value=1.77 vs 24-day median=0.69 (z-score=+6.67, impact=degradation, method=robust z-score (MAD, threshold 3.0))"
2026-05-18,LCAIN10369,LCAIN10369-1,1,E-RAB Drop Rate,E-RAB Drop Rate (E-NodeB + MME) %,0.0,4.9510000000000005,5.5983875,3.4386800038086927,24,Zero,,-100.0,zero,degradation,Zero Detection,Critical,4week_rolling_avg,"KPI dropped to 0 on last day (24-day historical median: 4.95, 24/24 days were non-zero in 24-day lookback)"
2026-05-18,LCAIN10370,LCAIN10370-3,3,E-RAB Drop Rate,E-RAB Drop Rate (E-NodeB + MME) %,0.6452,0.145,0.2457421052631579,0.2523342735253534,19,Spike,5.424120223315,,high,degradation,"robust z-score (MAD, threshold 3.0)",Critical,4week_rolling_avg,"KPI spike on last day: value=0.65 vs 24-day median=0.14 (z-score=+5.42, impact=degradation, method=robust z-score (MAD, threshold 3.0))"
2026-05-18,LCAIN10457,LCAIN10457-3,3,E-RAB Drop Rate,E-RAB Drop Rate (E-NodeB + MME) %,0.8778,0.4309,0.4341875,0.12280770643740835,24,Spike,5.703498967078342,,high,degradation,"robust z-score (MAD, threshold 3.0)",Critical,4week_rolling_avg,"KPI spike on last day: value=0.88 vs 24-day median=0.43 (z-score=+5.70, impact=degradation, method=robust z-score (MAD, threshold 3.0))"
2026-05-18,LCAIN10457,LCAIN10457-7,7,E-RAB Drop Rate,E-RAB Drop Rate (E-NodeB + MME) %,0.6804,0.29974999999999996,0.3171083333333333,0.09367598374479745,24,Spike,7.034107057390849,,high,degradation,"robust z-score (MAD, threshold 3.0)",Critical,4week_rolling_avg,"KPI spike on last day: value=0.68 vs 24-day median=0.30 (z-score=+7.03, impact=degradation, method=robust z-score (MAD, threshold 3.0))"
2026-05-18,LCAIN10494,LCAIN10494-7,7,E-RAB Drop Rate,E-RAB Drop Rate (E-NodeB + MME) %,2.5973,0.4781,0.6051958333333333,0.48823091060068313,24,Spike,9.032422227379465,,high,degradation,"robust z-score (MAD, threshold 3.0)",Critical,4week_rolling_avg,"KPI spike on last day: value=2.60 vs 24-day median=0.48 (z-score=+9.03, impact=degradation, method=robust z-score (MAD, threshold 3.0))"
2026-05-18,LCAIN10496,LCAIN10496-5,5,E-RAB Drop Rate,E-RAB Drop Rate (E-NodeB + MME) %,1.3488,0.6977500000000001,0.6672291666666667,0.11726943861313097,24,Spike,6.023692852636998,,high,degradation,"robust z-score (MAD, threshold 3.0)",Critical,4week_rolling_avg,"KPI spike on last day: value=1.35 vs 24-day median=0.70 (z-score=+6.02, impact=degradation, method=robust z-score (MAD, threshold 3.0))"
2026-05-18,LCAIN10498,LCAIN10498-2,2,E-RAB Drop Rate,E-RAB Drop Rate (E-NodeB + MME) %,1.3514,0.09455,0.31725833333333325,0.6584979023736944,24,Spike,8.965983194586554,,high,degradation,"robust z-score (MAD, threshold 3.0)",Critical,4week_rolling_avg,"KPI spike on last day: value=1.35 vs 24-day median=0.09 (z-score=+8.97, impact=degradation, method=robust z-score (MAD, threshold 3.0))"
2026-05-18,LCAIN10545_Cow -Tagamo5,LCAIN10545-3,3,E-RAB Drop Rate,E-RAB Drop Rate (E-NodeB + MME) %,2.8258,1.9585,1.9430133333333333,0.21671861900220343,15,Spike,6.9724175887252935,,high,degradation,"robust z-score (MAD, threshold 3.0)",Critical,4week_rolling_avg,"KPI spike on last day: value=2.83 vs 24-day median=1.96 (z-score=+6.97, impact=degradation, method=robust z-score (MAD, threshold 3.0))"
2026-05-18,LCAIN10855,LCAIN10855-3,3,E-RAB Drop Rate,E-RAB Drop Rate (E-NodeB + MME) %,0.0,2.0204,2.7496363636363634,2.3489122760324337,22,Zero,,-100.0,zero,degradation,Zero Detection,Critical,4week_rolling_avg,"KPI dropped to 0 on last day (24-day historical median: 2.02, 17/22 days were non-zero in 24-day lookback)"
2026-05-18,LCAIN11826,LCAIN11826-7,7,E-RAB Drop Rate,E-RAB Drop Rate (E-NodeB + MME) %,3.6213,2.2939,2.3104375000000004,0.29585053350819457,24,Spike,5.576574488503482,,high,degradation,"robust z-score (MAD, threshold 3.0)",Critical,4week_rolling_avg,"KPI spike on last day: value=3.62 vs 24-day median=2.29 (z-score=+5.58, impact=degradation, method=robust z-score (MAD, threshold 3.0))"
2026-05-18,LCAIN12312,LCAIN12312-5,5,E-RAB Drop Rate,E-RAB Drop Rate (E-NodeB + MME) %,1.1058,0.51705,0.49184999999999995,0.11056671063208853,24,Spike,6.058069178365302,,high,degradation,"robust z-score (MAD, threshold 3.0)",Critical,4week_rolling_avg,"KPI spike on last day: value=1.11 vs 24-day median=0.52 (z-score=+6.06, impact=degradation, method=robust z-score (MAD, threshold 3.0))"
2026-05-18,LCAIN12582,LCAIN12582-7,7,E-RAB Drop Rate,E-RAB Drop Rate (E-NodeB + MME) %,1.1248,0.4294,0.42451250000000007,0.06892242808948333,24,Spike,8.606254571376594,,high,degradation,"robust z-score (MAD, threshold 3.0)",Critical,4week_rolling_avg,"KPI spike on last day: value=1.12 vs 24-day median=0.43 (z-score=+8.61, impact=degradation, method=robust z-score (MAD, threshold 3.0))"
2026-05-18,LCAIN12899,LCAIN12899-7,7,E-RAB Drop Rate,E-RAB Drop Rate (E-NodeB + MME) %,1.5323,0.89015,0.9000125,0.11728594087563665,24,Spike,5.868892157153054,,high,degradation,"robust z-score (MAD, threshold 3.0)",Critical,4week_rolling_avg,"KPI spike on last day: value=1.53 vs 24-day median=0.89 (z-score=+5.87, impact=degradation, method=robust z-score (MAD, threshold 3.0))"
2026-05-18,LCAIN10112_03-2-12-46,LCAIN10112-2,2,ERAB Setup SR,ERAB Setup Success Rate,86.4639,99.9155,99.71150869565216,0.6458021610592013,23,Spike,-440.435917484508,,low,degradation,"robust z-score (MAD, threshold 3.0)",Critical,4week_rolling_avg,"KPI spike on last day: value=86.46 vs 24-day median=99.92 (z-score=-440.44, impact=degradation, method=robust z-score (MAD, threshold 3.0))"
2026-05-18,LCAIN10112_03-2-12-46,LCAIN10112-3,3,ERAB Setup SR,ERAB Setup Success Rate,89.5137,99.9323,99.83293478260869,0.35091858539094056,23,Spike,-450.4647068384632,,low,degradation,"robust z-score (MAD, threshold 3.0)",Critical,4week_rolling_avg,"KPI spike on last day: value=89.51 vs 24-day median=99.93 (z-score=-450.46, impact=degradation, method=robust z-score (MAD, threshold 3.0))"
2026-05-18,LCAIN10112_03-2-12-46,LCAIN10112-5,5,ERAB Setup SR,ERAB Setup Success Rate,99.3299,99.9676,99.89484347826087,0.3210254179643807,23,Spike,-36.144769522505975,,low,degradation,"robust z-score (MAD, threshold 3.0)",Critical,4week_rolling_avg,"KPI spike on last day: value=99.33 vs 24-day median=99.97 (z-score=-36.14, impact=degradation, method=robust z-score (MAD, threshold 3.0))"
2026-05-18,LCAIN10112_03-2-12-46,LCAIN10112-6,6,ERAB Setup SR,ERAB Setup Success Rate,98.4069,99.9615,99.78747826086956,0.5719601467999418,23,Spike,-94.46516528670402,,low,degradation,"robust z-score (MAD, threshold 3.0)",Critical,4week_rolling_avg,"KPI spike on last day: value=98.41 vs 24-day median=99.96 (z-score=-94.47, impact=degradation, method=robust z-score (MAD, threshold 3.0))"
2026-05-18,LCAIN10112_03-2-12-46,LCAIN10112-7,7,ERAB Setup SR,ERAB Setup Success Rate,97.0434,99.9559,99.90667826086955,0.1681241594943184,23,Spike,-67.97419851124867,,low,degradation,"robust z-score (MAD, threshold 3.0)",Critical,4week_rolling_avg,"KPI spike on last day: value=97.04 vs 24-day median=99.96 (z-score=-67.97, impact=degradation, method=robust z-score (MAD, threshold 3.0))"
2026-05-18,LCAIN10129_Site_143,LCAIN10129-2,2,ERAB Setup SR,ERAB Setup Success Rate,97.9723,99.7762,99.54519166666667,0.6155949411725413,24,Spike,-10.093022654665168,,low,degradation,"robust z-score (MAD, threshold 3.0)",Critical,4week_rolling_avg,"KPI spike on last day: value=97.97 vs 24-day median=99.78 (z-score=-10.09, impact=degradation, method=robust z-score (MAD, threshold 3.0))"
2026-05-18,LCAIN10369,LCAIN10369-1,1,ERAB Setup SR,ERAB Setup Success Rate,90.9091,99.3198,96.22210416666667,9.948645981216035,24,Spike,-8.340105014304335,,low,degradation,"robust z-score (MAD, threshold 3.0)",Critical,4week_rolling_avg,"KPI spike on last day: value=90.91 vs 24-day median=99.32 (z-score=-8.34, impact=degradation, method=robust z-score (MAD, threshold 3.0))"
2026-05-18,LCAIN10369,LCAIN10369-2,2,ERAB Setup SR,ERAB Setup Success Rate,95.7055,99.19045,98.76734583333332,1.2643644345345886,24,Spike,-12.277704738772105,,low,degradation,"robust z-score (MAD, threshold 3.0)",Critical,4week_rolling_avg,"KPI spike on last day: value=95.71 vs 24-day median=99.19 (z-score=-12.28, impact=degradation, method=robust z-score (MAD, threshold 3.0))"
2026-05-18,LCAIN10369,LCAIN10369-3,3,ERAB Setup SR,ERAB Setup Success Rate,76.1905,99.75614999999999,99.64700416666666,0.4033401774341846,24,Spike,-268.94776930723333,,low,degradation,"robust z-score (MAD, threshold 3.0)",Critical,4week_rolling_avg,"KPI spike on last day: value=76.19 vs 24-day median=99.76 (z-score=-268.95, impact=degradation, method=robust z-score (MAD, threshold 3.0))"
2026-05-18,LCAIN10369,LCAIN10369-5,5,ERAB Setup SR,ERAB Setup Success Rate,97.9798,99.9176,99.86193333333334,0.17230368942332364,24,Spike,-23.444451905177864,,low,degradation,"robust z-score (MAD, threshold 3.0)",Critical,4week_rolling_avg,"KPI spike on last day: value=97.98 vs 24-day median=99.92 (z-score=-23.44, impact=degradation, method=robust z-score (MAD, threshold 3.0))"
2026-05-18,LCAIN10369,LCAIN10369-6,6,ERAB Setup SR,ERAB Setup Success Rate,96.0563,99.8375,99.76226250000002,0.3049565553928697,24,Spike,-76.24467742100926,,low,degradation,"robust z-score (MAD, threshold 3.0)",Critical,4week_rolling_avg,"KPI spike on last day: value=96.06 vs 24-day median=99.84 (z-score=-76.24, impact=degradation, method=robust z-score (MAD, threshold 3.0))"
2026-05-18,LCAIN10369,LCAIN10369-7,7,ERAB Setup SR,ERAB Setup Success Rate,93.5011,99.82265000000001,99.78167499999999,0.1486738551606605,24,Spike,-98.01901288666244,,low,degradation,"robust z-score (MAD, threshold 3.0)",Critical,4week_rolling_avg,"KPI spike on last day: value=93.50 vs 24-day median=99.82 (z-score=-98.02, impact=degradation, method=robust z-score (MAD, threshold 3.0))"
2026-05-18,LCAIN10458,LCAIN10458-1,1,ERAB Setup SR,ERAB Setup Success Rate,95.7705,99.9288,99.80511249999999,0.5096767548427965,24,Spike,-177.51486867930475,,low,degradation,"robust z-score (MAD, threshold 3.0)",Critical,4week_rolling_avg,"KPI spike on last day: value=95.77 vs 24-day median=99.93 (z-score=-177.51, impact=degradation, method=robust z-score (MAD, threshold 3.0))"
2026-05-18,LCAIN10458,LCAIN10458-2,2,ERAB Setup SR,ERAB Setup Success Rate,96.6993,99.8575,99.47561666666667,1.5805217626537846,24,Spike,-50.778944376138064,,low,degradation,"robust z-score (MAD, threshold 3.0)",Critical,4week_rolling_avg,"KPI spike on last day: value=96.70 vs 24-day median=99.86 (z-score=-50.78, impact=degradation, method=robust z-score (MAD, threshold 3.0))"
2026-05-18,LCAIN10458,LCAIN10458-3,3,ERAB Setup SR,ERAB Setup Success Rate,97.8025,99.952,99.8838625,0.2348531417228295,24,Spike,-70.89574021981292,,low,degradation,"robust z-score (MAD, threshold 3.0)",Critical,4week_rolling_avg,"KPI spike on last day: value=97.80 vs 24-day median=99.95 (z-score=-70.90, impact=degradation, method=robust z-score (MAD, threshold 3.0))"
2026-05-18,LCAIN10458,LCAIN10458-5,5,ERAB Setup SR,ERAB Setup Success Rate,99.2355,99.8934,99.86132083333332,0.11831704575407659,24,Spike,-21.48898163001116,,low,degradation,"robust z-score (MAD, threshold 3.0)",Critical,4week_rolling_avg,"KPI spike on last day: value=99.24 vs 24-day median=99.89 (z-score=-21.49, impact=degradation, method=robust z-score (MAD, threshold 3.0))"
2026-05-18,LCAIN10458,LCAIN10458-6,6,ERAB Setup SR,ERAB Setup Success Rate,99.3334,99.9547,99.914225,0.1267541690635859,24,Spike,-26.273423753159996,,low,degradation,"robust z-score (MAD, threshold 3.0)",Critical,4week_rolling_avg,"KPI spike on last day: value=99.33 vs 24-day median=99.95 (z-score=-26.27, impact=degradation, method=robust z-score (MAD, threshold 3.0))"
2026-05-18,LCAIN10458,LCAIN10458-7,7,ERAB Setup SR,ERAB Setup Success Rate,98.9916,99.9305,99.88369166666666,0.1257386208127359,24,Spike,-24.59337375038894,,low,degradation,"robust z-score (MAD, threshold 3.0)",Critical,4week_rolling_avg,"KPI spike on last day: value=98.99 vs 24-day median=99.93 (z-score=-24.59, impact=degradation, method=robust z-score (MAD, threshold 3.0))"
2026-05-18,LCAIN10497,LCAIN10497-1,1,ERAB Setup SR,ERAB Setup Success Rate,99.2303,99.8904,99.85375833333335,0.1315241705184094,24,Spike,-15.118212235328931,,low,degradation,"robust z-score (MAD, threshold 3.0)",Critical,4week_rolling_avg,"KPI spike on last day: value=99.23 vs 24-day median=99.89 (z-score=-15.12, impact=degradation, method=robust z-score (MAD, threshold 3.0))"
2026-05-18,LCAIN10512_Site_512,LCAIN10512-6,6,ERAB Setup SR,ERAB Setup Success Rate,99.7338,99.9503,99.9445,0.03955151703790892,24,Spike,-6.071819102979825,,low,degradation,"robust z-score (MAD, threshold 3.0)",Critical,4week_rolling_avg,"KPI spike on last day: value=99.73 vs 24-day median=99.95 (z-score=-6.07, impact=degradation, method=robust z-score (MAD, threshold 3.0))"
2026-05-18,LCAIN10581,LCAIN10581-1,1,ERAB Setup SR,ERAB Setup Success Rate,99.5726,99.89654999999999,99.8852,0.06657118996482769,24,Spike,-7.163976443685749,,low,degradation,"robust z-score (MAD, threshold 3.0)",Critical,4week_rolling_avg,"KPI spike on last day: value=99.57 vs 24-day median=99.90 (z-score=-7.16, impact=degradation, method=robust z-score (MAD, threshold 3.0))"
2026-05-18,LCAIN10693,LCAIN10693-1,1,ERAB Setup SR,ERAB Setup Success Rate,98.4875,99.88024999999999,99.60090416666667,0.8233089934724623,24,Spike,-15.748482904627965,,low,degradation,"robust z-score (MAD, threshold 3.0)",Critical,4week_rolling_avg,"KPI spike on last day: value=98.49 vs 24-day median=99.88 (z-score=-15.75, impact=degradation, method=robust z-score (MAD, threshold 3.0))"
2026-05-18,LCAIN10693,LCAIN10693-3,3,ERAB Setup SR,ERAB Setup Success Rate,99.4348,99.91385,99.79067083333332,0.2826197879943519,24,Spike,-12.646371754490422,,low,degradation,"robust z-score (MAD, threshold 3.0)",Critical,4week_rolling_avg,"KPI spike on last day: value=99.43 vs 24-day median=99.91 (z-score=-12.65, impact=degradation, method=robust z-score (MAD, threshold 3.0))"
2026-05-18,LCAIN10693,LCAIN10693-5,5,ERAB Setup SR,ERAB Setup Success Rate,99.508,99.93735000000001,99.85137916666667,0.23690285628495913,24,Spike,-14.230594967143926,,low,degradation,"robust z-score (MAD, threshold 3.0)",Critical,4week_rolling_avg,"KPI spike on last day: value=99.51 vs 24-day median=99.94 (z-score=-14.23, impact=degradation, method=robust z-score (MAD, threshold 3.0))"
2026-05-18,LCAIN10693,LCAIN10693-7,7,ERAB Setup SR,ERAB Setup Success Rate,99.6885,99.92025000000001,99.8454,0.21713159412362548,24,Spike,-7.796171247317833,,low,degradation,"robust z-score (MAD, threshold 3.0)",Critical,4week_rolling_avg,"KPI spike on last day: value=99.69 vs 24-day median=99.92 (z-score=-7.80, impact=degradation, method=robust z-score (MAD, threshold 3.0))"
2026-05-18,LCAIN10908,LCAIN10908-1,1,ERAB Setup SR,ERAB Setup Success Rate,98.4543,99.88095,99.69655416666667,0.5429966981016605,24,Spike,-26.21967961872974,,low,degradation,"robust z-score (MAD, threshold 3.0)",Critical,4week_rolling_avg,"KPI spike on last day: value=98.45 vs 24-day median=99.88 (z-score=-26.22, impact=degradation, method=robust z-score (MAD, threshold 3.0))"
2026-05-18,LCAIN10908,LCAIN10908-3,3,ERAB Setup SR,ERAB Setup Success Rate,96.3074,99.65925,98.96650416666667,1.919304466570978,24,Spike,-18.607340346927337,,low,degradation,"robust z-score (MAD, threshold 3.0)",Critical,4week_rolling_avg,"KPI spike on last day: value=96.31 vs 24-day median=99.66 (z-score=-18.61, impact=degradation, method=robust z-score (MAD, threshold 3.0))"
2026-05-18,LCAIN10908,LCAIN10908-6,6,ERAB Setup SR,ERAB Setup Success Rate,99.3199,99.8806,99.68101666666666,0.4752193788720682,24,Spike,-10.638170712757193,,low,degradation,"robust z-score (MAD, threshold 3.0)",Critical,4week_rolling_avg,"KPI spike on last day: value=99.32 vs 24-day median=99.88 (z-score=-10.64, impact=degradation, method=robust z-score (MAD, threshold 3.0))"
2026-05-18,LCAIN10919,LCAIN10919-3,3,ERAB Setup SR,ERAB Setup Success Rate,99.7036,99.8861,99.86157916666666,0.08692504903251554,24,Spike,-6.034047235513159,,low,degradation,"robust z-score (MAD, threshold 3.0)",Critical,4week_rolling_avg,"KPI spike on last day: value=99.70 vs 24-day median=99.89 (z-score=-6.03, impact=degradation, method=robust z-score (MAD, threshold 3.0))"
2026-05-18,LCAIN10985,LCAIN10985-3,3,ERAB Setup SR,ERAB Setup Success Rate,99.8753,99.99074999999999,99.98288333333333,0.020340347150975276,24,Spike,-8.418373857459159,,low,degradation,"robust z-score (MAD, threshold 3.0)",Critical,4week_rolling_avg,"KPI spike on last day: value=99.88 vs 24-day median=99.99 (z-score=-8.42, impact=degradation, method=robust z-score (MAD, threshold 3.0))"
2026-05-18,LCAIN11489,LCAIN11489-2,2,ERAB Setup SR,ERAB Setup Success Rate,99.5108,99.91805,99.90096249999999,0.06969194604651358,24,Spike,-24.858494280262732,,low,degradation,"robust z-score (MAD, threshold 3.0)",Critical,4week_rolling_avg,"KPI spike on last day: value=99.51 vs 24-day median=99.92 (z-score=-24.86, impact=degradation, method=robust z-score (MAD, threshold 3.0))"
2026-05-18,LCAIN11489,LCAIN11489-3,3,ERAB Setup SR,ERAB Setup Success Rate,99.5705,99.8928,99.87883333333332,0.08179274451658583,24,Spike,-9.057848824137391,,low,degradation,"robust z-score (MAD, threshold 3.0)",Critical,4week_rolling_avg,"KPI spike on last day: value=99.57 vs 24-day median=99.89 (z-score=-9.06, impact=degradation, method=robust z-score (MAD, threshold 3.0))"
2026-05-18,LCAIN11489,LCAIN11489-5,5,ERAB Setup SR,ERAB Setup Success Rate,99.3504,99.85265,99.81583333333333,0.14095736845664422,24,Spike,-17.923967404607623,,low,degradation,"robust z-score (MAD, threshold 3.0)",Critical,4week_rolling_avg,"KPI spike on last day: value=99.35 vs 24-day median=99.85 (z-score=-17.92, impact=degradation, method=robust z-score (MAD, threshold 3.0))"
2026-05-18,LCAIN11489,LCAIN11489-6,6,ERAB Setup SR,ERAB Setup Success Rate,98.4653,99.9188,99.89286249999999,0.11621784434307117,24,Spike,-41.19211423946126,,low,degradation,"robust z-score (MAD, threshold 3.0)",Critical,4week_rolling_avg,"KPI spike on last day: value=98.47 vs 24-day median=99.92 (z-score=-41.19, impact=degradation, method=robust z-score (MAD, threshold 3.0))"
2026-05-18,LCAIN11489,LCAIN11489-7,7,ERAB Setup SR,ERAB Setup Success Rate,99.553,99.9053,99.88277916666668,0.08265007047368678,24,Spike,-6.907648097779597,,low,degradation,"robust z-score (MAD, threshold 3.0)",Critical,4week_rolling_avg,"KPI spike on last day: value=99.55 vs 24-day median=99.91 (z-score=-6.91, impact=degradation, method=robust z-score (MAD, threshold 3.0))"
2026-05-18,LCAIN12059,LCAIN12059-2,2,ERAB Setup SR,ERAB Setup Success Rate,97.1154,99.84255,99.52368333333334,0.7443050229725869,24,Spike,-11.682676879686474,,low,degradation,"robust z-score (MAD, threshold 3.0)",Critical,4week_rolling_avg,"KPI spike on last day: value=97.12 vs 24-day median=99.84 (z-score=-11.68, impact=degradation, method=robust z-score (MAD, threshold 3.0))"
2026-05-18,LCAIN12059,LCAIN12059-7,7,ERAB Setup SR,ERAB Setup Success Rate,99.713,99.88319999999999,99.86405,0.0570738118579805,24,Spike,-5.2299921304278865,,low,degradation,"robust z-score (MAD, threshold 3.0)",Critical,4week_rolling_avg,"KPI spike on last day: value=99.71 vs 24-day median=99.88 (z-score=-5.23, impact=degradation, method=robust z-score (MAD, threshold 3.0))"
2026-05-18,LCAIN12215,LCAIN12215-1,1,ERAB Setup SR,ERAB Setup Success Rate,99.7256,99.93095,99.88164166666667,0.25045475958188895,24,Spike,-5.844163605843281,,low,degradation,"robust z-score (MAD, threshold 3.0)",Critical,4week_rolling_avg,"KPI spike on last day: value=99.73 vs 24-day median=99.93 (z-score=-5.84, impact=degradation, method=robust z-score (MAD, threshold 3.0))"
2026-05-18,LCAIN12215,LCAIN12215-2,2,ERAB Setup SR,ERAB Setup Success Rate,83.7768,100.0,99.96010833333332,0.060976593300671136,24,Spike,-266.0561884788248,,low,degradation,"robust z-score (std-fallback, threshold 3.0)",Critical,4week_rolling_avg,"KPI spike on last day: value=83.78 vs 24-day median=100.00 (z-score=-266.06, impact=degradation, method=robust z-score (std-fallback, threshold 3.0))"
2026-05-18,LCAIN12215,LCAIN12215-5,5,ERAB Setup SR,ERAB Setup Success Rate,99.8477,99.96445,99.94271250000001,0.09762568101555004,24,Spike,-5.92081174202136,,low,degradation,"robust z-score (MAD, threshold 3.0)",Critical,4week_rolling_avg,"KPI spike on last day: value=99.85 vs 24-day median=99.96 (z-score=-5.92, impact=degradation, method=robust z-score (MAD, threshold 3.0))"
2026-05-18,LCAIN12215,LCAIN12215-6,6,ERAB Setup SR,ERAB Setup Success Rate,99.3244,99.97865,99.97022083333333,0.028922179769838748,24,Spike,-21.90002875372425,,low,degradation,"robust z-score (MAD, threshold 3.0)",Critical,4week_rolling_avg,"KPI spike on last day: value=99.32 vs 24-day median=99.98 (z-score=-21.90, impact=degradation, method=robust z-score (MAD, threshold 3.0))"
2026-05-18,LCAIN12215,LCAIN12215-7,7,ERAB Setup SR,ERAB Setup Success Rate,99.5907,99.97874999999999,99.95884583333333,0.09252315916914539,24,Spike,-24.69208860520254,,low,degradation,"robust z-score (MAD, threshold 3.0)",Critical,4week_rolling_avg,"KPI spike on last day: value=99.59 vs 24-day median=99.98 (z-score=-24.69, impact=degradation, method=robust z-score (MAD, threshold 3.0))"
2026-05-18,LCAIN12223,LCAIN12223-1,1,ERAB Setup SR,ERAB Setup Success Rate,98.6819,99.77619999999999,99.13259166666667,1.606708899924694,24,Spike,-7.919476803596038,,low,degradation,"robust z-score (MAD, threshold 3.0)",Critical,4week_rolling_avg,"KPI spike on last day: value=98.68 vs 24-day median=99.78 (z-score=-7.92, impact=degradation, method=robust z-score (MAD, threshold 3.0))"
2026-05-18,LCAIN12226,LCAIN12226-1,1,ERAB Setup SR,ERAB Setup Success Rate,86.7798,99.9539,99.75399583333335,0.8625793555180715,24,Spike,-292.777881859013,,low,degradation,"robust z-score (MAD, threshold 3.0)",Critical,4week_rolling_avg,"KPI spike on last day: value=86.78 vs 24-day median=99.95 (z-score=-292.78, impact=degradation, method=robust z-score (MAD, threshold 3.0))"
2026-05-18,LCAIN12226,LCAIN12226-2,2,ERAB Setup SR,ERAB Setup Success Rate,97.415,99.92945,99.49100833333334,2.0913112838035093,24,Spike,-58.481837591935694,,low,degradation,"robust z-score (MAD, threshold 3.0)",Critical,4week_rolling_avg,"KPI spike on last day: value=97.42 vs 24-day median=99.93 (z-score=-58.48, impact=degradation, method=robust z-score (MAD, threshold 3.0))"
2026-05-18,LCAIN12226,LCAIN12226-3,3,ERAB Setup SR,ERAB Setup Success Rate,92.8075,99.9639,99.8919,0.15648135405429903,24,Spike,-133.70985238553112,,low,degradation,"robust z-score (MAD, threshold 3.0)",Critical,4week_rolling_avg,"KPI spike on last day: value=92.81 vs 24-day median=99.96 (z-score=-133.71, impact=degradation, method=robust z-score (MAD, threshold 3.0))"
2026-05-18,LCAIN12226,LCAIN12226-5,5,ERAB Setup SR,ERAB Setup Success Rate,96.6808,99.96685,99.91755416666668,0.22850075670765746,24,Spike,-96.99826521564715,,low,degradation,"robust z-score (MAD, threshold 3.0)",Critical,4week_rolling_avg,"KPI spike on last day: value=96.68 vs 24-day median=99.97 (z-score=-97.00, impact=degradation, method=robust z-score (MAD, threshold 3.0))"
2026-05-18,LCAIN12226,LCAIN12226-7,7,ERAB Setup SR,ERAB Setup Success Rate,98.8878,99.9669,99.93698333333333,0.07222317072026758,24,Spike,-31.17100550540349,,low,degradation,"robust z-score (MAD, threshold 3.0)",Critical,4week_rolling_avg,"KPI spike on last day: value=98.89 vs 24-day median=99.97 (z-score=-31.17, impact=degradation, method=robust z-score (MAD, threshold 3.0))"
2026-05-18,LCAIN12257,LCAIN12257-7,7,ERAB Setup SR,ERAB Setup Success Rate,99.5614,99.81285,98.66629583333332,5.346581809240302,24,Spike,-5.155036518855867,,low,degradation,"robust z-score (MAD, threshold 3.0)",Critical,4week_rolling_avg,"KPI spike on last day: value=99.56 vs 24-day median=99.81 (z-score=-5.16, impact=degradation, method=robust z-score (MAD, threshold 3.0))"
2026-05-18,LCAIN12262,LCAIN12262-2,2,ERAB Setup SR,ERAB Setup Success Rate,99.646,99.8968,99.89134583333333,0.05118701804141507,24,Spike,-7.033774739158449,,low,degradation,"robust z-score (MAD, threshold 3.0)",Critical,4week_rolling_avg,"KPI spike on last day: value=99.65 vs 24-day median=99.90 (z-score=-7.03, impact=degradation, method=robust z-score (MAD, threshold 3.0))"
2026-05-18,LCAIN12371,LCAIN12371-1,1,ERAB Setup SR,ERAB Setup Success Rate,67.0498,99.7669,97.25729565217392,9.109751169392169,23,Spike,-94.66916184844428,,low,degradation,"robust z-score (MAD, threshold 3.0)",Critical,4week_rolling_avg,"KPI spike on last day: value=67.05 vs 24-day median=99.77 (z-score=-94.67, impact=degradation, method=robust z-score (MAD, threshold 3.0))"
2026-05-18,LCAIN12371,LCAIN12371-2,2,ERAB Setup SR,ERAB Setup Success Rate,96.0117,99.38,99.05951739130434,0.7882363779499311,23,Spike,-6.668292413105433,,low,degradation,"robust z-score (MAD, threshold 3.0)",Critical,4week_rolling_avg,"KPI spike on last day: value=96.01 vs 24-day median=99.38 (z-score=-6.67, impact=degradation, method=robust z-score (MAD, threshold 3.0))"
2026-05-18,LCAIN12371,LCAIN12371-3,3,ERAB Setup SR,ERAB Setup Success Rate,96.4149,99.7774,98.87094782608695,3.4445817202837072,23,Spike,-21.640984529962854,,low,degradation,"robust z-score (MAD, threshold 3.0)",Critical,4week_rolling_avg,"KPI spike on last day: value=96.41 vs 24-day median=99.78 (z-score=-21.64, impact=degradation, method=robust z-score (MAD, threshold 3.0))"
2026-05-18,LCAIN12371,LCAIN12371-5,5,ERAB Setup SR,ERAB Setup Success Rate,99.3178,99.895,99.81421304347826,0.24475704422841998,23,Spike,-7.359471954060952,,low,degradation,"robust z-score (MAD, threshold 3.0)",Critical,4week_rolling_avg,"KPI spike on last day: value=99.32 vs 24-day median=99.89 (z-score=-7.36, impact=degradation, method=robust z-score (MAD, threshold 3.0))"
2026-05-18,LCAIN12371,LCAIN12371-6,6,ERAB Setup SR,ERAB Setup Success Rate,98.026,99.8693,99.72402173913042,0.42611452630414953,23,Spike,-26.452953551976805,,low,degradation,"robust z-score (MAD, threshold 3.0)",Critical,4week_rolling_avg,"KPI spike on last day: value=98.03 vs 24-day median=99.87 (z-score=-26.45, impact=degradation, method=robust z-score (MAD, threshold 3.0))"
2026-05-18,LCAIN12371,LCAIN12371-7,7,ERAB Setup SR,ERAB Setup Success Rate,94.8233,99.8738,99.61486956521739,0.7008673045869247,23,Spike,-42.264461299458745,,low,degradation,"robust z-score (MAD, threshold 3.0)",Critical,4week_rolling_avg,"KPI spike on last day: value=94.82 vs 24-day median=99.87 (z-score=-42.26, impact=degradation, method=robust z-score (MAD, threshold 3.0))"
2026-05-18,LCAIN12476,LCAIN12476-3,3,ERAB Setup SR,ERAB Setup Success Rate,99.6228,99.91329999999999,99.85173333333334,0.13736830865313127,24,Spike,-5.1226030229541,,low,degradation,"robust z-score (MAD, threshold 3.0)",Critical,4week_rolling_avg,"KPI spike on last day: value=99.62 vs 24-day median=99.91 (z-score=-5.12, impact=degradation, method=robust z-score (MAD, threshold 3.0))"
2026-05-18,LCAIN12799,LCAIN12799-2,2,ERAB Setup SR,ERAB Setup Success Rate,98.8014,99.93235,99.86860833333333,0.15702269983632583,24,Spike,-11.275910191131551,,low,degradation,"robust z-score (MAD, threshold 3.0)",Critical,4week_rolling_avg,"KPI spike on last day: value=98.80 vs 24-day median=99.93 (z-score=-11.28, impact=degradation, method=robust z-score (MAD, threshold 3.0))"
2026-05-18,LCAIN12799,LCAIN12799-3,3,ERAB Setup SR,ERAB Setup Success Rate,98.6252,99.84795,99.79854583333334,0.15154208705605704,24,Spike,-17.812820219221617,,low,degradation,"robust z-score (MAD, threshold 3.0)",Critical,4week_rolling_avg,"KPI spike on last day: value=98.63 vs 24-day median=99.85 (z-score=-17.81, impact=degradation, method=robust z-score (MAD, threshold 3.0))"
2026-05-18,LCAIN12839,LCAIN12839-2,2,ERAB Setup SR,ERAB Setup Success Rate,99.0099,99.82265000000001,99.58398636363636,0.900285820420612,22,Spike,-14.146899735865944,,low,degradation,"robust z-score (MAD, threshold 3.0)",Critical,4week_rolling_avg,"KPI spike on last day: value=99.01 vs 24-day median=99.82 (z-score=-14.15, impact=degradation, method=robust z-score (MAD, threshold 3.0))"
2026-05-18,LCAIN12917,LCAIN12917-2,2,ERAB Setup SR,ERAB Setup Success Rate,97.9339,99.81565,99.555675,0.6979500246256893,24,Spike,-6.884854823136021,,low,degradation,"robust z-score (MAD, threshold 3.0)",Critical,4week_rolling_avg,"KPI spike on last day: value=97.93 vs 24-day median=99.82 (z-score=-6.88, impact=degradation, method=robust z-score (MAD, threshold 3.0))"
2026-05-18,LCAIN12919,LCAIN12919-1,1,ERAB Setup SR,ERAB Setup Success Rate,87.5076,99.91775,99.90635833333333,0.06734907148992907,24,Spike,-353.9336785928011,,low,degradation,"robust z-score (MAD, threshold 3.0)",Critical,4week_rolling_avg,"KPI spike on last day: value=87.51 vs 24-day median=99.92 (z-score=-353.93, impact=degradation, method=robust z-score (MAD, threshold 3.0))"
2026-05-18,LCAIN12919,LCAIN12919-2,2,ERAB Setup SR,ERAB Setup Success Rate,99.3408,99.922,99.91543333333333,0.03528145956290619,24,Spike,-20.52429473338293,,low,degradation,"robust z-score (MAD, threshold 3.0)",Critical,4week_rolling_avg,"KPI spike on last day: value=99.34 vs 24-day median=99.92 (z-score=-20.52, impact=degradation, method=robust z-score (MAD, threshold 3.0))"
2026-05-18,LCAIN12919,LCAIN12919-3,3,ERAB Setup SR,ERAB Setup Success Rate,99.4921,99.86834999999999,99.85836666666667,0.03894532135642722,24,Spike,-11.278984366802604,,low,degradation,"robust z-score (MAD, threshold 3.0)",Critical,4week_rolling_avg,"KPI spike on last day: value=99.49 vs 24-day median=99.87 (z-score=-11.28, impact=degradation, method=robust z-score (MAD, threshold 3.0))"
2026-05-18,LCAIN12919,LCAIN12919-5,5,ERAB Setup SR,ERAB Setup Success Rate,96.6227,99.9541,99.94498333333333,0.033921129927458465,24,Spike,-102.13629618729489,,low,degradation,"robust z-score (MAD, threshold 3.0)",Critical,4week_rolling_avg,"KPI spike on last day: value=96.62 vs 24-day median=99.95 (z-score=-102.14, impact=degradation, method=robust z-score (MAD, threshold 3.0))"
2026-05-18,LCAIN12919,LCAIN12919-6,6,ERAB Setup SR,ERAB Setup Success Rate,98.2756,99.91525,99.90488333333333,0.037232654425321914,24,Spike,-33.76881751987174,,low,degradation,"robust z-score (MAD, threshold 3.0)",Critical,4week_rolling_avg,"KPI spike on last day: value=98.28 vs 24-day median=99.92 (z-score=-33.77, impact=degradation, method=robust z-score (MAD, threshold 3.0))"
2026-05-18,LCAIN12919,LCAIN12919-7,7,ERAB Setup SR,ERAB Setup Success Rate,99.2401,99.85464999999999,99.86767083333335,0.03394454397944174,24,Spike,-20.93476243617487,,low,degradation,"robust z-score (MAD, threshold 3.0)",Critical,4week_rolling_avg,"KPI spike on last day: value=99.24 vs 24-day median=99.85 (z-score=-20.93, impact=degradation, method=robust z-score (MAD, threshold 3.0))"
2026-05-18,LCAIN13994,LCAIN13994-2,2,ERAB Setup SR,ERAB Setup Success Rate,98.6294,99.91275,98.44267727272728,4.104321280058132,22,Spike,-15.512683085559333,,low,degradation,"robust z-score (MAD, threshold 3.0)",Critical,4week_rolling_avg,"KPI spike on last day: value=98.63 vs 24-day median=99.91 (z-score=-15.51, impact=degradation, method=robust z-score (MAD, threshold 3.0))"
2026-05-18,LCAIN15442,LCAIN15442-1,1,ERAB Setup SR,ERAB Setup Success Rate,99.9596,99.89070000000001,99.89134166666668,0.035024181130881946,24,Spike,5.051349274782583,,high,enhancement,"robust z-score (MAD, threshold 3.0)",Critical,4week_rolling_avg,"KPI spike on last day: value=99.96 vs 24-day median=99.89 (z-score=+5.05, impact=enhancement, method=robust z-score (MAD, threshold 3.0))"
2026-05-18,LCAIN16565,LCAIN16565-7,7,ERAB Setup SR,ERAB Setup Success Rate,99.6399,99.9327,99.92466521739131,0.06075178729663352,23,Spike,-7.103989006286074,,low,degradation,"robust z-score (MAD, threshold 3.0)",Critical,4week_rolling_avg,"KPI spike on last day: value=99.64 vs 24-day median=99.93 (z-score=-7.10, impact=degradation, method=robust z-score (MAD, threshold 3.0))"
2026-05-18,ICAIN12934,ICAIN12934-6,6,HO Success Rate,HO SR% Overall,99.8594,100.0,99.99596,0.017609951731903543,20,Spike,-7.98412182727818,,low,degradation,"robust z-score (std-fallback, threshold 3.0)",Critical,4week_rolling_avg,"KPI spike on last day: value=99.86 vs 24-day median=100.00 (z-score=-7.98, impact=degradation, method=robust z-score (std-fallback, threshold 3.0))"
2026-05-18,LCAIN10108_Site_133,LCAIN10108-7,7,HO Success Rate,HO SR% Overall,99.2379,99.8897,99.21995416666668,2.9670645817849386,24,Spike,-7.857606381177554,,low,degradation,"robust z-score (MAD, threshold 3.0)",Critical,4week_rolling_avg,"KPI spike on last day: value=99.24 vs 24-day median=99.89 (z-score=-7.86, impact=degradation, method=robust z-score (MAD, threshold 3.0))"
2026-05-18,LCAIN10110,LCAIN10110-1,1,HO Success Rate,HO SR% Overall,97.9653,99.7949,98.90877499999999,3.5766897969409728,24,Spike,-10.131759388656604,,low,degradation,"robust z-score (MAD, threshold 3.0)",Critical,4week_rolling_avg,"KPI spike on last day: value=97.97 vs 24-day median=99.79 (z-score=-10.13, impact=degradation, method=robust z-score (MAD, threshold 3.0))"
2026-05-18,LCAIN10110,LCAIN10110-3,3,HO Success Rate,HO SR% Overall,97.4684,99.67135,99.60758333333332,0.35837202000465995,24,Spike,-8.694379277875953,,low,degradation,"robust z-score (MAD, threshold 3.0)",Critical,4week_rolling_avg,"KPI spike on last day: value=97.47 vs 24-day median=99.67 (z-score=-8.69, impact=degradation, method=robust z-score (MAD, threshold 3.0))"
2026-05-18,LCAIN10110,LCAIN10110-5,5,HO Success Rate,HO SR% Overall,99.2487,99.84845,99.50356666666669,1.051724434625767,24,Spike,-7.0907245047512895,,low,degradation,"robust z-score (MAD, threshold 3.0)",Critical,4week_rolling_avg,"KPI spike on last day: value=99.25 vs 24-day median=99.85 (z-score=-7.09, impact=degradation, method=robust z-score (MAD, threshold 3.0))"
2026-05-18,LCAIN10119,LCAIN10119-2,2,HO Success Rate,HO SR% Overall,91.6022,99.39525,99.08720000000001,1.4404296147330493,24,Spike,-32.996485958187456,,low,degradation,"robust z-score (MAD, threshold 3.0)",Critical,4week_rolling_avg,"KPI spike on last day: value=91.60 vs 24-day median=99.40 (z-score=-33.00, impact=degradation, method=robust z-score (MAD, threshold 3.0))"
2026-05-18,LCAIN10120,LCAIN10120-3,3,HO Success Rate,HO SR% Overall,79.8263,99.6137,99.33452083333334,0.8272563825578126,24,Spike,-59.30423663215726,,low,degradation,"robust z-score (MAD, threshold 3.0)",Critical,4week_rolling_avg,"KPI spike on last day: value=79.83 vs 24-day median=99.61 (z-score=-59.30, impact=degradation, method=robust z-score (MAD, threshold 3.0))"
2026-05-18,LCAIN10120,LCAIN10120-7,7,HO Success Rate,HO SR% Overall,91.9802,99.80799999999999,99.788675,0.1311992767065925,24,Spike,-89.94512379951227,,low,degradation,"robust z-score (MAD, threshold 3.0)",Critical,4week_rolling_avg,"KPI spike on last day: value=91.98 vs 24-day median=99.81 (z-score=-89.95, impact=degradation, method=robust z-score (MAD, threshold 3.0))"
2026-05-18,LCAIN10124,LCAIN10124-6,6,HO Success Rate,HO SR% Overall,98.3809,99.93025,99.02002083333333,1.2951985462272957,24,Spike,-17.145566172191877,,low,degradation,"robust z-score (MAD, threshold 3.0)",Critical,4week_rolling_avg,"KPI spike on last day: value=98.38 vs 24-day median=99.93 (z-score=-17.15, impact=degradation, method=robust z-score (MAD, threshold 3.0))"
2026-05-18,LCAIN10128_03-1-30-115,LCAIN10128-1,1,HO Success Rate,HO SR% Overall,94.8394,99.4453,99.11877083333333,0.8526308738639317,24,Spike,-14.375923133148044,,low,degradation,"robust z-score (MAD, threshold 3.0)",Critical,4week_rolling_avg,"KPI spike on last day: value=94.84 vs 24-day median=99.45 (z-score=-14.38, impact=degradation, method=robust z-score (MAD, threshold 3.0))"
2026-05-18,LCAIN10128_03-1-30-115,LCAIN10128-5,5,HO Success Rate,HO SR% Overall,95.6731,99.34505,99.1761125,0.504012840703241,24,Spike,-24.269439924155993,,low,degradation,"robust z-score (MAD, threshold 3.0)",Critical,4week_rolling_avg,"KPI spike on last day: value=95.67 vs 24-day median=99.35 (z-score=-24.27, impact=degradation, method=robust z-score (MAD, threshold 3.0))"
2026-05-18,LCAIN10369,LCAIN10369-6,6,HO Success Rate,HO SR% Overall,99.6269,98.7621,98.37085416666666,1.242287746451135,24,Spike,5.056780310319586,,high,enhancement,"robust z-score (MAD, threshold 3.0)",Critical,4week_rolling_avg,"KPI spike on last day: value=99.63 vs 24-day median=98.76 (z-score=+5.06, impact=enhancement, method=robust z-score (MAD, threshold 3.0))"
2026-05-18,LCAIN10457,LCAIN10457-1,1,HO Success Rate,HO SR% Overall,92.759,99.215,99.13890833333335,0.2808753221577534,24,Spike,-28.914424589515157,,low,degradation,"robust z-score (MAD, threshold 3.0)",Critical,4week_rolling_avg,"KPI spike on last day: value=92.76 vs 24-day median=99.22 (z-score=-28.91, impact=degradation, method=robust z-score (MAD, threshold 3.0))"
2026-05-18,LCAIN10458,LCAIN10458-1,1,HO Success Rate,HO SR% Overall,94.1112,99.37010000000001,99.22612500000001,0.706427905763686,24,Spike,-16.64514056786205,,low,degradation,"robust z-score (MAD, threshold 3.0)",Critical,4week_rolling_avg,"KPI spike on last day: value=94.11 vs 24-day median=99.37 (z-score=-16.65, impact=degradation, method=robust z-score (MAD, threshold 3.0))"
2026-05-18,LCAIN10458,LCAIN10458-2,2,HO Success Rate,HO SR% Overall,90.2543,99.589,98.98263750000001,1.6861816995835353,24,Spike,-64.3780050356463,,low,degradation,"robust z-score (MAD, threshold 3.0)",Critical,4week_rolling_avg,"KPI spike on last day: value=90.25 vs 24-day median=99.59 (z-score=-64.38, impact=degradation, method=robust z-score (MAD, threshold 3.0))"
2026-05-18,LCAIN10458,LCAIN10458-5,5,HO Success Rate,HO SR% Overall,98.6576,99.52844999999999,99.31152083333332,0.590468930158597,24,Spike,-5.048390871423852,,low,degradation,"robust z-score (MAD, threshold 3.0)",Critical,4week_rolling_avg,"KPI spike on last day: value=98.66 vs 24-day median=99.53 (z-score=-5.05, impact=degradation, method=robust z-score (MAD, threshold 3.0))"
2026-05-18,LCAIN10458,LCAIN10458-6,6,HO Success Rate,HO SR% Overall,98.2058,99.6104,99.4523,0.4693563509388864,24,Spike,-14.699607769756641,,low,degradation,"robust z-score (MAD, threshold 3.0)",Critical,4week_rolling_avg,"KPI spike on last day: value=98.21 vs 24-day median=99.61 (z-score=-14.70, impact=degradation, method=robust z-score (MAD, threshold 3.0))"
2026-05-18,LCAIN10493,LCAIN10493-2,2,HO Success Rate,HO SR% Overall,97.541,99.91105,99.77226666666667,0.29652964532328885,12,Spike,-17.971633777375636,,low,degradation,"robust z-score (MAD, threshold 3.0)",Critical,4week_rolling_avg,"KPI spike on last day: value=97.54 vs 24-day median=99.91 (z-score=-17.97, impact=degradation, method=robust z-score (MAD, threshold 3.0))"
2026-05-18,LCAIN10493,LCAIN10493-7,7,HO Success Rate,HO SR% Overall,99.5768,99.91185,99.85520000000001,0.16824470273978823,12,Spike,-11.215291759931459,,low,degradation,"robust z-score (MAD, threshold 3.0)",Critical,4week_rolling_avg,"KPI spike on last day: value=99.58 vs 24-day median=99.91 (z-score=-11.22, impact=degradation, method=robust z-score (MAD, threshold 3.0))"
2026-05-18,LCAIN10512_Site_512,LCAIN10512-1,1,HO Success Rate,HO SR% Overall,94.3047,99.10825,96.42728333333332,6.525580668841321,24,Spike,-6.037924129116288,,low,degradation,"robust z-score (MAD, threshold 3.0)",Critical,4week_rolling_avg,"KPI spike on last day: value=94.30 vs 24-day median=99.11 (z-score=-6.04, impact=degradation, method=robust z-score (MAD, threshold 3.0))"
2026-05-18,LCAIN10514,LCAIN10514-3,3,HO Success Rate,HO SR% Overall,96.3768,99.81415000000001,99.67627499999999,0.653185290997127,24,Spike,-12.474903481770419,,low,degradation,"robust z-score (MAD, threshold 3.0)",Critical,4week_rolling_avg,"KPI spike on last day: value=96.38 vs 24-day median=99.81 (z-score=-12.47, impact=degradation, method=robust z-score (MAD, threshold 3.0))"
2026-05-18,LCAIN10514,LCAIN10514-6,6,HO Success Rate,HO SR% Overall,99.4342,99.88024999999999,99.84372499999999,0.12866069151713158,24,Spike,-5.022647800742226,,low,degradation,"robust z-score (MAD, threshold 3.0)",Critical,4week_rolling_avg,"KPI spike on last day: value=99.43 vs 24-day median=99.88 (z-score=-5.02, impact=degradation, method=robust z-score (MAD, threshold 3.0))"
2026-05-18,LCAIN10514,LCAIN10514-7,7,HO Success Rate,HO SR% Overall,95.6989,99.39665,99.06977083333334,1.247852866753918,24,Spike,-11.10956884567711,,low,degradation,"robust z-score (MAD, threshold 3.0)",Critical,4week_rolling_avg,"KPI spike on last day: value=95.70 vs 24-day median=99.40 (z-score=-11.11, impact=degradation, method=robust z-score (MAD, threshold 3.0))"
2026-05-18,LCAIN10545_Cow -Tagamo5,LCAIN10545-1,1,HO Success Rate,HO SR% Overall,97.75,99.8104,99.53752,0.602205170131687,15,Spike,-22.414850981058567,,low,degradation,"robust z-score (MAD, threshold 3.0)",Critical,4week_rolling_avg,"KPI spike on last day: value=97.75 vs 24-day median=99.81 (z-score=-22.41, impact=degradation, method=robust z-score (MAD, threshold 3.0))"
2026-05-18,LCAIN10545_Cow -Tagamo5,LCAIN10545-5,5,HO Success Rate,HO SR% Overall,99.0496,99.8714,99.63521999999998,0.5543691359855205,15,Spike,-7.8512252994032865,,low,degradation,"robust z-score (MAD, threshold 3.0)",Critical,4week_rolling_avg,"KPI spike on last day: value=99.05 vs 24-day median=99.87 (z-score=-7.85, impact=degradation, method=robust z-score (MAD, threshold 3.0))"
2026-05-18,LCAIN10545_Cow -Tagamo5,LCAIN10545-6,6,HO Success Rate,HO SR% Overall,98.111,99.2849,99.22731333333333,0.3683364781766194,15,Spike,-6.885084369995697,,low,degradation,"robust z-score (MAD, threshold 3.0)",Critical,4week_rolling_avg,"KPI spike on last day: value=98.11 vs 24-day median=99.28 (z-score=-6.89, impact=degradation, method=robust z-score (MAD, threshold 3.0))"
2026-05-18,LCAIN10575,LCAIN10575-2,2,HO Success Rate,HO SR% Overall,93.7095,99.8367,99.69334210526317,0.408676783000928,19,Spike,-28.44280647945781,,low,degradation,"robust z-score (MAD, threshold 3.0)",Critical,4week_rolling_avg,"KPI spike on last day: value=93.71 vs 24-day median=99.84 (z-score=-28.44, impact=degradation, method=robust z-score (MAD, threshold 3.0))"
2026-05-18,LCAIN10575,LCAIN10575-6,6,HO Success Rate,HO SR% Overall,96.6582,99.8213,99.69136842105263,0.3765862689346749,19,Spike,-14.764579386161262,,low,degradation,"robust z-score (MAD, threshold 3.0)",Critical,4week_rolling_avg,"KPI spike on last day: value=96.66 vs 24-day median=99.82 (z-score=-14.76, impact=degradation, method=robust z-score (MAD, threshold 3.0))"
2026-05-18,LCAIN10582,LCAIN10582-7,7,HO Success Rate,HO SR% Overall,98.378,99.31460000000001,99.25900833333333,0.242441815900688,24,Spike,-5.290854650970426,,low,degradation,"robust z-score (MAD, threshold 3.0)",Critical,4week_rolling_avg,"KPI spike on last day: value=98.38 vs 24-day median=99.31 (z-score=-5.29, impact=degradation, method=robust z-score (MAD, threshold 3.0))"
2026-05-18,LCAIN10585,LCAIN10585-1,1,HO Success Rate,HO SR% Overall,97.3837,99.5654,98.33235416666666,2.2518650917959757,24,Spike,-7.024040524821448,,low,degradation,"robust z-score (MAD, threshold 3.0)",Critical,4week_rolling_avg,"KPI spike on last day: value=97.38 vs 24-day median=99.57 (z-score=-7.02, impact=degradation, method=robust z-score (MAD, threshold 3.0))"
2026-05-18,LCAIN10595,LCAIN10595-5,5,HO Success Rate,HO SR% Overall,99.4734,99.7875,99.77245416666666,0.07472791746934696,24,Spike,-6.834114437146956,,low,degradation,"robust z-score (MAD, threshold 3.0)",Critical,4week_rolling_avg,"KPI spike on last day: value=99.47 vs 24-day median=99.79 (z-score=-6.83, impact=degradation, method=robust z-score (MAD, threshold 3.0))"
2026-05-18,LCAIN10634,LCAIN10634-1,1,HO Success Rate,HO SR% Overall,89.6694,99.80565,99.04419166666666,2.2818331280129196,24,Spike,-35.1778078762266,,low,degradation,"robust z-score (MAD, threshold 3.0)",Critical,4week_rolling_avg,"KPI spike on last day: value=89.67 vs 24-day median=99.81 (z-score=-35.18, impact=degradation, method=robust z-score (MAD, threshold 3.0))"
2026-05-18,LCAIN10636,LCAIN10636-2,2,HO Success Rate,HO SR% Overall,77.3153,99.0612,96.12145416666668,5.645339201720534,24,Spike,-22.204842338206163,,low,degradation,"robust z-score (MAD, threshold 3.0)",Critical,4week_rolling_avg,"KPI spike on last day: value=77.32 vs 24-day median=99.06 (z-score=-22.20, impact=degradation, method=robust z-score (MAD, threshold 3.0))"
2026-05-18,LCAIN10691,LCAIN10691-2,2,HO Success Rate,HO SR% Overall,92.8115,99.2951,96.97274166666666,4.95942769370592,24,Spike,-12.02234580932648,,low,degradation,"robust z-score (MAD, threshold 3.0)",Critical,4week_rolling_avg,"KPI spike on last day: value=92.81 vs 24-day median=99.30 (z-score=-12.02, impact=degradation, method=robust z-score (MAD, threshold 3.0))"
2026-05-18,LCAIN10692,LCAIN10692-6,6,HO Success Rate,HO SR% Overall,95.8298,99.54465,99.24972083333334,0.9428290186009185,24,Spike,-8.760951041404255,,low,degradation,"robust z-score (MAD, threshold 3.0)",Critical,4week_rolling_avg,"KPI spike on last day: value=95.83 vs 24-day median=99.54 (z-score=-8.76, impact=degradation, method=robust z-score (MAD, threshold 3.0))"
2026-05-18,LCAIN10734,LCAIN10734-3,3,HO Success Rate,HO SR% Overall,98.5521,99.8222,99.56680833333336,0.7315937368265872,24,Spike,-5.889795212177671,,low,degradation,"robust z-score (MAD, threshold 3.0)",Critical,4week_rolling_avg,"KPI spike on last day: value=98.55 vs 24-day median=99.82 (z-score=-5.89, impact=degradation, method=robust z-score (MAD, threshold 3.0))"
2026-05-18,LCAIN10855,LCAIN10855-6,6,HO Success Rate,HO SR% Overall,99.5441,99.86705,99.7588409090909,0.31657839278919864,22,Spike,-7.248811672980136,,low,degradation,"robust z-score (MAD, threshold 3.0)",Critical,4week_rolling_avg,"KPI spike on last day: value=99.54 vs 24-day median=99.87 (z-score=-7.25, impact=degradation, method=robust z-score (MAD, threshold 3.0))"
2026-05-18,LCAIN10986,LCAIN10986-3,3,HO Success Rate,HO SR% Overall,97.7891,99.82169999999999,99.12405714285714,1.1519447976073736,14,Spike,-7.68911900006766,,low,degradation,"robust z-score (MAD, threshold 3.0)",Critical,4week_rolling_avg,"KPI spike on last day: value=97.79 vs 24-day median=99.82 (z-score=-7.69, impact=degradation, method=robust z-score (MAD, threshold 3.0))"
2026-05-18,LCAIN10986,LCAIN10986-7,7,HO Success Rate,HO SR% Overall,99.0483,99.9554,99.17104285714287,1.6327584567728508,14,Spike,-13.718174168636393,,low,degradation,"robust z-score (MAD, threshold 3.0)",Critical,4week_rolling_avg,"KPI spike on last day: value=99.05 vs 24-day median=99.96 (z-score=-13.72, impact=degradation, method=robust z-score (MAD, threshold 3.0))"
2026-05-18,LCAIN10989,LCAIN10989-5,5,HO Success Rate,HO SR% Overall,99.5141,99.8319,99.80815416666667,0.08287533800417156,24,Spike,-5.325544431346624,,low,degradation,"robust z-score (MAD, threshold 3.0)",Critical,4week_rolling_avg,"KPI spike on last day: value=99.51 vs 24-day median=99.83 (z-score=-5.33, impact=degradation, method=robust z-score (MAD, threshold 3.0))"
2026-05-18,LCAIN11489,LCAIN11489-6,6,HO Success Rate,HO SR% Overall,99.0681,99.58279999999999,99.46328333333334,0.5133345300310714,24,Spike,-5.441385484366077,,low,degradation,"robust z-score (MAD, threshold 3.0)",Critical,4week_rolling_avg,"KPI spike on last day: value=99.07 vs 24-day median=99.58 (z-score=-5.44, impact=degradation, method=robust z-score (MAD, threshold 3.0))"
2026-05-18,LCAIN11651,LCAIN11651-7,7,HO Success Rate,HO SR% Overall,98.1902,99.493,99.26695833333333,0.7213830009760578,24,Spike,-5.760252779063079,,low,degradation,"robust z-score (MAD, threshold 3.0)",Critical,4week_rolling_avg,"KPI spike on last day: value=98.19 vs 24-day median=99.49 (z-score=-5.76, impact=degradation, method=robust z-score (MAD, threshold 3.0))"
2026-05-18,LCAIN11677,LCAIN11677-2,2,HO Success Rate,HO SR% Overall,97.4616,99.43795,98.95518750000001,2.3550383658078866,24,Spike,-8.501465640889874,,low,degradation,"robust z-score (MAD, threshold 3.0)",Critical,4week_rolling_avg,"KPI spike on last day: value=97.46 vs 24-day median=99.44 (z-score=-8.50, impact=degradation, method=robust z-score (MAD, threshold 3.0))"
2026-05-18,LCAIN11826,LCAIN11826-3,3,HO Success Rate,HO SR% Overall,96.1692,99.39585,99.252475,0.45604029906906124,24,Spike,-17.824288362532517,,low,degradation,"robust z-score (MAD, threshold 3.0)",Critical,4week_rolling_avg,"KPI spike on last day: value=96.17 vs 24-day median=99.40 (z-score=-17.82, impact=degradation, method=robust z-score (MAD, threshold 3.0))"
2026-05-18,LCAIN11827,LCAIN11827-2,2,HO Success Rate,HO SR% Overall,93.3934,98.49315,96.14401666666667,9.333314888865704,24,Spike,-7.603302941292634,,low,degradation,"robust z-score (MAD, threshold 3.0)",Critical,4week_rolling_avg,"KPI spike on last day: value=93.39 vs 24-day median=98.49 (z-score=-7.60, impact=degradation, method=robust z-score (MAD, threshold 3.0))"
2026-05-18,LCAIN11827,LCAIN11827-3,3,HO Success Rate,HO SR% Overall,95.9527,98.83515,97.53758333333333,3.741556096473171,24,Spike,-6.043474944523831,,low,degradation,"robust z-score (MAD, threshold 3.0)",Critical,4week_rolling_avg,"KPI spike on last day: value=95.95 vs 24-day median=98.84 (z-score=-6.04, impact=degradation, method=robust z-score (MAD, threshold 3.0))"
2026-05-18,LCAIN11827,LCAIN11827-7,7,HO Success Rate,HO SR% Overall,97.116,99.57055,98.672025,2.329985609442326,24,Spike,-10.000430647376884,,low,degradation,"robust z-score (MAD, threshold 3.0)",Critical,4week_rolling_avg,"KPI spike on last day: value=97.12 vs 24-day median=99.57 (z-score=-10.00, impact=degradation, method=robust z-score (MAD, threshold 3.0))"
2026-05-18,LCAIN12000,LCAIN12000-1,1,HO Success Rate,HO SR% Overall,94.8434,99.53175,99.38477142857143,0.4699253381861728,14,Spike,-13.719083523610001,,low,degradation,"robust z-score (MAD, threshold 3.0)",Critical,4week_rolling_avg,"KPI spike on last day: value=94.84 vs 24-day median=99.53 (z-score=-13.72, impact=degradation, method=robust z-score (MAD, threshold 3.0))"
2026-05-18,LCAIN12000,LCAIN12000-2,2,HO Success Rate,HO SR% Overall,98.0625,99.6542,99.62224285714284,0.2538751653703801,14,Spike,-7.0214973306663255,,low,degradation,"robust z-score (MAD, threshold 3.0)",Critical,4week_rolling_avg,"KPI spike on last day: value=98.06 vs 24-day median=99.65 (z-score=-7.02, impact=degradation, method=robust z-score (MAD, threshold 3.0))"
2026-05-18,LCAIN12000,LCAIN12000-6,6,HO Success Rate,HO SR% Overall,97.4745,99.9029,99.65592142857142,0.621364051535665,14,Spike,-80.29085099572477,,low,degradation,"robust z-score (MAD, threshold 3.0)",Critical,4week_rolling_avg,"KPI spike on last day: value=97.47 vs 24-day median=99.90 (z-score=-80.29, impact=degradation, method=robust z-score (MAD, threshold 3.0))"
2026-05-18,LCAIN12012,LCAIN12012-5,5,HO Success Rate,HO SR% Overall,98.8487,99.84639999999999,98.21831249999998,3.2279875139567094,24,Spike,-7.992154759260297,,low,degradation,"robust z-score (MAD, threshold 3.0)",Critical,4week_rolling_avg,"KPI spike on last day: value=98.85 vs 24-day median=99.85 (z-score=-7.99, impact=degradation, method=robust z-score (MAD, threshold 3.0))"
2026-05-18,LCAIN12053,LCAIN12053-2,2,HO Success Rate,HO SR% Overall,99.1616,99.81765,99.8034125,0.1826357538757141,24,Spike,-5.299397158737864,,low,degradation,"robust z-score (MAD, threshold 3.0)",Critical,4week_rolling_avg,"KPI spike on last day: value=99.16 vs 24-day median=99.82 (z-score=-5.30, impact=degradation, method=robust z-score (MAD, threshold 3.0))"
2026-05-18,LCAIN12053,LCAIN12053-6,6,HO Success Rate,HO SR% Overall,99.4263,99.9027,99.81284166666667,0.3585362230847656,24,Spike,-6.736423434268508,,low,degradation,"robust z-score (MAD, threshold 3.0)",Critical,4week_rolling_avg,"KPI spike on last day: value=99.43 vs 24-day median=99.90 (z-score=-6.74, impact=degradation, method=robust z-score (MAD, threshold 3.0))"
2026-05-18,LCAIN12059,LCAIN12059-3,3,HO Success Rate,HO SR% Overall,92.9761,99.21525,98.99004583333334,0.8906676208417902,24,Spike,-19.26853947796924,,low,degradation,"robust z-score (MAD, threshold 3.0)",Critical,4week_rolling_avg,"KPI spike on last day: value=92.98 vs 24-day median=99.22 (z-score=-19.27, impact=degradation, method=robust z-score (MAD, threshold 3.0))"
2026-05-18,LCAIN12070,LCAIN12070-6,6,HO Success Rate,HO SR% Overall,98.6392,99.6448,99.61242916666667,0.20719232707633245,24,Spike,-5.298968029138003,,low,degradation,"robust z-score (MAD, threshold 3.0)",Critical,4week_rolling_avg,"KPI spike on last day: value=98.64 vs 24-day median=99.64 (z-score=-5.30, impact=degradation, method=robust z-score (MAD, threshold 3.0))"
2026-05-18,LCAIN12265,LCAIN12265-6,6,HO Success Rate,HO SR% Overall,98.2735,99.875,99.6097157894737,0.6999008051996455,19,Spike,-12.401801966724296,,low,degradation,"robust z-score (MAD, threshold 3.0)",Critical,4week_rolling_avg,"KPI spike on last day: value=98.27 vs 24-day median=99.88 (z-score=-12.40, impact=degradation, method=robust z-score (MAD, threshold 3.0))"
2026-05-18,LCAIN12371,LCAIN12371-5,5,HO Success Rate,HO SR% Overall,98.0165,99.7449,99.38670869565217,1.0169307252337234,23,Spike,-15.120490644349282,,low,degradation,"robust z-score (MAD, threshold 3.0)",Critical,4week_rolling_avg,"KPI spike on last day: value=98.02 vs 24-day median=99.74 (z-score=-15.12, impact=degradation, method=robust z-score (MAD, threshold 3.0))"
2026-05-18,LCAIN12371,LCAIN12371-6,6,HO Success Rate,HO SR% Overall,99.2595,99.6677,99.46911739130434,0.576234531549191,23,Spike,-5.23435604597626,,low,degradation,"robust z-score (MAD, threshold 3.0)",Critical,4week_rolling_avg,"KPI spike on last day: value=99.26 vs 24-day median=99.67 (z-score=-5.23, impact=degradation, method=robust z-score (MAD, threshold 3.0))"
2026-05-18,LCAIN12461,LCAIN12461-2,2,HO Success Rate,HO SR% Overall,81.45,98.6711,95.61127826086957,6.8141901493329735,23,Spike,-19.151645206961543,,low,degradation,"robust z-score (MAD, threshold 3.0)",Critical,4week_rolling_avg,"KPI spike on last day: value=81.45 vs 24-day median=98.67 (z-score=-19.15, impact=degradation, method=robust z-score (MAD, threshold 3.0))"
2026-05-18,LCAIN12461,LCAIN12461-6,6,HO Success Rate,HO SR% Overall,95.6749,99.7974,98.7181347826087,2.629009377761022,23,Spike,-13.724521993791766,,low,degradation,"robust z-score (MAD, threshold 3.0)",Critical,4week_rolling_avg,"KPI spike on last day: value=95.67 vs 24-day median=99.80 (z-score=-13.72, impact=degradation, method=robust z-score (MAD, threshold 3.0))"
2026-05-18,LCAIN12524,LCAIN12524-2,2,HO Success Rate,HO SR% Overall,83.6882,99.7757,98.53972727272726,2.465703719424429,22,Spike,-48.376594262504476,,low,degradation,"robust z-score (MAD, threshold 3.0)",Critical,4week_rolling_avg,"KPI spike on last day: value=83.69 vs 24-day median=99.78 (z-score=-48.38, impact=degradation, method=robust z-score (MAD, threshold 3.0))"
2026-05-18,LCAIN12524,LCAIN12524-6,6,HO Success Rate,HO SR% Overall,95.2202,99.59905,98.82887272727272,1.650854130492844,22,Spike,-10.622168178867689,,low,degradation,"robust z-score (MAD, threshold 3.0)",Critical,4week_rolling_avg,"KPI spike on last day: value=95.22 vs 24-day median=99.60 (z-score=-10.62, impact=degradation, method=robust z-score (MAD, threshold 3.0))"
2026-05-18,LCAIN12591,LCAIN12591-1,1,HO Success Rate,HO SR% Overall,93.5154,99.2923,98.92147083333334,0.9986421287090966,24,Spike,-28.123173355613716,,low,degradation,"robust z-score (MAD, threshold 3.0)",Critical,4week_rolling_avg,"KPI spike on last day: value=93.52 vs 24-day median=99.29 (z-score=-28.12, impact=degradation, method=robust z-score (MAD, threshold 3.0))"
2026-05-18,LCAIN12591,LCAIN12591-2,2,HO Success Rate,HO SR% Overall,74.6134,98.96090000000001,97.22664999999999,5.011755867790583,24,Spike,-28.120143435542328,,low,degradation,"robust z-score (MAD, threshold 3.0)",Critical,4week_rolling_avg,"KPI spike on last day: value=74.61 vs 24-day median=98.96 (z-score=-28.12, impact=degradation, method=robust z-score (MAD, threshold 3.0))"
2026-05-18,LCAIN12591,LCAIN12591-3,3,HO Success Rate,HO SR% Overall,77.3102,99.5645,98.792325,2.5738130025071735,24,Spike,-163.15564900674127,,low,degradation,"robust z-score (MAD, threshold 3.0)",Critical,4week_rolling_avg,"KPI spike on last day: value=77.31 vs 24-day median=99.56 (z-score=-163.16, impact=degradation, method=robust z-score (MAD, threshold 3.0))"
2026-05-18,LCAIN12591,LCAIN12591-5,5,HO Success Rate,HO SR% Overall,96.1111,99.507,99.32390833333334,0.5712453004304612,24,Spike,-42.45603651726712,,low,degradation,"robust z-score (MAD, threshold 3.0)",Critical,4week_rolling_avg,"KPI spike on last day: value=96.11 vs 24-day median=99.51 (z-score=-42.46, impact=degradation, method=robust z-score (MAD, threshold 3.0))"
2026-05-18,LCAIN12591,LCAIN12591-6,6,HO Success Rate,HO SR% Overall,92.7294,99.25999999999999,98.89292499999999,1.1192404263048223,24,Spike,-12.872090455399702,,low,degradation,"robust z-score (MAD, threshold 3.0)",Critical,4week_rolling_avg,"KPI spike on last day: value=92.73 vs 24-day median=99.26 (z-score=-12.87, impact=degradation, method=robust z-score (MAD, threshold 3.0))"
2026-05-18,LCAIN12591,LCAIN12591-7,7,HO Success Rate,HO SR% Overall,81.1406,99.83615,99.10164583333334,2.4144251267087657,24,Spike,-292.9146508323435,,low,degradation,"robust z-score (MAD, threshold 3.0)",Critical,4week_rolling_avg,"KPI spike on last day: value=81.14 vs 24-day median=99.84 (z-score=-292.91, impact=degradation, method=robust z-score (MAD, threshold 3.0))"
2026-05-18,LCAIN12837,LCAIN12837-2,2,HO Success Rate,HO SR% Overall,94.9131,98.47045,98.15700833333334,1.34863925245556,24,Spike,-8.003334567124842,,low,degradation,"robust z-score (MAD, threshold 3.0)",Critical,4week_rolling_avg,"KPI spike on last day: value=94.91 vs 24-day median=98.47 (z-score=-8.00, impact=degradation, method=robust z-score (MAD, threshold 3.0))"
2026-05-18,LCAIN12862,LCAIN12862-3,3,HO Success Rate,HO SR% Overall,92.7038,99.31385,98.7171,2.029020628694213,24,Spike,-28.50650667952896,,low,degradation,"robust z-score (MAD, threshold 3.0)",Critical,4week_rolling_avg,"KPI spike on last day: value=92.70 vs 24-day median=99.31 (z-score=-28.51, impact=degradation, method=robust z-score (MAD, threshold 3.0))"
2026-05-18,LCAIN12864,LCAIN12864-7,7,HO Success Rate,HO SR% Overall,99.6313,99.88415,99.85730909090908,0.06708869915059444,22,Spike,-5.5461784888987715,,low,degradation,"robust z-score (MAD, threshold 3.0)",Critical,4week_rolling_avg,"KPI spike on last day: value=99.63 vs 24-day median=99.88 (z-score=-5.55, impact=degradation, method=robust z-score (MAD, threshold 3.0))"
2026-05-18,LCAIN12865,LCAIN12865-1,1,HO Success Rate,HO SR% Overall,98.9408,99.64250000000001,99.40692916666667,0.8145720745065925,24,Spike,-6.809930444961163,,low,degradation,"robust z-score (MAD, threshold 3.0)",Critical,4week_rolling_avg,"KPI spike on last day: value=98.94 vs 24-day median=99.64 (z-score=-6.81, impact=degradation, method=robust z-score (MAD, threshold 3.0))"
2026-05-18,LCAIN12865,LCAIN12865-2,2,HO Success Rate,HO SR% Overall,96.048,99.89425,99.15843749999999,3.1723476719159294,24,Spike,-83.41672294651688,,low,degradation,"robust z-score (MAD, threshold 3.0)",Critical,4week_rolling_avg,"KPI spike on last day: value=96.05 vs 24-day median=99.89 (z-score=-83.42, impact=degradation, method=robust z-score (MAD, threshold 3.0))"
2026-05-18,LCAIN12865,LCAIN12865-3,3,HO Success Rate,HO SR% Overall,97.2368,99.82245,99.59713749999999,1.151572272957174,24,Spike,-18.553159917453584,,low,degradation,"robust z-score (MAD, threshold 3.0)",Critical,4week_rolling_avg,"KPI spike on last day: value=97.24 vs 24-day median=99.82 (z-score=-18.55, impact=degradation, method=robust z-score (MAD, threshold 3.0))"
2026-05-18,LCAIN12868,LCAIN12868-1,1,HO Success Rate,HO SR% Overall,93.8595,99.31625,98.77376666666665,1.6124731376746173,24,Spike,-16.26033775910692,,low,degradation,"robust z-score (MAD, threshold 3.0)",Critical,4week_rolling_avg,"KPI spike on last day: value=93.86 vs 24-day median=99.32 (z-score=-16.26, impact=degradation, method=robust z-score (MAD, threshold 3.0))"
2026-05-18,LCAIN12893,LCAIN12893-3,3,HO Success Rate,HO SR% Overall,98.3011,99.7473,99.48580869565218,0.8327217876197054,23,Spike,-11.122560277708855,,low,degradation,"robust z-score (MAD, threshold 3.0)",Critical,4week_rolling_avg,"KPI spike on last day: value=98.30 vs 24-day median=99.75 (z-score=-11.12, impact=degradation, method=robust z-score (MAD, threshold 3.0))"
2026-05-18,LCAIN12893,LCAIN12893-6,6,HO Success Rate,HO SR% Overall,98.071,99.8424,99.6643739130435,0.442404201585315,23,Spike,-10.526809967725288,,low,degradation,"robust z-score (MAD, threshold 3.0)",Critical,4week_rolling_avg,"KPI spike on last day: value=98.07 vs 24-day median=99.84 (z-score=-10.53, impact=degradation, method=robust z-score (MAD, threshold 3.0))"
2026-05-18,LCAIN12893,LCAIN12893-7,7,HO Success Rate,HO SR% Overall,99.6042,99.954,99.86886521739132,0.2485270024848076,23,Spike,-13.180830595796209,,low,degradation,"robust z-score (MAD, threshold 3.0)",Critical,4week_rolling_avg,"KPI spike on last day: value=99.60 vs 24-day median=99.95 (z-score=-13.18, impact=degradation, method=robust z-score (MAD, threshold 3.0))"
2026-05-18,LCAIN12897,LCAIN12897-1,1,HO Success Rate,HO SR% Overall,97.0757,99.5113,98.65073478260871,2.773161041218,23,Spike,-5.52569691820128,,low,degradation,"robust z-score (MAD, threshold 3.0)",Critical,4week_rolling_avg,"KPI spike on last day: value=97.08 vs 24-day median=99.51 (z-score=-5.53, impact=degradation, method=robust z-score (MAD, threshold 3.0))"
2026-05-18,LCAIN12900,LCAIN12900-7,7,HO Success Rate,HO SR% Overall,99.3464,99.81129999999999,99.75394166666666,0.11867934008869781,24,Spike,-5.341920853163342,,low,degradation,"robust z-score (MAD, threshold 3.0)",Critical,4week_rolling_avg,"KPI spike on last day: value=99.35 vs 24-day median=99.81 (z-score=-5.34, impact=degradation, method=robust z-score (MAD, threshold 3.0))"
2026-05-18,LCAIN12916,LCAIN12916-1,1,HO Success Rate,HO SR% Overall,97.0522,99.58009999999999,99.53269999999999,0.3273048782608233,24,Spike,-17.51458850416693,,low,degradation,"robust z-score (MAD, threshold 3.0)",Critical,4week_rolling_avg,"KPI spike on last day: value=97.05 vs 24-day median=99.58 (z-score=-17.51, impact=degradation, method=robust z-score (MAD, threshold 3.0))"
2026-05-18,LCAIN12917,LCAIN12917-3,3,HO Success Rate,HO SR% Overall,97.9414,99.7131,99.52680833333334,0.4629492520034502,24,Spike,-6.021644134868601,,low,degradation,"robust z-score (MAD, threshold 3.0)",Critical,4week_rolling_avg,"KPI spike on last day: value=97.94 vs 24-day median=99.71 (z-score=-6.02, impact=degradation, method=robust z-score (MAD, threshold 3.0))"
2026-05-18,LCAIN12920,LCAIN12920-2,2,HO Success Rate,HO SR% Overall,97.0297,99.63820000000001,99.26960833333334,1.4454780229842832,24,Spike,-16.07500361895744,,low,degradation,"robust z-score (MAD, threshold 3.0)",Critical,4week_rolling_avg,"KPI spike on last day: value=97.03 vs 24-day median=99.64 (z-score=-16.08, impact=degradation, method=robust z-score (MAD, threshold 3.0))"
2026-05-18,LCAIN12920,LCAIN12920-6,6,HO Success Rate,HO SR% Overall,99.1284,99.87295,99.85662500000001,0.08564722825832319,24,Spike,-16.278511992489022,,low,degradation,"robust z-score (MAD, threshold 3.0)",Critical,4week_rolling_avg,"KPI spike on last day: value=99.13 vs 24-day median=99.87 (z-score=-16.28, impact=degradation, method=robust z-score (MAD, threshold 3.0))"
2026-05-18,LCAIN12929,LCAIN12929-5,5,HO Success Rate,HO SR% Overall,94.6795,99.6389,99.17745416666666,1.5611412476078645,24,Spike,-27.118520247654413,,low,degradation,"robust z-score (MAD, threshold 3.0)",Critical,4week_rolling_avg,"KPI spike on last day: value=94.68 vs 24-day median=99.64 (z-score=-27.12, impact=degradation, method=robust z-score (MAD, threshold 3.0))"
2026-05-18,LCAIN12932,LCAIN12932-2,2,HO Success Rate,HO SR% Overall,91.9941,99.4489,99.33329166666665,0.4198168508574765,24,Spike,-112.23646682468467,,low,degradation,"robust z-score (MAD, threshold 3.0)",Critical,4week_rolling_avg,"KPI spike on last day: value=91.99 vs 24-day median=99.45 (z-score=-112.24, impact=degradation, method=robust z-score (MAD, threshold 3.0))"
2026-05-18,LCAIN13987,LCAIN13987-2,2,HO Success Rate,HO SR% Overall,96.2331,99.54645,97.733625,3.9309378938375925,24,Spike,-7.31170933391698,,low,degradation,"robust z-score (MAD, threshold 3.0)",Critical,4week_rolling_avg,"KPI spike on last day: value=96.23 vs 24-day median=99.55 (z-score=-7.31, impact=degradation, method=robust z-score (MAD, threshold 3.0))"
2026-05-18,LCAIN13989,LCAIN13989-1,1,HO Success Rate,HO SR% Overall,96.1371,99.4452,98.95969166666667,1.305151424457671,24,Spike,-8.322576954213158,,low,degradation,"robust z-score (MAD, threshold 3.0)",Critical,4week_rolling_avg,"KPI spike on last day: value=96.14 vs 24-day median=99.45 (z-score=-8.32, impact=degradation, method=robust z-score (MAD, threshold 3.0))"
2026-05-18,LCAIN13989,LCAIN13989-3,3,HO Success Rate,HO SR% Overall,95.5947,99.70105000000001,96.5762625,7.494583254024899,24,Spike,-9.264743703551787,,low,degradation,"robust z-score (MAD, threshold 3.0)",Critical,4week_rolling_avg,"KPI spike on last day: value=95.59 vs 24-day median=99.70 (z-score=-9.26, impact=degradation, method=robust z-score (MAD, threshold 3.0))"
2026-05-18,LCAIN13989,LCAIN13989-7,7,HO Success Rate,HO SR% Overall,96.7773,99.63544999999999,98.7527,2.160716692442579,24,Spike,-9.955051712873615,,low,degradation,"robust z-score (MAD, threshold 3.0)",Critical,4week_rolling_avg,"KPI spike on last day: value=96.78 vs 24-day median=99.64 (z-score=-9.96, impact=degradation, method=robust z-score (MAD, threshold 3.0))"
2026-05-18,LCAIN14374,LCAIN14374-3,3,HO Success Rate,HO SR% Overall,95.0,99.5949,97.53112857142857,7.084959052954421,14,Spike,-18.541535092544915,,low,degradation,"robust z-score (MAD, threshold 3.0)",Critical,4week_rolling_avg,"KPI spike on last day: value=95.00 vs 24-day median=99.59 (z-score=-18.54, impact=degradation, method=robust z-score (MAD, threshold 3.0))"
2026-05-18,ICAIN12934,ICAIN12934-5,5,RACH Success Rate,(HU) RACH Success Rate(%),59.9805,93.73515,89.186275,10.993178504366925,20,Spike,-10.927119346483986,,low,degradation,"robust z-score (MAD, threshold 3.0)",Critical,4week_rolling_avg,"KPI spike on last day: value=59.98 vs 24-day median=93.74 (z-score=-10.93, impact=degradation, method=robust z-score (MAD, threshold 3.0))"
2026-05-18,ICAIN17528,ICAIN17528-2,2,RACH Success Rate,(HU) RACH Success Rate(%),61.3543,96.99055,96.58912500000001,2.5507681144199807,24,Spike,-14.168599915940838,,low,degradation,"robust z-score (MAD, threshold 3.0)",Critical,4week_rolling_avg,"KPI spike on last day: value=61.35 vs 24-day median=96.99 (z-score=-14.17, impact=degradation, method=robust z-score (MAD, threshold 3.0))"
2026-05-18,LCAIE10001,LCAIE10001-5,5,RACH Success Rate,(HU) RACH Success Rate(%),85.1097,94.4756,93.63945416666667,2.897555299440543,24,Spike,-5.038051682097322,,low,degradation,"robust z-score (MAD, threshold 3.0)",Critical,4week_rolling_avg,"KPI spike on last day: value=85.11 vs 24-day median=94.48 (z-score=-5.04, impact=degradation, method=robust z-score (MAD, threshold 3.0))"
2026-05-18,LCAIN10022_Tagmoa1,LCAIN10022-2,2,RACH Success Rate,(HU) RACH Success Rate(%),78.1288,90.52664999999999,90.24157916666665,1.8713967613298828,24,Spike,-10.862867319273656,,low,degradation,"robust z-score (MAD, threshold 3.0)",Critical,4week_rolling_avg,"KPI spike on last day: value=78.13 vs 24-day median=90.53 (z-score=-10.86, impact=degradation, method=robust z-score (MAD, threshold 3.0))"
2026-05-18,LCAIN10108_Site_133,LCAIN10108-1,1,RACH Success Rate,(HU) RACH Success Rate(%),77.5073,88.13204999999999,86.58300833333332,5.610978315834405,24,Spike,-8.004798320858946,,low,degradation,"robust z-score (MAD, threshold 3.0)",Critical,4week_rolling_avg,"KPI spike on last day: value=77.51 vs 24-day median=88.13 (z-score=-8.00, impact=degradation, method=robust z-score (MAD, threshold 3.0))"
2026-05-18,LCAIN10108_Site_133,LCAIN10108-2,2,RACH Success Rate,(HU) RACH Success Rate(%),44.496,91.3086,88.30492500000001,11.295287813776223,24,Spike,-11.186376435582103,,low,degradation,"robust z-score (MAD, threshold 3.0)",Critical,4week_rolling_avg,"KPI spike on last day: value=44.50 vs 24-day median=91.31 (z-score=-11.19, impact=degradation, method=robust z-score (MAD, threshold 3.0))"
2026-05-18,LCAIN10110,LCAIN10110-5,5,RACH Success Rate,(HU) RACH Success Rate(%),48.1762,88.59765,81.9843125,16.180966729574404,24,Spike,-8.253282832731504,,low,degradation,"robust z-score (MAD, threshold 3.0)",Critical,4week_rolling_avg,"KPI spike on last day: value=48.18 vs 24-day median=88.60 (z-score=-8.25, impact=degradation, method=robust z-score (MAD, threshold 3.0))"
2026-05-18,LCAIN10112_03-2-12-46,LCAIN10112-2,2,RACH Success Rate,(HU) RACH Success Rate(%),45.1142,85.4852,83.62070000000001,7.7483081080014955,23,Spike,-7.123761629036657,,low,degradation,"robust z-score (MAD, threshold 3.0)",Critical,4week_rolling_avg,"KPI spike on last day: value=45.11 vs 24-day median=85.49 (z-score=-7.12, impact=degradation, method=robust z-score (MAD, threshold 3.0))"
2026-05-18,LCAIN10112_03-2-12-46,LCAIN10112-3,3,RACH Success Rate,(HU) RACH Success Rate(%),25.596,91.0779,90.43983043478262,2.2447472332642797,23,Spike,-25.88007527421223,,low,degradation,"robust z-score (MAD, threshold 3.0)",Critical,4week_rolling_avg,"KPI spike on last day: value=25.60 vs 24-day median=91.08 (z-score=-25.88, impact=degradation, method=robust z-score (MAD, threshold 3.0))"
2026-05-18,LCAIN10120,LCAIN10120-6,6,RACH Success Rate,(HU) RACH Success Rate(%),49.2151,92.8628,89.54760416666666,10.136215892550796,24,Spike,-15.989121695808034,,low,degradation,"robust z-score (MAD, threshold 3.0)",Critical,4week_rolling_avg,"KPI spike on last day: value=49.22 vs 24-day median=92.86 (z-score=-15.99, impact=degradation, method=robust z-score (MAD, threshold 3.0))"
2026-05-18,LCAIN10458,LCAIN10458-2,2,RACH Success Rate,(HU) RACH Success Rate(%),88.1626,95.35875,94.23513333333334,4.421548425576974,24,Spike,-7.959555065279606,,low,degradation,"robust z-score (MAD, threshold 3.0)",Critical,4week_rolling_avg,"KPI spike on last day: value=88.16 vs 24-day median=95.36 (z-score=-7.96, impact=degradation, method=robust z-score (MAD, threshold 3.0))"
2026-05-18,LCAIN10458,LCAIN10458-6,6,RACH Success Rate,(HU) RACH Success Rate(%),87.1545,96.43254999999999,95.32438333333333,2.6881162451096166,24,Spike,-10.24048272125972,,low,degradation,"robust z-score (MAD, threshold 3.0)",Critical,4week_rolling_avg,"KPI spike on last day: value=87.15 vs 24-day median=96.43 (z-score=-10.24, impact=degradation, method=robust z-score (MAD, threshold 3.0))"
2026-05-18,LCAIN10494,LCAIN10494-7,7,RACH Success Rate,(HU) RACH Success Rate(%),67.2728,41.55515,44.16115833333333,9.90379671695476,24,Spike,5.672624114736677,,high,enhancement,"robust z-score (MAD, threshold 3.0)",Critical,4week_rolling_avg,"KPI spike on last day: value=67.27 vs 24-day median=41.56 (z-score=+5.67, impact=enhancement, method=robust z-score (MAD, threshold 3.0))"
2026-05-18,LCAIN10497,LCAIN10497-2,2,RACH Success Rate,(HU) RACH Success Rate(%),88.085,95.34819999999999,94.59270833333335,3.03671632591805,24,Spike,-5.548087524609773,,low,degradation,"robust z-score (MAD, threshold 3.0)",Critical,4week_rolling_avg,"KPI spike on last day: value=88.08 vs 24-day median=95.35 (z-score=-5.55, impact=degradation, method=robust z-score (MAD, threshold 3.0))"
2026-05-18,LCAIN10514,LCAIN10514-5,5,RACH Success Rate,(HU) RACH Success Rate(%),54.7918,92.3395,92.00697500000001,1.3064788824195874,24,Spike,-37.87002121809233,,low,degradation,"robust z-score (MAD, threshold 3.0)",Critical,4week_rolling_avg,"KPI spike on last day: value=54.79 vs 24-day median=92.34 (z-score=-37.87, impact=degradation, method=robust z-score (MAD, threshold 3.0))"
2026-05-18,LCAIN10594,LCAIN10594-1,1,RACH Success Rate,(HU) RACH Success Rate(%),23.7455,92.3167,91.03800833333332,5.178872862563554,24,Spike,-16.170987296325816,,low,degradation,"robust z-score (MAD, threshold 3.0)",Critical,4week_rolling_avg,"KPI spike on last day: value=23.75 vs 24-day median=92.32 (z-score=-16.17, impact=degradation, method=robust z-score (MAD, threshold 3.0))"
2026-05-18,LCAIN10594,LCAIN10594-5,5,RACH Success Rate,(HU) RACH Success Rate(%),73.284,93.31700000000001,90.00003333333335,10.799315309379057,24,Spike,-9.056349453481673,,low,degradation,"robust z-score (MAD, threshold 3.0)",Critical,4week_rolling_avg,"KPI spike on last day: value=73.28 vs 24-day median=93.32 (z-score=-9.06, impact=degradation, method=robust z-score (MAD, threshold 3.0))"
2026-05-18,LCAIN10634,LCAIN10634-3,3,RACH Success Rate,(HU) RACH Success Rate(%),75.9587,93.03935,92.73481249999999,2.069950906485565,24,Spike,-8.255932201694032,,low,degradation,"robust z-score (MAD, threshold 3.0)",Critical,4week_rolling_avg,"KPI spike on last day: value=75.96 vs 24-day median=93.04 (z-score=-8.26, impact=degradation, method=robust z-score (MAD, threshold 3.0))"
2026-05-18,LCAIN10636,LCAIN10636-7,7,RACH Success Rate,(HU) RACH Success Rate(%),65.9643,90.88415,87.03595,13.928699067183794,24,Spike,-5.874633819458199,,low,degradation,"robust z-score (MAD, threshold 3.0)",Critical,4week_rolling_avg,"KPI spike on last day: value=65.96 vs 24-day median=90.88 (z-score=-5.87, impact=degradation, method=robust z-score (MAD, threshold 3.0))"
2026-05-18,LCAIN10650_Site_0650,LCAIN10650-1,1,RACH Success Rate,(HU) RACH Success Rate(%),82.6067,97.3921,96.96750416666667,1.69433864395501,24,Spike,-8.869671966171788,,low,degradation,"robust z-score (MAD, threshold 3.0)",Critical,4week_rolling_avg,"KPI spike on last day: value=82.61 vs 24-day median=97.39 (z-score=-8.87, impact=degradation, method=robust z-score (MAD, threshold 3.0))"
2026-05-18,LCAIN10650_Site_0650,LCAIN10650-5,5,RACH Success Rate,(HU) RACH Success Rate(%),51.6247,92.12335,87.29,10.680719286210705,24,Spike,-9.442415982673733,,low,degradation,"robust z-score (MAD, threshold 3.0)",Critical,4week_rolling_avg,"KPI spike on last day: value=51.62 vs 24-day median=92.12 (z-score=-9.44, impact=degradation, method=robust z-score (MAD, threshold 3.0))"
2026-05-18,LCAIN10692,LCAIN10692-6,6,RACH Success Rate,(HU) RACH Success Rate(%),13.1144,91.6429,91.01658333333334,4.040026440988833,24,Spike,-30.00948872836135,,low,degradation,"robust z-score (MAD, threshold 3.0)",Critical,4week_rolling_avg,"KPI spike on last day: value=13.11 vs 24-day median=91.64 (z-score=-30.01, impact=degradation, method=robust z-score (MAD, threshold 3.0))"
2026-05-18,LCAIN10751,LCAIN10751-5,5,RACH Success Rate,(HU) RACH Success Rate(%),83.6455,92.6739,91.41908947368421,4.537956637993608,19,Spike,-6.883206027872192,,low,degradation,"robust z-score (MAD, threshold 3.0)",Critical,4week_rolling_avg,"KPI spike on last day: value=83.65 vs 24-day median=92.67 (z-score=-6.88, impact=degradation, method=robust z-score (MAD, threshold 3.0))"
2026-05-18,LCAIN10753,LCAIN10753-2,2,RACH Success Rate,(HU) RACH Success Rate(%),71.9119,83.37715,83.92128749999999,3.2421393855385707,24,Spike,-5.260504867241949,,low,degradation,"robust z-score (MAD, threshold 3.0)",Critical,4week_rolling_avg,"KPI spike on last day: value=71.91 vs 24-day median=83.38 (z-score=-5.26, impact=degradation, method=robust z-score (MAD, threshold 3.0))"
2026-05-18,LCAIN10764,LCAIN10764-1,1,RACH Success Rate,(HU) RACH Success Rate(%),65.5816,92.15025,91.48715999999999,4.474641906164112,20,Spike,-11.587280667788232,,low,degradation,"robust z-score (MAD, threshold 3.0)",Critical,4week_rolling_avg,"KPI spike on last day: value=65.58 vs 24-day median=92.15 (z-score=-11.59, impact=degradation, method=robust z-score (MAD, threshold 3.0))"
2026-05-18,LCAIN10800,LCAIN10800-5,5,RACH Success Rate,(HU) RACH Success Rate(%),85.7427,94.2927,93.74270833333333,2.1916338644408397,24,Spike,-9.863843313991026,,low,degradation,"robust z-score (MAD, threshold 3.0)",Critical,4week_rolling_avg,"KPI spike on last day: value=85.74 vs 24-day median=94.29 (z-score=-9.86, impact=degradation, method=robust z-score (MAD, threshold 3.0))"
2026-05-18,LCAIN10806,LCAIN10806-5,5,RACH Success Rate,(HU) RACH Success Rate(%),68.7685,92.89275,92.20657083333333,4.185409184046321,24,Spike,-5.628260910154863,,low,degradation,"robust z-score (MAD, threshold 3.0)",Critical,4week_rolling_avg,"KPI spike on last day: value=68.77 vs 24-day median=92.89 (z-score=-5.63, impact=degradation, method=robust z-score (MAD, threshold 3.0))"
2026-05-18,LCAIN10823,LCAIN10823-5,5,RACH Success Rate,(HU) RACH Success Rate(%),82.3182,89.44399999999999,88.10629999999999,4.3939344291306845,24,Spike,-5.821215107949245,,low,degradation,"robust z-score (MAD, threshold 3.0)",Critical,4week_rolling_avg,"KPI spike on last day: value=82.32 vs 24-day median=89.44 (z-score=-5.82, impact=degradation, method=robust z-score (MAD, threshold 3.0))"
2026-05-18,LCAIN11489,LCAIN11489-6,6,RACH Success Rate,(HU) RACH Success Rate(%),78.8666,90.6106,89.68044583333334,2.8634270372200237,24,Spike,-5.475371175290754,,low,degradation,"robust z-score (MAD, threshold 3.0)",Critical,4week_rolling_avg,"KPI spike on last day: value=78.87 vs 24-day median=90.61 (z-score=-5.48, impact=degradation, method=robust z-score (MAD, threshold 3.0))"
2026-05-18,LCAIN11827,LCAIN11827-5,5,RACH Success Rate,(HU) RACH Success Rate(%),62.2498,94.47385,85.19861666666667,16.71994639287326,24,Spike,-7.130964732988328,,low,degradation,"robust z-score (MAD, threshold 3.0)",Critical,4week_rolling_avg,"KPI spike on last day: value=62.25 vs 24-day median=94.47 (z-score=-7.13, impact=degradation, method=robust z-score (MAD, threshold 3.0))"
2026-05-18,LCAIN11981,LCAIN11981-3,3,RACH Success Rate,(HU) RACH Success Rate(%),44.7552,90.93585,84.18954166666667,13.569296096117043,24,Spike,-11.564936488619333,,low,degradation,"robust z-score (MAD, threshold 3.0)",Critical,4week_rolling_avg,"KPI spike on last day: value=44.76 vs 24-day median=90.94 (z-score=-11.56, impact=degradation, method=robust z-score (MAD, threshold 3.0))"
2026-05-18,LCAIN11981,LCAIN11981-7,7,RACH Success Rate,(HU) RACH Success Rate(%),35.6025,91.53085,84.2444625,14.86348817911452,24,Spike,-13.391251426259437,,low,degradation,"robust z-score (MAD, threshold 3.0)",Critical,4week_rolling_avg,"KPI spike on last day: value=35.60 vs 24-day median=91.53 (z-score=-13.39, impact=degradation, method=robust z-score (MAD, threshold 3.0))"
2026-05-18,LCAIN12055,LCAIN12055-6,6,RACH Success Rate,(HU) RACH Success Rate(%),81.4174,95.37805,91.93635416666666,7.409717797875254,24,Spike,-10.679743020627091,,low,degradation,"robust z-score (MAD, threshold 3.0)",Critical,4week_rolling_avg,"KPI spike on last day: value=81.42 vs 24-day median=95.38 (z-score=-10.68, impact=degradation, method=robust z-score (MAD, threshold 3.0))"
2026-05-18,LCAIN12056,LCAIN12056-2,2,RACH Success Rate,(HU) RACH Success Rate(%),69.7372,94.2255,92.66544166666667,4.838240535731684,24,Spike,-8.173763239040339,,low,degradation,"robust z-score (MAD, threshold 3.0)",Critical,4week_rolling_avg,"KPI spike on last day: value=69.74 vs 24-day median=94.23 (z-score=-8.17, impact=degradation, method=robust z-score (MAD, threshold 3.0))"
2026-05-18,LCAIN12059,LCAIN12059-1,1,RACH Success Rate,(HU) RACH Success Rate(%),61.4237,90.9999,88.43977083333334,7.084513977947436,24,Spike,-6.866018551491735,,low,degradation,"robust z-score (MAD, threshold 3.0)",Critical,4week_rolling_avg,"KPI spike on last day: value=61.42 vs 24-day median=91.00 (z-score=-6.87, impact=degradation, method=robust z-score (MAD, threshold 3.0))"
2026-05-18,LCAIN12070,LCAIN12070-3,3,RACH Success Rate,(HU) RACH Success Rate(%),85.4227,95.1723,84.89944999999999,24.154939796205937,24,Spike,-5.383997960203863,,low,degradation,"robust z-score (MAD, threshold 3.0)",Critical,4week_rolling_avg,"KPI spike on last day: value=85.42 vs 24-day median=95.17 (z-score=-5.38, impact=degradation, method=robust z-score (MAD, threshold 3.0))"
2026-05-18,LCAIN12256,LCAIN12256-2,2,RACH Success Rate,(HU) RACH Success Rate(%),33.9588,85.61250000000001,83.5504625,7.624929623927275,24,Spike,-9.819185587637563,,low,degradation,"robust z-score (MAD, threshold 3.0)",Critical,4week_rolling_avg,"KPI spike on last day: value=33.96 vs 24-day median=85.61 (z-score=-9.82, impact=degradation, method=robust z-score (MAD, threshold 3.0))"
2026-05-18,LCAIN12581,LCAIN12581-5,5,RACH Success Rate,(HU) RACH Success Rate(%),78.4687,95.34725,93.53530416666666,4.004666748045249,24,Spike,-9.795161117112228,,low,degradation,"robust z-score (MAD, threshold 3.0)",Critical,4week_rolling_avg,"KPI spike on last day: value=78.47 vs 24-day median=95.35 (z-score=-9.80, impact=degradation, method=robust z-score (MAD, threshold 3.0))"
2026-05-18,LCAIN12583,LCAIN12583-5,5,RACH Success Rate,(HU) RACH Success Rate(%),72.9547,93.9933,92.2553375,5.019579361013273,24,Spike,-6.24506163156534,,low,degradation,"robust z-score (MAD, threshold 3.0)",Critical,4week_rolling_avg,"KPI spike on last day: value=72.95 vs 24-day median=93.99 (z-score=-6.25, impact=degradation, method=robust z-score (MAD, threshold 3.0))"
2026-05-18,LCAIN12591,LCAIN12591-1,1,RACH Success Rate,(HU) RACH Success Rate(%),86.345,93.20165,92.70157916666666,2.048312415335113,24,Spike,-5.4948577983308855,,low,degradation,"robust z-score (MAD, threshold 3.0)",Critical,4week_rolling_avg,"KPI spike on last day: value=86.34 vs 24-day median=93.20 (z-score=-5.49, impact=degradation, method=robust z-score (MAD, threshold 3.0))"
2026-05-18,LCAIN12591,LCAIN12591-5,5,RACH Success Rate,(HU) RACH Success Rate(%),94.6075,97.29794999999999,97.16859583333333,0.5258270925243758,24,Spike,-12.265519863695678,,low,degradation,"robust z-score (MAD, threshold 3.0)",Critical,4week_rolling_avg,"KPI spike on last day: value=94.61 vs 24-day median=97.30 (z-score=-12.27, impact=degradation, method=robust z-score (MAD, threshold 3.0))"
2026-05-18,LCAIN12694,LCAIN12694-1,1,RACH Success Rate,(HU) RACH Success Rate(%),83.2583,95.5332,94.00195652173913,5.898795678325482,23,Spike,-7.960106358522534,,low,degradation,"robust z-score (MAD, threshold 3.0)",Critical,4week_rolling_avg,"KPI spike on last day: value=83.26 vs 24-day median=95.53 (z-score=-7.96, impact=degradation, method=robust z-score (MAD, threshold 3.0))"
2026-05-18,LCAIN12799,LCAIN12799-7,7,RACH Success Rate,(HU) RACH Success Rate(%),64.6361,91.68684999999999,88.53837083333333,9.283082250231653,24,Spike,-5.084431074797683,,low,degradation,"robust z-score (MAD, threshold 3.0)",Critical,4week_rolling_avg,"KPI spike on last day: value=64.64 vs 24-day median=91.69 (z-score=-5.08, impact=degradation, method=robust z-score (MAD, threshold 3.0))"
2026-05-18,LCAIN12862,LCAIN12862-6,6,RACH Success Rate,(HU) RACH Success Rate(%),92.643,96.0966,95.72204583333333,1.4804328342242692,24,Spike,-5.075544802109941,,low,degradation,"robust z-score (MAD, threshold 3.0)",Critical,4week_rolling_avg,"KPI spike on last day: value=92.64 vs 24-day median=96.10 (z-score=-5.08, impact=degradation, method=robust z-score (MAD, threshold 3.0))"
2026-05-18,LCAIN12864,LCAIN12864-2,2,RACH Success Rate,(HU) RACH Success Rate(%),74.5062,91.97325000000001,91.07331818181818,5.043356729008277,22,Spike,-6.1560057583424275,,low,degradation,"robust z-score (MAD, threshold 3.0)",Critical,4week_rolling_avg,"KPI spike on last day: value=74.51 vs 24-day median=91.97 (z-score=-6.16, impact=degradation, method=robust z-score (MAD, threshold 3.0))"
2026-05-18,LCAIN12873,LCAIN12873-7,7,RACH Success Rate,(HU) RACH Success Rate(%),49.3815,93.51945,91.33387083333332,6.752895722359851,24,Spike,-13.46356703022798,,low,degradation,"robust z-score (MAD, threshold 3.0)",Critical,4week_rolling_avg,"KPI spike on last day: value=49.38 vs 24-day median=93.52 (z-score=-13.46, impact=degradation, method=robust z-score (MAD, threshold 3.0))"
2026-05-18,LCAIN12896,LCAIN12896-7,7,RACH Success Rate,(HU) RACH Success Rate(%),63.9153,92.5061,87.62119583333333,12.867830654888932,24,Spike,-8.453361273882056,,low,degradation,"robust z-score (MAD, threshold 3.0)",Critical,4week_rolling_avg,"KPI spike on last day: value=63.92 vs 24-day median=92.51 (z-score=-8.45, impact=degradation, method=robust z-score (MAD, threshold 3.0))"
2026-05-18,LCAIN12898,LCAIN12898-2,2,RACH Success Rate,(HU) RACH Success Rate(%),69.0686,93.6104,88.03392173913043,13.554141481575693,23,Spike,-7.650421648529262,,low,degradation,"robust z-score (MAD, threshold 3.0)",Critical,4week_rolling_avg,"KPI spike on last day: value=69.07 vs 24-day median=93.61 (z-score=-7.65, impact=degradation, method=robust z-score (MAD, threshold 3.0))"
2026-05-18,LCAIN12921,LCAIN12921-5,5,RACH Success Rate,(HU) RACH Success Rate(%),81.3971,95.29995,93.99506666666666,4.7354870943289,24,Spike,-23.41701549603995,,low,degradation,"robust z-score (MAD, threshold 3.0)",Critical,4week_rolling_avg,"KPI spike on last day: value=81.40 vs 24-day median=95.30 (z-score=-23.42, impact=degradation, method=robust z-score (MAD, threshold 3.0))"
2026-05-18,LCAIN13986,LCAIN13986-7,7,RACH Success Rate,(HU) RACH Success Rate(%),75.6922,89.8724,85.58683333333333,8.528448896617851,24,Spike,-5.5134249128289525,,low,degradation,"robust z-score (MAD, threshold 3.0)",Critical,4week_rolling_avg,"KPI spike on last day: value=75.69 vs 24-day median=89.87 (z-score=-5.51, impact=degradation, method=robust z-score (MAD, threshold 3.0))"
2026-05-18,LCAIN13991,LCAIN13991-3,3,RACH Success Rate,(HU) RACH Success Rate(%),69.8614,89.18215000000001,87.07892499999998,5.9292314128990045,24,Spike,-7.976537010654931,,low,degradation,"robust z-score (MAD, threshold 3.0)",Critical,4week_rolling_avg,"KPI spike on last day: value=69.86 vs 24-day median=89.18 (z-score=-7.98, impact=degradation, method=robust z-score (MAD, threshold 3.0))"
2026-05-18,LCAIN13992,LCAIN13992-6,6,RACH Success Rate,(HU) RACH Success Rate(%),70.4626,91.9788,89.88055833333333,7.362355536948114,24,Spike,-6.93713101293037,,low,degradation,"robust z-score (MAD, threshold 3.0)",Critical,4week_rolling_avg,"KPI spike on last day: value=70.46 vs 24-day median=91.98 (z-score=-6.94, impact=degradation, method=robust z-score (MAD, threshold 3.0))"
2026-05-18,LCAIN10112_03-2-12-46,LCAIN10112-2,2,RRC Re-establishment,RRC Reestablish Setup Success Rate(%),55.102,88.5942,88.62981304347826,5.665639801800226,23,Spike,-5.50107863497919,,low,degradation,"robust z-score (MAD, threshold 3.0)",Critical,4week_rolling_avg,"KPI spike on last day: value=55.10 vs 24-day median=88.59 (z-score=-5.50, impact=degradation, method=robust z-score (MAD, threshold 3.0))"
2026-05-18,LCAIN10112_03-2-12-46,LCAIN10112-6,6,RRC Re-establishment,RRC Reestablish Setup Success Rate(%),52.0833,81.203,80.30775217391304,6.3722578923677515,23,Spike,-6.277476530532671,,low,degradation,"robust z-score (MAD, threshold 3.0)",Critical,4week_rolling_avg,"KPI spike on last day: value=52.08 vs 24-day median=81.20 (z-score=-6.28, impact=degradation, method=robust z-score (MAD, threshold 3.0))"
2026-05-18,LCAIN10493,LCAIN10493-5,5,RRC Re-establishment,RRC Reestablish Setup Success Rate(%),70.6383,84.66495,63.984775,36.98357830293568,16,Spike,-6.325997667354767,,low,degradation,"robust z-score (MAD, threshold 3.0)",Critical,4week_rolling_avg,"KPI spike on last day: value=70.64 vs 24-day median=84.66 (z-score=-6.33, impact=degradation, method=robust z-score (MAD, threshold 3.0))"
2026-05-18,LCAIN10545_Cow -Tagamo5,LCAIN10545-5,5,RRC Re-establishment,RRC Reestablish Setup Success Rate(%),72.619,88.0392,87.75698666666668,2.3048255514222515,15,Spike,-6.848026342692256,,low,degradation,"robust z-score (MAD, threshold 3.0)",Critical,4week_rolling_avg,"KPI spike on last day: value=72.62 vs 24-day median=88.04 (z-score=-6.85, impact=degradation, method=robust z-score (MAD, threshold 3.0))"
2026-05-18,LCAIN10990,LCAIN10990-2,2,RRC Re-establishment,RRC Reestablish Setup Success Rate(%),70.9091,90.8856,89.79248333333334,4.275866503281982,24,Spike,-5.553182622739592,,low,degradation,"robust z-score (MAD, threshold 3.0)",Critical,4week_rolling_avg,"KPI spike on last day: value=70.91 vs 24-day median=90.89 (z-score=-5.55, impact=degradation, method=robust z-score (MAD, threshold 3.0))"
2026-05-18,LCAIN11826,LCAIN11826-2,2,RRC Re-establishment,RRC Reestablish Setup Success Rate(%),50.0,84.6614,84.11487916666667,3.6579419787610945,24,Spike,-9.710212867535601,,low,degradation,"robust z-score (MAD, threshold 3.0)",Critical,4week_rolling_avg,"KPI spike on last day: value=50.00 vs 24-day median=84.66 (z-score=-9.71, impact=degradation, method=robust z-score (MAD, threshold 3.0))"
2026-05-18,LCAIN11826,LCAIN11826-6,6,RRC Re-establishment,RRC Reestablish Setup Success Rate(%),58.3333,82.8588,82.91295000000001,3.3982494484905996,24,Spike,-11.696403253583588,,low,degradation,"robust z-score (MAD, threshold 3.0)",Critical,4week_rolling_avg,"KPI spike on last day: value=58.33 vs 24-day median=82.86 (z-score=-11.70, impact=degradation, method=robust z-score (MAD, threshold 3.0))"
2026-05-18,LCAIN11826,LCAIN11826-7,7,RRC Re-establishment,RRC Reestablish Setup Success Rate(%),82.3529,89.75255,89.78980833333334,1.1575316957203465,24,Spike,-11.404079854589302,,low,degradation,"robust z-score (MAD, threshold 3.0)",Critical,4week_rolling_avg,"KPI spike on last day: value=82.35 vs 24-day median=89.75 (z-score=-11.40, impact=degradation, method=robust z-score (MAD, threshold 3.0))"
2026-05-18,ICAIN12708,ICAIN12708-2,2,RRC Setup SR,(TE) RRC Setup SR%,99.8335,100.0,99.99511,0.021315015833915325,20,Spike,-7.811394619518565,,low,degradation,"robust z-score (std-fallback, threshold 3.0)",Critical,4week_rolling_avg,"KPI spike on last day: value=99.83 vs 24-day median=100.00 (z-score=-7.81, impact=degradation, method=robust z-score (std-fallback, threshold 3.0))"
2026-05-18,ICAIN12934,ICAIN12934-1,1,RRC Setup SR,(TE) RRC Setup SR%,99.7199,100.0,99.98866000000001,0.049429914019750644,20,Spike,-5.666609087931759,,low,degradation,"robust z-score (std-fallback, threshold 3.0)",Critical,4week_rolling_avg,"KPI spike on last day: value=99.72 vs 24-day median=100.00 (z-score=-5.67, impact=degradation, method=robust z-score (std-fallback, threshold 3.0))"
2026-05-18,ICAIN17528,ICAIN17528-3,3,RRC Setup SR,(TE) RRC Setup SR%,99.8527,100.0,99.98302083333333,0.02824206347463955,24,Spike,-5.215624564128322,,low,degradation,"robust z-score (std-fallback, threshold 3.0)",Critical,4week_rolling_avg,"KPI spike on last day: value=99.85 vs 24-day median=100.00 (z-score=-5.22, impact=degradation, method=robust z-score (std-fallback, threshold 3.0))"
2026-05-18,LCAIN10112_03-2-12-46,LCAIN10112-5,5,RRC Setup SR,(TE) RRC Setup SR%,99.9218,99.9939,99.98696956521741,0.017135582982751654,23,Spike,-7.972259632496513,,low,degradation,"robust z-score (MAD, threshold 3.0)",Critical,4week_rolling_avg,"KPI spike on last day: value=99.92 vs 24-day median=99.99 (z-score=-7.97, impact=degradation, method=robust z-score (MAD, threshold 3.0))"
2026-05-18,LCAIN10446,LCAIN10446-3,3,RRC Setup SR,(TE) RRC Setup SR%,99.6704,99.95935,99.87810416666666,0.26476976551834425,24,Spike,-8.818737780576756,,low,degradation,"robust z-score (MAD, threshold 3.0)",Critical,4week_rolling_avg,"KPI spike on last day: value=99.67 vs 24-day median=99.96 (z-score=-8.82, impact=degradation, method=robust z-score (MAD, threshold 3.0))"
2026-05-18,LCAIN10446,LCAIN10446-5,5,RRC Setup SR,(TE) RRC Setup SR%,99.9008,99.98665,99.98581250000001,0.009871732054202617,24,Spike,-12.32021951086489,,low,degradation,"robust z-score (MAD, threshold 3.0)",Critical,4week_rolling_avg,"KPI spike on last day: value=99.90 vs 24-day median=99.99 (z-score=-12.32, impact=degradation, method=robust z-score (MAD, threshold 3.0))"
2026-05-18,LCAIN10446,LCAIN10446-7,7,RRC Setup SR,(TE) RRC Setup SR%,99.6467,99.97915,99.94223749999999,0.08084364442397422,24,Spike,-35.59277031557827,,low,degradation,"robust z-score (MAD, threshold 3.0)",Critical,4week_rolling_avg,"KPI spike on last day: value=99.65 vs 24-day median=99.98 (z-score=-35.59, impact=degradation, method=robust z-score (MAD, threshold 3.0))"
2026-05-18,LCAIN10493,LCAIN10493-6,6,RRC Setup SR,(TE) RRC Setup SR%,99.7743,99.98415,99.98313333333334,0.009546494411854197,12,Spike,-19.12728187514698,,low,degradation,"robust z-score (MAD, threshold 3.0)",Critical,4week_rolling_avg,"KPI spike on last day: value=99.77 vs 24-day median=99.98 (z-score=-19.13, impact=degradation, method=robust z-score (MAD, threshold 3.0))"
2026-05-18,LCAIN10591,LCAIN10591-6,6,RRC Setup SR,(TE) RRC Setup SR%,99.784,99.96285,99.93584583333332,0.08476311097782328,24,Spike,-6.591949307779441,,low,degradation,"robust z-score (MAD, threshold 3.0)",Critical,4week_rolling_avg,"KPI spike on last day: value=99.78 vs 24-day median=99.96 (z-score=-6.59, impact=degradation, method=robust z-score (MAD, threshold 3.0))"
2026-05-18,LCAIN10692,LCAIN10692-1,1,RRC Setup SR,(TE) RRC Setup SR%,99.8568,99.97255000000001,99.96679999999999,0.022874822403683003,24,Spike,-6.052116698407061,,low,degradation,"robust z-score (MAD, threshold 3.0)",Critical,4week_rolling_avg,"KPI spike on last day: value=99.86 vs 24-day median=99.97 (z-score=-6.05, impact=degradation, method=robust z-score (MAD, threshold 3.0))"
2026-05-18,LCAIN10692,LCAIN10692-3,3,RRC Setup SR,(TE) RRC Setup SR%,99.7164,100.0,99.989625,0.034409982199936615,12,Spike,-8.241794440699518,,low,degradation,"robust z-score (std-fallback, threshold 3.0)",Critical,4week_rolling_avg,"KPI spike on last day: value=99.72 vs 24-day median=100.00 (z-score=-8.24, impact=degradation, method=robust z-score (std-fallback, threshold 3.0))"
2026-05-18,LCAIN10734,LCAIN10734-6,6,RRC Setup SR,(TE) RRC Setup SR%,99.9494,99.98825,99.9847625,0.009695394632676962,24,Spike,-5.293730506186059,,low,degradation,"robust z-score (MAD, threshold 3.0)",Critical,4week_rolling_avg,"KPI spike on last day: value=99.95 vs 24-day median=99.99 (z-score=-5.29, impact=degradation, method=robust z-score (MAD, threshold 3.0))"
2026-05-18,LCAIN10827,LCAIN10827-5,5,RRC Setup SR,(TE) RRC Setup SR%,99.8479,99.9718,99.96640416666668,0.014570760651805573,24,Spike,-13.264984936382167,,low,degradation,"robust z-score (MAD, threshold 3.0)",Critical,4week_rolling_avg,"KPI spike on last day: value=99.85 vs 24-day median=99.97 (z-score=-13.26, impact=degradation, method=robust z-score (MAD, threshold 3.0))"
2026-05-18,LCAIN10931,LCAIN10931-3,3,RRC Setup SR,(TE) RRC Setup SR%,99.8919,100.0,99.995625,0.010457782189993334,24,Spike,-10.336799718723354,,low,degradation,"robust z-score (std-fallback, threshold 3.0)",Critical,4week_rolling_avg,"KPI spike on last day: value=99.89 vs 24-day median=100.00 (z-score=-10.34, impact=degradation, method=robust z-score (std-fallback, threshold 3.0))"
2026-05-18,LCAIN10975,LCAIN10975-2,2,RRC Setup SR,(TE) RRC Setup SR%,99.76,99.96725,99.9623375,0.030702630350128757,24,Spike,-9.25749734447387,,low,degradation,"robust z-score (MAD, threshold 3.0)",Critical,4week_rolling_avg,"KPI spike on last day: value=99.76 vs 24-day median=99.97 (z-score=-9.26, impact=degradation, method=robust z-score (MAD, threshold 3.0))"
2026-05-18,LCAIN10985,LCAIN10985-3,3,RRC Setup SR,(TE) RRC Setup SR%,99.9083,100.0,99.99050833333332,0.01585454500205625,24,Spike,-5.7838304403002425,,low,degradation,"robust z-score (std-fallback, threshold 3.0)",Critical,4week_rolling_avg,"KPI spike on last day: value=99.91 vs 24-day median=100.00 (z-score=-5.78, impact=degradation, method=robust z-score (std-fallback, threshold 3.0))"
2026-05-18,LCAIN10987,LCAIN10987-2,2,RRC Setup SR,(TE) RRC Setup SR%,99.8022,99.93635,99.92064583333335,0.07326409977589417,24,Spike,-5.069072010297513,,low,degradation,"robust z-score (MAD, threshold 3.0)",Critical,4week_rolling_avg,"KPI spike on last day: value=99.80 vs 24-day median=99.94 (z-score=-5.07, impact=degradation, method=robust z-score (MAD, threshold 3.0))"
2026-05-18,LCAIN10989,LCAIN10989-2,2,RRC Setup SR,(TE) RRC Setup SR%,99.6253,99.9223,99.88941666666666,0.0946195789581749,24,Spike,-5.865995770558571,,low,degradation,"robust z-score (MAD, threshold 3.0)",Critical,4week_rolling_avg,"KPI spike on last day: value=99.63 vs 24-day median=99.92 (z-score=-5.87, impact=degradation, method=robust z-score (MAD, threshold 3.0))"
2026-05-18,LCAIN10989,LCAIN10989-6,6,RRC Setup SR,(TE) RRC Setup SR%,99.8334,99.9839,99.98166666666667,0.017593362068942502,24,Spike,-7.49157633218919,,low,degradation,"robust z-score (MAD, threshold 3.0)",Critical,4week_rolling_avg,"KPI spike on last day: value=99.83 vs 24-day median=99.98 (z-score=-7.49, impact=degradation, method=robust z-score (MAD, threshold 3.0))"
2026-05-18,LCAIN11025,LCAIN11025-6,6,RRC Setup SR,(TE) RRC Setup SR%,99.8336,99.97755000000001,99.96590833333333,0.02502190568060089,24,Spike,-6.673054627268339,,low,degradation,"robust z-score (MAD, threshold 3.0)",Critical,4week_rolling_avg,"KPI spike on last day: value=99.83 vs 24-day median=99.98 (z-score=-6.67, impact=degradation, method=robust z-score (MAD, threshold 3.0))"
2026-05-18,LCAIN11826,LCAIN11826-6,6,RRC Setup SR,(TE) RRC Setup SR%,99.4638,99.882,99.88973749999998,0.04742325214227747,24,Spike,-6.888205997877796,,low,degradation,"robust z-score (MAD, threshold 3.0)",Critical,4week_rolling_avg,"KPI spike on last day: value=99.46 vs 24-day median=99.88 (z-score=-6.89, impact=degradation, method=robust z-score (MAD, threshold 3.0))"
2026-05-18,LCAIN11826,LCAIN11826-7,7,RRC Setup SR,(TE) RRC Setup SR%,99.6825,99.93695,99.9289875,0.03557745438359197,24,Spike,-11.714960665451198,,low,degradation,"robust z-score (MAD, threshold 3.0)",Critical,4week_rolling_avg,"KPI spike on last day: value=99.68 vs 24-day median=99.94 (z-score=-11.71, impact=degradation, method=robust z-score (MAD, threshold 3.0))"
2026-05-18,LCAIN11980,LCAIN11980-6,6,RRC Setup SR,(TE) RRC Setup SR%,99.7959,99.9697,99.9631357142857,0.037204370080155716,14,Spike,-5.130262319345345,,low,degradation,"robust z-score (MAD, threshold 3.0)",Critical,4week_rolling_avg,"KPI spike on last day: value=99.80 vs 24-day median=99.97 (z-score=-5.13, impact=degradation, method=robust z-score (MAD, threshold 3.0))"
2026-05-18,LCAIN12059,LCAIN12059-2,2,RRC Setup SR,(TE) RRC Setup SR%,98.6799,99.88335000000001,99.7509875,0.2753865545502958,24,Spike,-6.958558975500737,,low,degradation,"robust z-score (MAD, threshold 3.0)",Critical,4week_rolling_avg,"KPI spike on last day: value=98.68 vs 24-day median=99.88 (z-score=-6.96, impact=degradation, method=robust z-score (MAD, threshold 3.0))"
2026-05-18,LCAIN12071,LCAIN12071-3,3,RRC Setup SR,(TE) RRC Setup SR%,99.6044,99.97175,99.94153333333333,0.10436350602048935,24,Spike,-8.770767451105469,,low,degradation,"robust z-score (MAD, threshold 3.0)",Critical,4week_rolling_avg,"KPI spike on last day: value=99.60 vs 24-day median=99.97 (z-score=-8.77, impact=degradation, method=robust z-score (MAD, threshold 3.0))"
2026-05-18,LCAIN12251,LCAIN12251-6,6,RRC Setup SR,(TE) RRC Setup SR%,99.4462,99.96725,99.93562083333335,0.10491133152638356,24,Spike,-14.171105251024024,,low,degradation,"robust z-score (MAD, threshold 3.0)",Critical,4week_rolling_avg,"KPI spike on last day: value=99.45 vs 24-day median=99.97 (z-score=-14.17, impact=degradation, method=robust z-score (MAD, threshold 3.0))"
2026-05-18,LCAIN12257,LCAIN12257-2,2,RRC Setup SR,(TE) RRC Setup SR%,99.8869,99.9722,99.97477083333332,0.009610388440238649,24,Spike,-7.570271287280104,,low,degradation,"robust z-score (MAD, threshold 3.0)",Critical,4week_rolling_avg,"KPI spike on last day: value=99.89 vs 24-day median=99.97 (z-score=-7.57, impact=degradation, method=robust z-score (MAD, threshold 3.0))"
2026-05-18,LCAIN12312,LCAIN12312-2,2,RRC Setup SR,(TE) RRC Setup SR%,98.8,100.0,99.94559583333334,0.10355396129219462,24,Spike,-11.588161235223097,,low,degradation,"robust z-score (std-fallback, threshold 3.0)",Critical,4week_rolling_avg,"KPI spike on last day: value=98.80 vs 24-day median=100.00 (z-score=-11.59, impact=degradation, method=robust z-score (std-fallback, threshold 3.0))"
2026-05-18,LCAIN12570,LCAIN12570-1,1,RRC Setup SR,(TE) RRC Setup SR%,99.9052,99.9648,99.96314166666666,0.015313172887709947,24,Spike,-5.622328568502247,,low,degradation,"robust z-score (MAD, threshold 3.0)",Critical,4week_rolling_avg,"KPI spike on last day: value=99.91 vs 24-day median=99.96 (z-score=-5.62, impact=degradation, method=robust z-score (MAD, threshold 3.0))"
2026-05-18,LCAIN12591,LCAIN12591-5,5,RRC Setup SR,(TE) RRC Setup SR%,99.8689,99.95435,99.94835833333333,0.021576760582214794,24,Spike,-5.011759599761304,,low,degradation,"robust z-score (MAD, threshold 3.0)",Critical,4week_rolling_avg,"KPI spike on last day: value=99.87 vs 24-day median=99.95 (z-score=-5.01, impact=degradation, method=robust z-score (MAD, threshold 3.0))"
2026-05-18,LCAIN12838,LCAIN12838-6,6,RRC Setup SR,(TE) RRC Setup SR%,99.7642,99.98310000000001,99.93867916666666,0.1279249062899998,24,Spike,-29.827480252447515,,low,degradation,"robust z-score (MAD, threshold 3.0)",Critical,4week_rolling_avg,"KPI spike on last day: value=99.76 vs 24-day median=99.98 (z-score=-29.83, impact=degradation, method=robust z-score (MAD, threshold 3.0))"
2026-05-18,LCAIN12839,LCAIN12839-2,2,RRC Setup SR,(TE) RRC Setup SR%,99.3127,99.9213,99.9069409090909,0.09336888063964892,22,Spike,-5.84750820822584,,low,degradation,"robust z-score (MAD, threshold 3.0)",Critical,4week_rolling_avg,"KPI spike on last day: value=99.31 vs 24-day median=99.92 (z-score=-5.85, impact=degradation, method=robust z-score (MAD, threshold 3.0))"
2026-05-18,LCAIN12864,LCAIN12864-5,5,RRC Setup SR,(TE) RRC Setup SR%,99.9152,99.982,99.98239090909091,0.008815168182323184,22,Spike,-6.826664050461361,,low,degradation,"robust z-score (MAD, threshold 3.0)",Critical,4week_rolling_avg,"KPI spike on last day: value=99.92 vs 24-day median=99.98 (z-score=-6.83, impact=degradation, method=robust z-score (MAD, threshold 3.0))"
2026-05-18,LCAIN12929,LCAIN12929-3,3,RRC Setup SR,(TE) RRC Setup SR%,99.1198,99.8888,99.92092083333334,0.07505702820282074,24,Spike,-6.934269973763135,,low,degradation,"robust z-score (MAD, threshold 3.0)",Critical,4week_rolling_avg,"KPI spike on last day: value=99.12 vs 24-day median=99.89 (z-score=-6.93, impact=degradation, method=robust z-score (MAD, threshold 3.0))"
2026-05-18,LCAIN10022_Tagmoa1,LCAIN10022-3,3,UL Throughput,(HU) User UL Average Throughput (Mbps),18.8683,4.0165500000000005,5.493087500000001,2.9655846912697923,24,Spike,11.472020312707883,,high,enhancement,"robust z-score (MAD, threshold 3.0)",Critical,4week_rolling_avg,"KPI spike on last day: value=18.87 vs 24-day median=4.02 (z-score=+11.47, impact=enhancement, method=robust z-score (MAD, threshold 3.0))"
2026-05-18,LCAIN10112_03-2-12-46,LCAIN10112-6,6,UL Throughput,(HU) User UL Average Throughput (Mbps),5.9537,2.8937,2.833421739130435,0.43306572947896643,23,Spike,7.092583243980695,,high,enhancement,"robust z-score (MAD, threshold 3.0)",Critical,4week_rolling_avg,"KPI spike on last day: value=5.95 vs 24-day median=2.89 (z-score=+7.09, impact=enhancement, method=robust z-score (MAD, threshold 3.0))"
2026-05-18,LCAIN10121_Site_137,LCAIN10121-3,3,UL Throughput,(HU) User UL Average Throughput (Mbps),13.8236,4.1377,5.369816666666666,3.485711440493732,24,Spike,8.623350115119267,,high,enhancement,"robust z-score (MAD, threshold 3.0)",Critical,4week_rolling_avg,"KPI spike on last day: value=13.82 vs 24-day median=4.14 (z-score=+8.62, impact=enhancement, method=robust z-score (MAD, threshold 3.0))"
2026-05-18,LCAIN10132,LCAIN10132-3,3,UL Throughput,(HU) User UL Average Throughput (Mbps),8.3849,3.3457,3.9646875,1.8859879692777517,24,Spike,5.554655720141296,,high,enhancement,"robust z-score (MAD, threshold 3.0)",Critical,4week_rolling_avg,"KPI spike on last day: value=8.38 vs 24-day median=3.35 (z-score=+5.55, impact=enhancement, method=robust z-score (MAD, threshold 3.0))"
2026-05-18,LCAIN10134_03-1-30-301,LCAIN10134-1,1,UL Throughput,(HU) User UL Average Throughput (Mbps),8.2093,3.3127,3.7918458333333334,1.258528951123482,24,Spike,9.262968595857798,,high,enhancement,"robust z-score (MAD, threshold 3.0)",Critical,4week_rolling_avg,"KPI spike on last day: value=8.21 vs 24-day median=3.31 (z-score=+9.26, impact=enhancement, method=robust z-score (MAD, threshold 3.0))"
2026-05-18,LCAIN10493,LCAIN10493-2,2,UL Throughput,(HU) User UL Average Throughput (Mbps),13.7338,4.9602,4.976841666666667,1.2890808414385377,12,Spike,5.108301719835864,,high,enhancement,"robust z-score (MAD, threshold 3.0)",Critical,4week_rolling_avg,"KPI spike on last day: value=13.73 vs 24-day median=4.96 (z-score=+5.11, impact=enhancement, method=robust z-score (MAD, threshold 3.0))"
2026-05-18,LCAIN10494,LCAIN10494-2,2,UL Throughput,(HU) User UL Average Throughput (Mbps),13.4198,5.49195,4.903191666666667,1.8911713838951478,24,Spike,6.431635274857501,,high,enhancement,"robust z-score (MAD, threshold 3.0)",Critical,4week_rolling_avg,"KPI spike on last day: value=13.42 vs 24-day median=5.49 (z-score=+6.43, impact=enhancement, method=robust z-score (MAD, threshold 3.0))"
2026-05-18,LCAIN10495,LCAIN10495-2,2,UL Throughput,(HU) User UL Average Throughput (Mbps),7.5631,3.5212,4.0635125,1.9267837768572833,24,Spike,5.270612277870375,,high,enhancement,"robust z-score (MAD, threshold 3.0)",Critical,4week_rolling_avg,"KPI spike on last day: value=7.56 vs 24-day median=3.52 (z-score=+5.27, impact=enhancement, method=robust z-score (MAD, threshold 3.0))"
2026-05-18,LCAIN10510,LCAIN10510-4,4,UL Throughput,(HU) User UL Average Throughput (Mbps),30.6788,2.2148,2.6208578947368424,1.1770149238045904,19,Spike,51.56783501945154,,high,enhancement,"robust z-score (MAD, threshold 3.0)",Critical,4week_rolling_avg,"KPI spike on last day: value=30.68 vs 24-day median=2.21 (z-score=+51.57, impact=enhancement, method=robust z-score (MAD, threshold 3.0))"
2026-05-18,LCAIN10513_Site_513,LCAIN10513-6,6,UL Throughput,(HU) User UL Average Throughput (Mbps),14.7437,5.77,6.414337500000001,1.969928742749447,24,Spike,6.734925701919577,,high,enhancement,"robust z-score (MAD, threshold 3.0)",Critical,4week_rolling_avg,"KPI spike on last day: value=14.74 vs 24-day median=5.77 (z-score=+6.73, impact=enhancement, method=robust z-score (MAD, threshold 3.0))"
2026-05-18,LCAIN10513_Site_513,LCAIN10513-7,7,UL Throughput,(HU) User UL Average Throughput (Mbps),4.6902,1.7569,2.0961916666666665,1.2535599752693216,24,Spike,9.027988796589993,,high,enhancement,"robust z-score (MAD, threshold 3.0)",Critical,4week_rolling_avg,"KPI spike on last day: value=4.69 vs 24-day median=1.76 (z-score=+9.03, impact=enhancement, method=robust z-score (MAD, threshold 3.0))"
2026-05-18,LCAIN10514,LCAIN10514-3,3,UL Throughput,(HU) User UL Average Throughput (Mbps),21.9045,4.699999999999999,6.419745833333334,4.207816361445603,24,Spike,6.1682221184367645,,high,enhancement,"robust z-score (MAD, threshold 3.0)",Critical,4week_rolling_avg,"KPI spike on last day: value=21.90 vs 24-day median=4.70 (z-score=+6.17, impact=enhancement, method=robust z-score (MAD, threshold 3.0))"
2026-05-18,LCAIN10545_Cow -Tagamo5,LCAIN10545-7,7,UL Throughput,(HU) User UL Average Throughput (Mbps),3.6123,2.5203,2.52804,0.17675032409211214,15,Spike,5.276102502495995,,high,enhancement,"robust z-score (MAD, threshold 3.0)",Critical,4week_rolling_avg,"KPI spike on last day: value=3.61 vs 24-day median=2.52 (z-score=+5.28, impact=enhancement, method=robust z-score (MAD, threshold 3.0))"
2026-05-18,LCAIN10575,LCAIN10575-6,6,UL Throughput,(HU) User UL Average Throughput (Mbps),12.7646,4.15,4.759731578947368,1.8186960968471289,19,Spike,13.671689639028422,,high,enhancement,"robust z-score (MAD, threshold 3.0)",Critical,4week_rolling_avg,"KPI spike on last day: value=12.76 vs 24-day median=4.15 (z-score=+13.67, impact=enhancement, method=robust z-score (MAD, threshold 3.0))"
2026-05-18,LCAIN10576,LCAIN10576-2,2,UL Throughput,(HU) User UL Average Throughput (Mbps),20.8333,4.35475,6.122262499999999,3.9414641083414357,24,Spike,6.616638709711304,,high,enhancement,"robust z-score (MAD, threshold 3.0)",Critical,4week_rolling_avg,"KPI spike on last day: value=20.83 vs 24-day median=4.35 (z-score=+6.62, impact=enhancement, method=robust z-score (MAD, threshold 3.0))"
2026-05-18,LCAIN10592,LCAIN10592-1,1,UL Throughput,(HU) User UL Average Throughput (Mbps),10.9778,3.94735,5.847366666666667,3.0285997155818105,24,Spike,6.420218738102124,,high,enhancement,"robust z-score (MAD, threshold 3.0)",Critical,4week_rolling_avg,"KPI spike on last day: value=10.98 vs 24-day median=3.95 (z-score=+6.42, impact=enhancement, method=robust z-score (MAD, threshold 3.0))"
2026-05-18,LCAIN10594,LCAIN10594-2,2,UL Throughput,(HU) User UL Average Throughput (Mbps),8.71,3.6368,4.247629166666666,1.4979424297680155,24,Spike,6.311004280665185,,high,enhancement,"robust z-score (MAD, threshold 3.0)",Critical,4week_rolling_avg,"KPI spike on last day: value=8.71 vs 24-day median=3.64 (z-score=+6.31, impact=enhancement, method=robust z-score (MAD, threshold 3.0))"
2026-05-18,LCAIN10594,LCAIN10594-5,5,UL Throughput,(HU) User UL Average Throughput (Mbps),10.9729,4.26695,4.9618,2.168100263095167,24,Spike,5.378561517940516,,high,enhancement,"robust z-score (MAD, threshold 3.0)",Critical,4week_rolling_avg,"KPI spike on last day: value=10.97 vs 24-day median=4.27 (z-score=+5.38, impact=enhancement, method=robust z-score (MAD, threshold 3.0))"
2026-05-18,LCAIN10634,LCAIN10634-1,1,UL Throughput,(HU) User UL Average Throughput (Mbps),13.0823,2.88305,3.236566666666667,0.9983907199700036,24,Spike,11.821118444181913,,high,enhancement,"robust z-score (MAD, threshold 3.0)",Critical,4week_rolling_avg,"KPI spike on last day: value=13.08 vs 24-day median=2.88 (z-score=+11.82, impact=enhancement, method=robust z-score (MAD, threshold 3.0))"
2026-05-18,LCAIN10737,LCAIN10737-1,1,UL Throughput,(HU) User UL Average Throughput (Mbps),6.8723,2.9869000000000003,4.833441666666666,2.6346887271738995,24,Spike,5.745815384499807,,high,enhancement,"robust z-score (MAD, threshold 3.0)",Critical,4week_rolling_avg,"KPI spike on last day: value=6.87 vs 24-day median=2.99 (z-score=+5.75, impact=enhancement, method=robust z-score (MAD, threshold 3.0))"
2026-05-18,LCAIN10752,LCAIN10752-5,5,UL Throughput,(HU) User UL Average Throughput (Mbps),3.3122,1.3266499999999999,1.4108958333333332,0.2993688311530982,24,Spike,8.842754225676822,,high,enhancement,"robust z-score (MAD, threshold 3.0)",Critical,4week_rolling_avg,"KPI spike on last day: value=3.31 vs 24-day median=1.33 (z-score=+8.84, impact=enhancement, method=robust z-score (MAD, threshold 3.0))"
2026-05-18,LCAIN10760,LCAIN10760-1,1,UL Throughput,(HU) User UL Average Throughput (Mbps),7.6979,1.869,2.0478083333333332,0.7926558836787598,24,Spike,12.08403008425734,,high,enhancement,"robust z-score (MAD, threshold 3.0)",Critical,4week_rolling_avg,"KPI spike on last day: value=7.70 vs 24-day median=1.87 (z-score=+12.08, impact=enhancement, method=robust z-score (MAD, threshold 3.0))"
2026-05-18,LCAIN10806,LCAIN10806-6,6,UL Throughput,(HU) User UL Average Throughput (Mbps),6.5114,4.2234,4.769804166666667,1.3401555331002837,24,Spike,7.296618712446572,,high,enhancement,"robust z-score (MAD, threshold 3.0)",Critical,4week_rolling_avg,"KPI spike on last day: value=6.51 vs 24-day median=4.22 (z-score=+7.30, impact=enhancement, method=robust z-score (MAD, threshold 3.0))"
2026-05-18,LCAIN10827,LCAIN10827-3,3,UL Throughput,(HU) User UL Average Throughput (Mbps),7.4247,4.38875,4.471125,0.6062835786233479,24,Spike,6.533887113059895,,high,enhancement,"robust z-score (MAD, threshold 3.0)",Critical,4week_rolling_avg,"KPI spike on last day: value=7.42 vs 24-day median=4.39 (z-score=+6.53, impact=enhancement, method=robust z-score (MAD, threshold 3.0))"
2026-05-18,LCAIN10859,LCAIN10859-4,4,UL Throughput,(HU) User UL Average Throughput (Mbps),7.0134,2.73405,2.791391666666667,0.41824814795033927,24,Spike,13.332018621552743,,high,enhancement,"robust z-score (MAD, threshold 3.0)",Critical,4week_rolling_avg,"KPI spike on last day: value=7.01 vs 24-day median=2.73 (z-score=+13.33, impact=enhancement, method=robust z-score (MAD, threshold 3.0))"
2026-05-18,LCAIN10971,LCAIN10971-2,2,UL Throughput,(HU) User UL Average Throughput (Mbps),8.4108,3.4194,4.014954166666667,2.113062156559205,24,Spike,5.998491183699735,,high,enhancement,"robust z-score (MAD, threshold 3.0)",Critical,4week_rolling_avg,"KPI spike on last day: value=8.41 vs 24-day median=3.42 (z-score=+6.00, impact=enhancement, method=robust z-score (MAD, threshold 3.0))"
2026-05-18,LCAIN10987,LCAIN10987-5,5,UL Throughput,(HU) User UL Average Throughput (Mbps),8.4034,3.5237499999999997,3.7897875000000005,1.0219925955017564,24,Spike,5.979794394040637,,high,enhancement,"robust z-score (MAD, threshold 3.0)",Critical,4week_rolling_avg,"KPI spike on last day: value=8.40 vs 24-day median=3.52 (z-score=+5.98, impact=enhancement, method=robust z-score (MAD, threshold 3.0))"
2026-05-18,LCAIN11838,LCAIN11838-2,2,UL Throughput,(HU) User UL Average Throughput (Mbps),13.8871,4.3645,5.254741666666667,2.4510330058495517,24,Spike,5.3092834934423045,,high,enhancement,"robust z-score (MAD, threshold 3.0)",Critical,4week_rolling_avg,"KPI spike on last day: value=13.89 vs 24-day median=4.36 (z-score=+5.31, impact=enhancement, method=robust z-score (MAD, threshold 3.0))"
2026-05-18,LCAIN12058,LCAIN12058-5,5,UL Throughput,(HU) User UL Average Throughput (Mbps),3.8591,1.4195,1.5441291666666668,0.47765557716759216,24,Spike,5.39238950293004,,high,enhancement,"robust z-score (MAD, threshold 3.0)",Critical,4week_rolling_avg,"KPI spike on last day: value=3.86 vs 24-day median=1.42 (z-score=+5.39, impact=enhancement, method=robust z-score (MAD, threshold 3.0))"
2026-05-18,LCAIN12522,LCAIN12522-3,3,UL Throughput,(HU) User UL Average Throughput (Mbps),11.5119,4.3128,4.212265217391304,1.247375182780328,23,Spike,5.6725776011074265,,high,enhancement,"robust z-score (MAD, threshold 3.0)",Critical,4week_rolling_avg,"KPI spike on last day: value=11.51 vs 24-day median=4.31 (z-score=+5.67, impact=enhancement, method=robust z-score (MAD, threshold 3.0))"
2026-05-18,LCAIN12581,LCAIN12581-6,6,UL Throughput,(HU) User UL Average Throughput (Mbps),6.0237,2.4596999999999998,2.445075,0.3456395452032845,24,Spike,8.999944091256399,,high,enhancement,"robust z-score (MAD, threshold 3.0)",Critical,4week_rolling_avg,"KPI spike on last day: value=6.02 vs 24-day median=2.46 (z-score=+9.00, impact=enhancement, method=robust z-score (MAD, threshold 3.0))"
2026-05-18,LCAIN12841,LCAIN12841-7,7,UL Throughput,(HU) User UL Average Throughput (Mbps),8.8461,4.0115,4.1247,0.5952256049880023,24,Spike,7.11829955417059,,high,enhancement,"robust z-score (MAD, threshold 3.0)",Critical,4week_rolling_avg,"KPI spike on last day: value=8.85 vs 24-day median=4.01 (z-score=+7.12, impact=enhancement, method=robust z-score (MAD, threshold 3.0))"
2026-05-18,LCAIN12872,LCAIN12872-1,1,UL Throughput,(HU) User UL Average Throughput (Mbps),9.3499,3.9596,5.708941666666668,3.248742994979836,24,Spike,5.576666217971763,,high,enhancement,"robust z-score (MAD, threshold 3.0)",Critical,4week_rolling_avg,"KPI spike on last day: value=9.35 vs 24-day median=3.96 (z-score=+5.58, impact=enhancement, method=robust z-score (MAD, threshold 3.0))"
2026-05-18,LCAIN12889,LCAIN12889-5,5,UL Throughput,(HU) User UL Average Throughput (Mbps),13.7545,4.3982,4.868573684210526,1.4377242294104235,19,Spike,8.993498493502738,,high,enhancement,"robust z-score (MAD, threshold 3.0)",Critical,4week_rolling_avg,"KPI spike on last day: value=13.75 vs 24-day median=4.40 (z-score=+8.99, impact=enhancement, method=robust z-score (MAD, threshold 3.0))"
2026-05-18,LCAIN12896,LCAIN12896-2,2,UL Throughput,(HU) User UL Average Throughput (Mbps),9.9465,3.7769500000000003,3.754383333333333,0.825492896530444,24,Spike,8.531633962334855,,high,enhancement,"robust z-score (MAD, threshold 3.0)",Critical,4week_rolling_avg,"KPI spike on last day: value=9.95 vs 24-day median=3.78 (z-score=+8.53, impact=enhancement, method=robust z-score (MAD, threshold 3.0))"
2026-05-18,LCAIN12901,LCAIN12901-2,2,UL Throughput,(HU) User UL Average Throughput (Mbps),9.4802,3.53395,6.1194291666666665,5.401832490035146,24,Spike,5.620756328971626,,high,enhancement,"robust z-score (MAD, threshold 3.0)",Critical,4week_rolling_avg,"KPI spike on last day: value=9.48 vs 24-day median=3.53 (z-score=+5.62, impact=enhancement, method=robust z-score (MAD, threshold 3.0))"
2026-05-18,LCAIN12901,LCAIN12901-3,3,UL Throughput,(HU) User UL Average Throughput (Mbps),18.4539,3.21135,4.8004083333333325,4.214053859301898,24,Spike,13.664219997155739,,high,enhancement,"robust z-score (MAD, threshold 3.0)",Critical,4week_rolling_avg,"KPI spike on last day: value=18.45 vs 24-day median=3.21 (z-score=+13.66, impact=enhancement, method=robust z-score (MAD, threshold 3.0))"
2026-05-18,LCAIN12917,LCAIN12917-7,7,UL Throughput,(HU) User UL Average Throughput (Mbps),13.4846,3.9204499999999998,4.675195833333333,1.6645628496392997,24,Spike,7.7053640674248465,,high,enhancement,"robust z-score (MAD, threshold 3.0)",Critical,4week_rolling_avg,"KPI spike on last day: value=13.48 vs 24-day median=3.92 (z-score=+7.71, impact=enhancement, method=robust z-score (MAD, threshold 3.0))"
2026-05-18,LCAIN12919,LCAIN12919-1,1,UL Throughput,(HU) User UL Average Throughput (Mbps),6.5194,3.2681,3.4490833333333337,0.6674033348649742,24,Spike,5.129158709592454,,high,enhancement,"robust z-score (MAD, threshold 3.0)",Critical,4week_rolling_avg,"KPI spike on last day: value=6.52 vs 24-day median=3.27 (z-score=+5.13, impact=enhancement, method=robust z-score (MAD, threshold 3.0))"
2026-05-18,LCAIN13991,LCAIN13991-3,3,UL Throughput,(HU) User UL Average Throughput (Mbps),6.2403,2.1669,2.369104166666667,0.8118542369575786,24,Spike,6.616425429625439,,high,enhancement,"robust z-score (MAD, threshold 3.0)",Critical,4week_rolling_avg,"KPI spike on last day: value=6.24 vs 24-day median=2.17 (z-score=+6.62, impact=enhancement, method=robust z-score (MAD, threshold 3.0))"
2026-05-18,LCAIN15444,LCAIN15444-1,1,UL Throughput,(HU) User UL Average Throughput (Mbps),5.697,2.9381500000000003,3.108920833333334,0.4492825669694284,24,Spike,8.498830014989744,,high,enhancement,"robust z-score (MAD, threshold 3.0)",Critical,4week_rolling_avg,"KPI spike on last day: value=5.70 vs 24-day median=2.94 (z-score=+8.50, impact=enhancement, method=robust z-score (MAD, threshold 3.0))"
2026-05-18,LCAIN22701,LCAIN22701-2,2,UL Throughput,(HU) User UL Average Throughput (Mbps),2.1637,5.7523,5.184124999999999,1.5990948904119688,24,Spike,-7.791654722220217,,low,degradation,"robust z-score (MAD, threshold 3.0)",Critical,4week_rolling_avg,"KPI spike on last day: value=2.16 vs 24-day median=5.75 (z-score=-7.79, impact=degradation, method=robust z-score (MAD, threshold 3.0))"
2026-05-18,LCAIN10022_Tagmoa1,LCAIN10022-3,3,UL Traffic,(HU) UL Traffic Volume (GBytes),6.3313,0.7773,1.077175,0.9174995509762752,24,Spike,14.576348942151787,,high,enhancement,"robust z-score (MAD, threshold 3.0)",Critical,4week_rolling_avg,"KPI spike on last day: value=6.33 vs 24-day median=0.78 (z-score=+14.58, impact=enhancement, method=robust z-score (MAD, threshold 3.0))"
2026-05-18,LCAIN10108_Site_133,LCAIN10108-1,1,UL Traffic,(HU) UL Traffic Volume (GBytes),14.5406,4.7626,5.840783333333333,3.38957857934516,24,Spike,6.4258495115332455,,high,enhancement,"robust z-score (MAD, threshold 3.0)",Critical,4week_rolling_avg,"KPI spike on last day: value=14.54 vs 24-day median=4.76 (z-score=+6.43, impact=enhancement, method=robust z-score (MAD, threshold 3.0))"
2026-05-18,LCAIN10108_Site_133,LCAIN10108-3,3,UL Traffic,(HU) UL Traffic Volume (GBytes),9.139,3.2287,5.136375,5.168060357801077,24,Spike,6.414228054279197,,high,enhancement,"robust z-score (MAD, threshold 3.0)",Critical,4week_rolling_avg,"KPI spike on last day: value=9.14 vs 24-day median=3.23 (z-score=+6.41, impact=enhancement, method=robust z-score (MAD, threshold 3.0))"
2026-05-18,LCAIN10121_Site_137,LCAIN10121-3,3,UL Traffic,(HU) UL Traffic Volume (GBytes),12.3075,2.9375999999999998,6.421495833333334,11.773560149882417,24,Spike,8.626098365139905,,high,enhancement,"robust z-score (MAD, threshold 3.0)",Critical,4week_rolling_avg,"KPI spike on last day: value=12.31 vs 24-day median=2.94 (z-score=+8.63, impact=enhancement, method=robust z-score (MAD, threshold 3.0))"
2026-05-18,LCAIN10132,LCAIN10132-3,3,UL Traffic,(HU) UL Traffic Volume (GBytes),3.2461,1.2079499999999999,1.5187666666666668,0.8042161254220713,24,Spike,5.793145138757788,,high,enhancement,"robust z-score (MAD, threshold 3.0)",Critical,4week_rolling_avg,"KPI spike on last day: value=3.25 vs 24-day median=1.21 (z-score=+5.79, impact=enhancement, method=robust z-score (MAD, threshold 3.0))"
2026-05-18,LCAIN10134_03-1-30-301,LCAIN10134-1,1,UL Traffic,(HU) UL Traffic Volume (GBytes),5.1262,1.88265,2.317916666666667,1.1316050148891275,24,Spike,6.378263856852216,,high,enhancement,"robust z-score (MAD, threshold 3.0)",Critical,4week_rolling_avg,"KPI spike on last day: value=5.13 vs 24-day median=1.88 (z-score=+6.38, impact=enhancement, method=robust z-score (MAD, threshold 3.0))"
2026-05-18,LCAIN10444,LCAIN10444-7,7,UL Traffic,(HU) UL Traffic Volume (GBytes),3.1208,0.27325,0.66965,0.9150730153016935,24,Spike,34.82585969442573,,high,enhancement,"robust z-score (MAD, threshold 3.0)",Critical,4week_rolling_avg,"KPI spike on last day: value=3.12 vs 24-day median=0.27 (z-score=+34.83, impact=enhancement, method=robust z-score (MAD, threshold 3.0))"
2026-05-18,LCAIN10494,LCAIN10494-7,7,UL Traffic,(HU) UL Traffic Volume (GBytes),3.0702,0.6043499999999999,1.5561833333333333,1.7443555311027878,24,Spike,6.074481516637553,,high,enhancement,"robust z-score (MAD, threshold 3.0)",Critical,4week_rolling_avg,"KPI spike on last day: value=3.07 vs 24-day median=0.60 (z-score=+6.07, impact=enhancement, method=robust z-score (MAD, threshold 3.0))"
2026-05-18,LCAIN10498,LCAIN10498-6,6,UL Traffic,(HU) UL Traffic Volume (GBytes),3.1671,0.5964499999999999,0.6857541666666668,0.43381014278442004,24,Spike,14.389042911605875,,high,enhancement,"robust z-score (MAD, threshold 3.0)",Critical,4week_rolling_avg,"KPI spike on last day: value=3.17 vs 24-day median=0.60 (z-score=+14.39, impact=enhancement, method=robust z-score (MAD, threshold 3.0))"
2026-05-18,LCAIN10509,LCAIN10509-1,1,UL Traffic,(HU) UL Traffic Volume (GBytes),3.2018,0.9259,1.0139541666666665,0.45799345062563085,24,Spike,5.288797655444558,,high,enhancement,"robust z-score (MAD, threshold 3.0)",Critical,4week_rolling_avg,"KPI spike on last day: value=3.20 vs 24-day median=0.93 (z-score=+5.29, impact=enhancement, method=robust z-score (MAD, threshold 3.0))"
2026-05-18,LCAIN10509,LCAIN10509-3,3,UL Traffic,(HU) UL Traffic Volume (GBytes),11.4898,5.377549999999999,5.206529166666667,1.7021073696742242,24,Spike,5.370839167028163,,high,enhancement,"robust z-score (MAD, threshold 3.0)",Critical,4week_rolling_avg,"KPI spike on last day: value=11.49 vs 24-day median=5.38 (z-score=+5.37, impact=enhancement, method=robust z-score (MAD, threshold 3.0))"
2026-05-18,LCAIN10510,LCAIN10510-4,4,UL Traffic,(HU) UL Traffic Volume (GBytes),9.3284,0.18295,0.2359,0.15359847004446367,20,Spike,88.43758446244057,,high,enhancement,"robust z-score (MAD, threshold 3.0)",Critical,4week_rolling_avg,"KPI spike on last day: value=9.33 vs 24-day median=0.18 (z-score=+88.44, impact=enhancement, method=robust z-score (MAD, threshold 3.0))"
2026-05-18,LCAIN10513_Site_513,LCAIN10513-6,6,UL Traffic,(HU) UL Traffic Volume (GBytes),8.3638,2.3578,3.2015958333333336,1.8836299699602994,24,Spike,7.903602578121999,,high,enhancement,"robust z-score (MAD, threshold 3.0)",Critical,4week_rolling_avg,"KPI spike on last day: value=8.36 vs 24-day median=2.36 (z-score=+7.90, impact=enhancement, method=robust z-score (MAD, threshold 3.0))"
2026-05-18,LCAIN10513_Site_513,LCAIN10513-7,7,UL Traffic,(HU) UL Traffic Volume (GBytes),3.1514,0.915,1.0421166666666668,0.8329105827691764,24,Spike,9.220239208395219,,high,enhancement,"robust z-score (MAD, threshold 3.0)",Critical,4week_rolling_avg,"KPI spike on last day: value=3.15 vs 24-day median=0.92 (z-score=+9.22, impact=enhancement, method=robust z-score (MAD, threshold 3.0))"
2026-05-18,LCAIN10514,LCAIN10514-3,3,UL Traffic,(HU) UL Traffic Volume (GBytes),16.1391,0.763,1.7974166666666667,2.947719530934983,24,Spike,30.930621433904193,,high,enhancement,"robust z-score (MAD, threshold 3.0)",Critical,4week_rolling_avg,"KPI spike on last day: value=16.14 vs 24-day median=0.76 (z-score=+30.93, impact=enhancement, method=robust z-score (MAD, threshold 3.0))"
2026-05-18,LCAIN10575,LCAIN10575-6,6,UL Traffic,(HU) UL Traffic Volume (GBytes),18.9088,3.1706,4.1114999999999995,3.4281848867724065,19,Spike,6.100379559102667,,high,enhancement,"robust z-score (MAD, threshold 3.0)",Critical,4week_rolling_avg,"KPI spike on last day: value=18.91 vs 24-day median=3.17 (z-score=+6.10, impact=enhancement, method=robust z-score (MAD, threshold 3.0))"
2026-05-18,LCAIN10576,LCAIN10576-2,2,UL Traffic,(HU) UL Traffic Volume (GBytes),27.359,0.95885,2.2339583333333337,2.528242582459976,24,Spike,43.462673233575885,,high,enhancement,"robust z-score (MAD, threshold 3.0)",Critical,4week_rolling_avg,"KPI spike on last day: value=27.36 vs 24-day median=0.96 (z-score=+43.46, impact=enhancement, method=robust z-score (MAD, threshold 3.0))"
2026-05-18,LCAIN10581,LCAIN10581-6,6,UL Traffic,(HU) UL Traffic Volume (GBytes),5.7347,1.5874000000000001,1.7108291666666666,0.521984831739364,24,Spike,7.8170058034854915,,high,enhancement,"robust z-score (MAD, threshold 3.0)",Critical,4week_rolling_avg,"KPI spike on last day: value=5.73 vs 24-day median=1.59 (z-score=+7.82, impact=enhancement, method=robust z-score (MAD, threshold 3.0))"
2026-05-18,LCAIN10583,LCAIN10583-7,7,UL Traffic,(HU) UL Traffic Volume (GBytes),17.2921,3.85485,7.464695833333334,5.147627055861044,24,Spike,5.688740244650315,,high,enhancement,"robust z-score (MAD, threshold 3.0)",Critical,4week_rolling_avg,"KPI spike on last day: value=17.29 vs 24-day median=3.85 (z-score=+5.69, impact=enhancement, method=robust z-score (MAD, threshold 3.0))"
2026-05-18,LCAIN10588,LCAIN10588-6,6,UL Traffic,(HU) UL Traffic Volume (GBytes),13.5982,5.5774,6.946533333333335,3.4596030717249757,24,Spike,7.644419222283278,,high,enhancement,"robust z-score (MAD, threshold 3.0)",Critical,4week_rolling_avg,"KPI spike on last day: value=13.60 vs 24-day median=5.58 (z-score=+7.64, impact=enhancement, method=robust z-score (MAD, threshold 3.0))"
2026-05-18,LCAIN10634,LCAIN10634-1,1,UL Traffic,(HU) UL Traffic Volume (GBytes),1.373,0.11285,0.14052499999999998,0.11606416418659696,24,Spike,22.279411023707247,,high,enhancement,"robust z-score (MAD, threshold 3.0)",Critical,4week_rolling_avg,"KPI spike on last day: value=1.37 vs 24-day median=0.11 (z-score=+22.28, impact=enhancement, method=robust z-score (MAD, threshold 3.0))"
2026-05-18,LCAIN10692,LCAIN10692-3,3,UL Traffic,(HU) UL Traffic Volume (GBytes),0.1104,0.0125,0.04228333333333334,0.056691244669897854,24,Spike,5.282611628220693,,high,enhancement,"robust z-score (MAD, threshold 3.0)",Critical,4week_rolling_avg,"KPI spike on last day: value=0.11 vs 24-day median=0.01 (z-score=+5.28, impact=enhancement, method=robust z-score (MAD, threshold 3.0))"
2026-05-18,LCAIN10734,LCAIN10734-3,3,UL Traffic,(HU) UL Traffic Volume (GBytes),0.4857,0.1222,0.17848333333333333,0.1723230122634686,24,Spike,5.858480073351071,,high,enhancement,"robust z-score (MAD, threshold 3.0)",Critical,4week_rolling_avg,"KPI spike on last day: value=0.49 vs 24-day median=0.12 (z-score=+5.86, impact=enhancement, method=robust z-score (MAD, threshold 3.0))"
2026-05-18,LCAIN10734,LCAIN10734-5,5,UL Traffic,(HU) UL Traffic Volume (GBytes),2.2133,0.7752,0.8199125,0.3725740824682835,24,Spike,5.111911257988361,,high,enhancement,"robust z-score (MAD, threshold 3.0)",Critical,4week_rolling_avg,"KPI spike on last day: value=2.21 vs 24-day median=0.78 (z-score=+5.11, impact=enhancement, method=robust z-score (MAD, threshold 3.0))"
2026-05-18,LCAIN10752,LCAIN10752-5,5,UL Traffic,(HU) UL Traffic Volume (GBytes),11.9231,4.11365,4.279479166666667,1.5723409007959985,24,Spike,5.132419235695699,,high,enhancement,"robust z-score (MAD, threshold 3.0)",Critical,4week_rolling_avg,"KPI spike on last day: value=11.92 vs 24-day median=4.11 (z-score=+5.13, impact=enhancement, method=robust z-score (MAD, threshold 3.0))"
2026-05-18,LCAIN10753,LCAIN10753-5,5,UL Traffic,(HU) UL Traffic Volume (GBytes),5.7516,1.4966,1.5576625000000002,0.7446301782386676,24,Spike,5.929665664406844,,high,enhancement,"robust z-score (MAD, threshold 3.0)",Critical,4week_rolling_avg,"KPI spike on last day: value=5.75 vs 24-day median=1.50 (z-score=+5.93, impact=enhancement, method=robust z-score (MAD, threshold 3.0))"
2026-05-18,LCAIN10760,LCAIN10760-1,1,UL Traffic,(HU) UL Traffic Volume (GBytes),0.8567,0.10325000000000001,0.11424583333333334,0.048681241931284196,24,Spike,22.738034126516357,,high,enhancement,"robust z-score (MAD, threshold 3.0)",Critical,4week_rolling_avg,"KPI spike on last day: value=0.86 vs 24-day median=0.10 (z-score=+22.74, impact=enhancement, method=robust z-score (MAD, threshold 3.0))"
2026-05-18,LCAIN10855,LCAIN10855-3,3,UL Traffic,(HU) UL Traffic Volume (GBytes),0.0149,0.00165,0.007481818181818181,0.014061347289762308,22,Spike,7.447502135887406,,high,enhancement,"robust z-score (MAD, threshold 3.0)",Critical,4week_rolling_avg,"KPI spike on last day: value=0.01 vs 24-day median=0.00 (z-score=+7.45, impact=enhancement, method=robust z-score (MAD, threshold 3.0))"
2026-05-18,LCAIN10873,LCAIN10873-1,1,UL Traffic,(HU) UL Traffic Volume (GBytes),20.7721,1.4657499999999999,2.68854,4.66698826572341,20,Spike,17.090300773306602,,high,enhancement,"robust z-score (MAD, threshold 3.0)",Critical,4week_rolling_avg,"KPI spike on last day: value=20.77 vs 24-day median=1.47 (z-score=+17.09, impact=enhancement, method=robust z-score (MAD, threshold 3.0))"
2026-05-18,LCAIN10971,LCAIN10971-2,2,UL Traffic,(HU) UL Traffic Volume (GBytes),1.858,0.6488,0.8362958333333333,0.5613141733758724,24,Spike,5.68953070358632,,high,enhancement,"robust z-score (MAD, threshold 3.0)",Critical,4week_rolling_avg,"KPI spike on last day: value=1.86 vs 24-day median=0.65 (z-score=+5.69, impact=enhancement, method=robust z-score (MAD, threshold 3.0))"
2026-05-18,LCAIN10971,LCAIN10971-3,3,UL Traffic,(HU) UL Traffic Volume (GBytes),7.1575,0.63775,0.9618916666666668,1.0198395706828378,24,Spike,17.340343568996577,,high,enhancement,"robust z-score (MAD, threshold 3.0)",Critical,4week_rolling_avg,"KPI spike on last day: value=7.16 vs 24-day median=0.64 (z-score=+17.34, impact=enhancement, method=robust z-score (MAD, threshold 3.0))"
2026-05-18,LCAIN10971,LCAIN10971-7,7,UL Traffic,(HU) UL Traffic Volume (GBytes),9.4908,4.8856,5.470125,2.1767449539105406,24,Spike,5.7896828435072045,,high,enhancement,"robust z-score (MAD, threshold 3.0)",Critical,4week_rolling_avg,"KPI spike on last day: value=9.49 vs 24-day median=4.89 (z-score=+5.79, impact=enhancement, method=robust z-score (MAD, threshold 3.0))"
2026-05-18,LCAIN11651,LCAIN11651-3,3,UL Traffic,(HU) UL Traffic Volume (GBytes),8.7726,0.79415,1.0231125,1.0338853532156018,24,Spike,11.217073058772362,,high,enhancement,"robust z-score (MAD, threshold 3.0)",Critical,4week_rolling_avg,"KPI spike on last day: value=8.77 vs 24-day median=0.79 (z-score=+11.22, impact=enhancement, method=robust z-score (MAD, threshold 3.0))"
2026-05-18,LCAIN11651,LCAIN11651-6,6,UL Traffic,(HU) UL Traffic Volume (GBytes),11.0614,2.1696,3.641475,2.572875202999231,24,Spike,6.205957093454045,,high,enhancement,"robust z-score (MAD, threshold 3.0)",Critical,4week_rolling_avg,"KPI spike on last day: value=11.06 vs 24-day median=2.17 (z-score=+6.21, impact=enhancement, method=robust z-score (MAD, threshold 3.0))"
2026-05-18,LCAIN11838,LCAIN11838-2,2,UL Traffic,(HU) UL Traffic Volume (GBytes),5.3355,1.2052,1.4610375,0.8212214296463632,24,Spike,6.463687201545665,,high,enhancement,"robust z-score (MAD, threshold 3.0)",Critical,4week_rolling_avg,"KPI spike on last day: value=5.34 vs 24-day median=1.21 (z-score=+6.46, impact=enhancement, method=robust z-score (MAD, threshold 3.0))"
2026-05-18,LCAIN11975,LCAIN11975-3,3,UL Traffic,(HU) UL Traffic Volume (GBytes),8.3398,2.6008500000000003,3.351533333333333,2.3331256070035225,24,Spike,5.709667002136155,,high,enhancement,"robust z-score (MAD, threshold 3.0)",Critical,4week_rolling_avg,"KPI spike on last day: value=8.34 vs 24-day median=2.60 (z-score=+5.71, impact=enhancement, method=robust z-score (MAD, threshold 3.0))"
2026-05-18,LCAIN12008,LCAIN12008-1,1,UL Traffic,(HU) UL Traffic Volume (GBytes),0.949,0.4668,0.5076833333333334,0.37043988003753353,24,Spike,5.98416640698462,,high,enhancement,"robust z-score (MAD, threshold 3.0)",Critical,4week_rolling_avg,"KPI spike on last day: value=0.95 vs 24-day median=0.47 (z-score=+5.98, impact=enhancement, method=robust z-score (MAD, threshold 3.0))"
2026-05-18,LCAIN12058,LCAIN12058-5,5,UL Traffic,(HU) UL Traffic Volume (GBytes),17.6016,5.9989,6.956391666666668,2.81305232116241,24,Spike,5.2447233421432795,,high,enhancement,"robust z-score (MAD, threshold 3.0)",Critical,4week_rolling_avg,"KPI spike on last day: value=17.60 vs 24-day median=6.00 (z-score=+5.24, impact=enhancement, method=robust z-score (MAD, threshold 3.0))"
2026-05-18,LCAIN12250,LCAIN12250-5,5,UL Traffic,(HU) UL Traffic Volume (GBytes),5.7067,2.128,2.1360958333333335,0.44486048887934765,24,Spike,6.887716024936201,,high,enhancement,"robust z-score (MAD, threshold 3.0)",Critical,4week_rolling_avg,"KPI spike on last day: value=5.71 vs 24-day median=2.13 (z-score=+6.89, impact=enhancement, method=robust z-score (MAD, threshold 3.0))"
2026-05-18,LCAIN12312,LCAIN12312-7,7,UL Traffic,(HU) UL Traffic Volume (GBytes),5.1855,1.9479,2.4190166666666664,1.1874921096813889,24,Spike,5.884482034172525,,high,enhancement,"robust z-score (MAD, threshold 3.0)",Critical,4week_rolling_avg,"KPI spike on last day: value=5.19 vs 24-day median=1.95 (z-score=+5.88, impact=enhancement, method=robust z-score (MAD, threshold 3.0))"
2026-05-18,LCAIN12461,LCAIN12461-1,1,UL Traffic,(HU) UL Traffic Volume (GBytes),5.5765,0.8603,1.2198608695652173,1.0466018825908552,23,Spike,8.78010852841159,,high,enhancement,"robust z-score (MAD, threshold 3.0)",Critical,4week_rolling_avg,"KPI spike on last day: value=5.58 vs 24-day median=0.86 (z-score=+8.78, impact=enhancement, method=robust z-score (MAD, threshold 3.0))"
2026-05-18,LCAIN12461,LCAIN12461-2,2,UL Traffic,(HU) UL Traffic Volume (GBytes),2.222,0.14,0.2580608695652174,0.28378236415947256,23,Spike,15.197941138855745,,high,enhancement,"robust z-score (MAD, threshold 3.0)",Critical,4week_rolling_avg,"KPI spike on last day: value=2.22 vs 24-day median=0.14 (z-score=+15.20, impact=enhancement, method=robust z-score (MAD, threshold 3.0))"
2026-05-18,LCAIN12461,LCAIN12461-3,3,UL Traffic,(HU) UL Traffic Volume (GBytes),0.4553,0.0536,0.08289999999999999,0.08656108172594205,23,Spike,8.825502869112322,,high,enhancement,"robust z-score (MAD, threshold 3.0)",Critical,4week_rolling_avg,"KPI spike on last day: value=0.46 vs 24-day median=0.05 (z-score=+8.83, impact=enhancement, method=robust z-score (MAD, threshold 3.0))"
2026-05-18,LCAIN12522,LCAIN12522-3,3,UL Traffic,(HU) UL Traffic Volume (GBytes),2.7364,0.3761,0.39960000000000007,0.34962170860865427,23,Spike,6.199379048257818,,high,enhancement,"robust z-score (MAD, threshold 3.0)",Critical,4week_rolling_avg,"KPI spike on last day: value=2.74 vs 24-day median=0.38 (z-score=+6.20, impact=enhancement, method=robust z-score (MAD, threshold 3.0))"
2026-05-18,LCAIN12581,LCAIN12581-3,3,UL Traffic,(HU) UL Traffic Volume (GBytes),25.0929,4.63385,5.966575,3.7100843535165526,24,Spike,22.854322909356796,,high,enhancement,"robust z-score (MAD, threshold 3.0)",Critical,4week_rolling_avg,"KPI spike on last day: value=25.09 vs 24-day median=4.63 (z-score=+22.85, impact=enhancement, method=robust z-score (MAD, threshold 3.0))"
2026-05-18,LCAIN12581,LCAIN12581-6,6,UL Traffic,(HU) UL Traffic Volume (GBytes),29.7488,10.3055,10.531979166666668,2.3650468610542665,24,Spike,7.528531923264894,,high,enhancement,"robust z-score (MAD, threshold 3.0)",Critical,4week_rolling_avg,"KPI spike on last day: value=29.75 vs 24-day median=10.31 (z-score=+7.53, impact=enhancement, method=robust z-score (MAD, threshold 3.0))"
2026-05-18,LCAIN12837,LCAIN12837-3,3,UL Traffic,(HU) UL Traffic Volume (GBytes),0.7629,0.11305,0.23509166666666662,0.20129922362134325,24,Spike,7.834098660337185,,high,enhancement,"robust z-score (MAD, threshold 3.0)",Critical,4week_rolling_avg,"KPI spike on last day: value=0.76 vs 24-day median=0.11 (z-score=+7.83, impact=enhancement, method=robust z-score (MAD, threshold 3.0))"
2026-05-18,LCAIN12840,LCAIN12840-1,1,UL Traffic,(HU) UL Traffic Volume (GBytes),1.1229,0.2417,0.2417,,1,Spike,,364.5841952834092,high,enhancement,"%change (1-week, threshold 50.0%)",Critical,4week_rolling_avg,"KPI spike on last day: value=1.12 vs historical value=0.24 (change=+364.6%, impact=enhancement, method=%change (1-week, threshold 50.0%))"
2026-05-18,LCAIN12840,LCAIN12840-2,2,UL Traffic,(HU) UL Traffic Volume (GBytes),1.8703,0.4646,0.4646,,1,Spike,,302.5613430908308,high,enhancement,"%change (1-week, threshold 50.0%)",Critical,4week_rolling_avg,"KPI spike on last day: value=1.87 vs historical value=0.46 (change=+302.6%, impact=enhancement, method=%change (1-week, threshold 50.0%))"
2026-05-18,LCAIN12840,LCAIN12840-3,3,UL Traffic,(HU) UL Traffic Volume (GBytes),2.9659,0.884,0.884,,1,Spike,,235.50904977375566,high,enhancement,"%change (1-week, threshold 50.0%)",Critical,4week_rolling_avg,"KPI spike on last day: value=2.97 vs historical value=0.88 (change=+235.5%, impact=enhancement, method=%change (1-week, threshold 50.0%))"
2026-05-18,LCAIN12840,LCAIN12840-5,5,UL Traffic,(HU) UL Traffic Volume (GBytes),2.5744,0.8038,0.8038,,1,Spike,,220.27867628763374,high,enhancement,"%change (1-week, threshold 50.0%)",Critical,4week_rolling_avg,"KPI spike on last day: value=2.57 vs historical value=0.80 (change=+220.3%, impact=enhancement, method=%change (1-week, threshold 50.0%))"
2026-05-18,LCAIN12840,LCAIN12840-6,6,UL Traffic,(HU) UL Traffic Volume (GBytes),5.2747,1.4691,1.4691,,1,Spike,,259.04295146688446,high,enhancement,"%change (1-week, threshold 50.0%)",Critical,4week_rolling_avg,"KPI spike on last day: value=5.27 vs historical value=1.47 (change=+259.0%, impact=enhancement, method=%change (1-week, threshold 50.0%))"
2026-05-18,LCAIN12840,LCAIN12840-7,7,UL Traffic,(HU) UL Traffic Volume (GBytes),2.6946,0.5756,0.5756,,1,Spike,,368.13759555246696,high,enhancement,"%change (1-week, threshold 50.0%)",Critical,4week_rolling_avg,"KPI spike on last day: value=2.69 vs historical value=0.58 (change=+368.1%, impact=enhancement, method=%change (1-week, threshold 50.0%))"
2026-05-18,LCAIN12861,LCAIN12861-2,2,UL Traffic,(HU) UL Traffic Volume (GBytes),2.4676,0.6449499999999999,0.7368041666666668,0.3451368019582557,24,Spike,7.018901414559042,,high,enhancement,"robust z-score (MAD, threshold 3.0)",Critical,4week_rolling_avg,"KPI spike on last day: value=2.47 vs 24-day median=0.64 (z-score=+7.02, impact=enhancement, method=robust z-score (MAD, threshold 3.0))"
2026-05-18,LCAIN12889,LCAIN12889-5,5,UL Traffic,(HU) UL Traffic Volume (GBytes),56.6558,10.38825,10.999179999999999,5.217344037879809,20,Spike,12.873658239602879,,high,enhancement,"robust z-score (MAD, threshold 3.0)",Critical,4week_rolling_avg,"KPI spike on last day: value=56.66 vs 24-day median=10.39 (z-score=+12.87, impact=enhancement, method=robust z-score (MAD, threshold 3.0))"
2026-05-18,LCAIN12896,LCAIN12896-2,2,UL Traffic,(HU) UL Traffic Volume (GBytes),9.9515,0.4649,0.6229333333333333,0.4127335335567274,24,Spike,35.34175111212742,,high,enhancement,"robust z-score (MAD, threshold 3.0)",Critical,4week_rolling_avg,"KPI spike on last day: value=9.95 vs 24-day median=0.46 (z-score=+35.34, impact=enhancement, method=robust z-score (MAD, threshold 3.0))"
2026-05-18,LCAIN12900,LCAIN12900-3,3,UL Traffic,(HU) UL Traffic Volume (GBytes),15.2244,6.36575,7.1941625,3.223905682399908,24,Spike,5.644320391495693,,high,enhancement,"robust z-score (MAD, threshold 3.0)",Critical,4week_rolling_avg,"KPI spike on last day: value=15.22 vs 24-day median=6.37 (z-score=+5.64, impact=enhancement, method=robust z-score (MAD, threshold 3.0))"
2026-05-18,LCAIN12901,LCAIN12901-1,1,UL Traffic,(HU) UL Traffic Volume (GBytes),1.0065,0.13395,0.193175,0.17656168008659182,24,Spike,9.167085859521855,,high,enhancement,"robust z-score (MAD, threshold 3.0)",Critical,4week_rolling_avg,"KPI spike on last day: value=1.01 vs 24-day median=0.13 (z-score=+9.17, impact=enhancement, method=robust z-score (MAD, threshold 3.0))"
2026-05-18,LCAIN12901,LCAIN12901-2,2,UL Traffic,(HU) UL Traffic Volume (GBytes),3.2823,0.7302500000000001,1.3441833333333333,2.0935997621056632,24,Spike,5.374130948243038,,high,enhancement,"robust z-score (MAD, threshold 3.0)",Critical,4week_rolling_avg,"KPI spike on last day: value=3.28 vs 24-day median=0.73 (z-score=+5.37, impact=enhancement, method=robust z-score (MAD, threshold 3.0))"
2026-05-18,LCAIN12901,LCAIN12901-3,3,UL Traffic,(HU) UL Traffic Volume (GBytes),0.6695,0.07189999999999999,0.1358875,0.16070832614942512,24,Spike,16.220349209787262,,high,enhancement,"robust z-score (MAD, threshold 3.0)",Critical,4week_rolling_avg,"KPI spike on last day: value=0.67 vs 24-day median=0.07 (z-score=+16.22, impact=enhancement, method=robust z-score (MAD, threshold 3.0))"
2026-05-18,LCAIN12917,LCAIN12917-7,7,UL Traffic,(HU) UL Traffic Volume (GBytes),5.3359,1.54715,1.6516708333333334,0.8597826016301867,24,Spike,8.055088620857209,,high,enhancement,"robust z-score (MAD, threshold 3.0)",Critical,4week_rolling_avg,"KPI spike on last day: value=5.34 vs 24-day median=1.55 (z-score=+8.06, impact=enhancement, method=robust z-score (MAD, threshold 3.0))"
2026-05-18,LCAIN12919,LCAIN12919-1,1,UL Traffic,(HU) UL Traffic Volume (GBytes),1.3821,0.44145,0.4871083333333334,0.23470376881767838,24,Spike,6.7675704842843665,,high,enhancement,"robust z-score (MAD, threshold 3.0)",Critical,4week_rolling_avg,"KPI spike on last day: value=1.38 vs 24-day median=0.44 (z-score=+6.77, impact=enhancement, method=robust z-score (MAD, threshold 3.0))"
2026-05-18,LCAIN12930,LCAIN12930-1,1,UL Traffic,(HU) UL Traffic Volume (GBytes),13.9106,3.6857499999999996,4.4374722222222225,2.2983261935604733,18,Spike,6.3542330511210805,,high,enhancement,"robust z-score (MAD, threshold 3.0)",Critical,4week_rolling_avg,"KPI spike on last day: value=13.91 vs 24-day median=3.69 (z-score=+6.35, impact=enhancement, method=robust z-score (MAD, threshold 3.0))"
2026-05-18,LCAIN12930,LCAIN12930-2,2,UL Traffic,(HU) UL Traffic Volume (GBytes),11.6583,2.72405,3.6265,2.7813869218231555,18,Spike,5.8767983887787905,,high,enhancement,"robust z-score (MAD, threshold 3.0)",Critical,4week_rolling_avg,"KPI spike on last day: value=11.66 vs 24-day median=2.72 (z-score=+5.88, impact=enhancement, method=robust z-score (MAD, threshold 3.0))"
2026-05-18,LCAIN12930,LCAIN12930-6,6,UL Traffic,(HU) UL Traffic Volume (GBytes),14.0303,3.5825500000000003,4.40941111111111,1.7543686005350216,18,Spike,6.849974077590861,,high,enhancement,"robust z-score (MAD, threshold 3.0)",Critical,4week_rolling_avg,"KPI spike on last day: value=14.03 vs 24-day median=3.58 (z-score=+6.85, impact=enhancement, method=robust z-score (MAD, threshold 3.0))"
2026-05-18,LCAIN13988,LCAIN13988-5,5,UL Traffic,(HU) UL Traffic Volume (GBytes),4.8965,1.8809,2.125025,0.7399300790446351,24,Spike,6.839254654598588,,high,enhancement,"robust z-score (MAD, threshold 3.0)",Critical,4week_rolling_avg,"KPI spike on last day: value=4.90 vs 24-day median=1.88 (z-score=+6.84, impact=enhancement, method=robust z-score (MAD, threshold 3.0))"
2026-05-18,LCAIN13992,LCAIN13992-3,3,UL Traffic,(HU) UL Traffic Volume (GBytes),0.9355,0.19619999999999999,0.3125,0.443366373142273,24,Spike,6.807522436601324,,high,enhancement,"robust z-score (MAD, threshold 3.0)",Critical,4week_rolling_avg,"KPI spike on last day: value=0.94 vs 24-day median=0.20 (z-score=+6.81, impact=enhancement, method=robust z-score (MAD, threshold 3.0))"
2026-05-18,LCAIN15442,LCAIN15442-5,5,UL Traffic,(HU) UL Traffic Volume (GBytes),2.1266,0.5270999999999999,0.7090791666666667,0.4589867363544458,24,Spike,5.226976597784951,,high,enhancement,"robust z-score (MAD, threshold 3.0)",Critical,4week_rolling_avg,"KPI spike on last day: value=2.13 vs 24-day median=0.53 (z-score=+5.23, impact=enhancement, method=robust z-score (MAD, threshold 3.0))"
2026-05-18,LCAIN10021_Site_135,LCAIN10021-7,7,VoLTE KPIs,BA_Voice E2E VQI,3.4458,3.8592,3.8023166666666666,0.13746235747368157,24,Spike,-6.834178430579036,,low,degradation,"robust z-score (MAD, threshold 3.0)",Critical,4week_rolling_avg,"KPI spike on last day: value=3.45 vs 24-day median=3.86 (z-score=-6.83, impact=degradation, method=robust z-score (MAD, threshold 3.0))"
2026-05-18,LCAIN10112_03-2-12-46,LCAIN10112-6,6,VoLTE KPIs,BA_Voice E2E VQI,3.2756,3.8289,3.810891304347827,0.08876031189593629,23,Spike,-7.1493436248735645,,low,degradation,"robust z-score (MAD, threshold 3.0)",Critical,4week_rolling_avg,"KPI spike on last day: value=3.28 vs 24-day median=3.83 (z-score=-7.15, impact=degradation, method=robust z-score (MAD, threshold 3.0))"
2026-05-18,LCAIN10514,LCAIN10514-7,7,VoLTE KPIs,BA_Voice E2E VQI,3.28,3.9,3.8804000000000003,0.03394819582834991,4,Spike,-18.263120760080046,,low,degradation,"robust z-score (std-fallback, threshold 3.0)",Critical,4week_rolling_avg,"KPI spike on last day: value=3.28 vs 24-day median=3.90 (z-score=-18.26, impact=degradation, method=robust z-score (std-fallback, threshold 3.0))"
2026-05-18,LCAIN10593,LCAIN10593-6,6,VoLTE KPIs,BA_Voice E2E VQI,3.471,3.88695,3.8235863636363634,0.16392310086094566,22,Spike,-17.15929244062949,,low,degradation,"robust z-score (MAD, threshold 3.0)",Critical,4week_rolling_avg,"KPI spike on last day: value=3.47 vs 24-day median=3.89 (z-score=-17.16, impact=degradation, method=robust z-score (MAD, threshold 3.0))"
2026-05-18,LCAIN10693,LCAIN10693-7,7,VoLTE KPIs,BA_Voice E2E VQI,3.7082,3.80595,3.8080041666666666,0.027969454755242477,24,Spike,-5.253503724210201,,low,degradation,"robust z-score (MAD, threshold 3.0)",Critical,4week_rolling_avg,"KPI spike on last day: value=3.71 vs 24-day median=3.81 (z-score=-5.25, impact=degradation, method=robust z-score (MAD, threshold 3.0))"
2026-05-18,LCAIN10855,LCAIN10855-3,3,VoLTE KPIs,BA_Voice E2E VQI,3.4727,3.8938,3.8652117647058826,0.10693071358898952,17,Spike,-45.81097722832342,,low,degradation,"robust z-score (MAD, threshold 3.0)",Critical,4week_rolling_avg,"KPI spike on last day: value=3.47 vs 24-day median=3.89 (z-score=-45.81, impact=degradation, method=robust z-score (MAD, threshold 3.0))"
2026-05-18,LCAIN10873,LCAIN10873-5,5,VoLTE KPIs,BA_Voice E2E VQI,3.7517,3.8886,3.849889473684211,0.09237374823444636,19,Spike,-7.631221898541112,,low,degradation,"robust z-score (MAD, threshold 3.0)",Critical,4week_rolling_avg,"KPI spike on last day: value=3.75 vs 24-day median=3.89 (z-score=-7.63, impact=degradation, method=robust z-score (MAD, threshold 3.0))"
2026-05-18,LCAIN10968,LCAIN10968-3,3,VoLTE KPIs,BA_Voice E2E VQI,3.6861,3.7535999999999996,3.7460375,0.028685548226996385,24,Spike,-5.115519805019004,,low,degradation,"robust z-score (MAD, threshold 3.0)",Critical,4week_rolling_avg,"KPI spike on last day: value=3.69 vs 24-day median=3.75 (z-score=-5.12, impact=degradation, method=robust z-score (MAD, threshold 3.0))"
2026-05-18,LCAIN10989,LCAIN10989-6,6,VoLTE KPIs,BA_Voice E2E VQI,3.7765,3.89945,3.87344,0.12145210743334169,10,Spike,-30.155868682780504,,low,degradation,"robust z-score (MAD, threshold 3.0)",Critical,4week_rolling_avg,"KPI spike on last day: value=3.78 vs 24-day median=3.90 (z-score=-30.16, impact=degradation, method=robust z-score (MAD, threshold 3.0))"
2026-05-18,LCAIN12000,LCAIN12000-5,5,VoLTE KPIs,BA_Voice E2E VQI,3.7966,3.9,3.70255,0.42584110475622244,10,Spike,-31.701065695400178,,low,degradation,"robust z-score (MAD, threshold 3.0)",Critical,4week_rolling_avg,"KPI spike on last day: value=3.80 vs 24-day median=3.90 (z-score=-31.70, impact=degradation, method=robust z-score (MAD, threshold 3.0))"
2026-05-18,LCAIN12005,LCAIN12005-7,7,VoLTE KPIs,BA_Voice E2E VQI,2.76,3.8749,3.845880952380952,0.06982037237864727,21,Spike,-29.959750905994117,,low,degradation,"robust z-score (MAD, threshold 3.0)",Critical,4week_rolling_avg,"KPI spike on last day: value=2.76 vs 24-day median=3.87 (z-score=-29.96, impact=degradation, method=robust z-score (MAD, threshold 3.0))"
2026-05-18,LCAIN12071,LCAIN12071-5,5,VoLTE KPIs,BA_Voice E2E VQI,3.72,3.88395,3.8437125,0.10502272497139215,24,Spike,-7.043487899120212,,low,degradation,"robust z-score (MAD, threshold 3.0)",Critical,4week_rolling_avg,"KPI spike on last day: value=3.72 vs 24-day median=3.88 (z-score=-7.04, impact=degradation, method=robust z-score (MAD, threshold 3.0))"
2026-05-18,LCAIN12461,LCAIN12461-6,6,VoLTE KPIs,BA_Voice E2E VQI,3.59,3.28,3.5107399999999997,0.299980986730826,10,Spike,5.487982557421145,,high,enhancement,"robust z-score (MAD, threshold 3.0)",Critical,4week_rolling_avg,"KPI spike on last day: value=3.59 vs 24-day median=3.28 (z-score=+5.49, impact=enhancement, method=robust z-score (MAD, threshold 3.0))"
2026-05-18,LCAIN12570,LCAIN12570-2,2,VoLTE KPIs,BA_Voice E2E VQI,3.378,3.8543000000000003,3.777433333333333,0.12672740648950234,24,Spike,-7.227445415943866,,low,degradation,"robust z-score (MAD, threshold 3.0)",Critical,4week_rolling_avg,"KPI spike on last day: value=3.38 vs 24-day median=3.85 (z-score=-7.23, impact=degradation, method=robust z-score (MAD, threshold 3.0))"
2026-05-18,LCAIN12837,LCAIN12837-6,6,VoLTE KPIs,BA_Voice E2E VQI,1.0,3.7658,3.7318714285714285,0.15893340666801947,21,Spike,-19.055225153834172,,low,degradation,"robust z-score (MAD, threshold 3.0)",Critical,4week_rolling_avg,"KPI spike on last day: value=1.00 vs 24-day median=3.77 (z-score=-19.06, impact=degradation, method=robust z-score (MAD, threshold 3.0))"
2026-05-18,LCAIN12868,LCAIN12868-7,7,VoLTE KPIs,BA_Voice E2E VQI,1.0,3.8148,3.719234782608696,0.19179748288844675,23,Spike,-22.283528048999077,,low,degradation,"robust z-score (MAD, threshold 3.0)",Critical,4week_rolling_avg,"KPI spike on last day: value=1.00 vs 24-day median=3.81 (z-score=-22.28, impact=degradation, method=robust z-score (MAD, threshold 3.0))"
2026-05-18,LCAIN12901,LCAIN12901-2,2,VoLTE KPIs,BA_Voice E2E VQI,3.5313,3.8312,3.7836833333333337,0.10063514821152476,24,Spike,-6.381065576247066,,low,degradation,"robust z-score (MAD, threshold 3.0)",Critical,4week_rolling_avg,"KPI spike on last day: value=3.53 vs 24-day median=3.83 (z-score=-6.38, impact=degradation, method=robust z-score (MAD, threshold 3.0))"
2026-05-18,LCAIN16546,LCAIN16546-2,2,VoLTE KPIs,BA_Voice E2E VQI,3.456,3.7902,3.771633333333334,0.10490588904134773,24,Spike,-8.771004350859053,,low,degradation,"robust z-score (MAD, threshold 3.0)",Critical,4week_rolling_avg,"KPI spike on last day: value=3.46 vs 24-day median=3.79 (z-score=-8.77, impact=degradation, method=robust z-score (MAD, threshold 3.0))"
2026-05-18,LCAIN10458,LCAIN10458-1,1,Availability,Availability,99.6759,100.0,99.97974583333333,0.07229340091579689,24,Spike,-4.483120117387949,,low,degradation,"robust z-score (std-fallback, threshold 3.0)",High,4week_rolling_avg,"KPI spike on last day: value=99.68 vs 24-day median=100.00 (z-score=-4.48, impact=degradation, method=robust z-score (std-fallback, threshold 3.0))"
2026-05-18,LCAIN10458,LCAIN10458-2,2,Availability,Availability,99.6759,100.0,99.97974583333333,0.07229340091579689,24,Spike,-4.483120117387949,,low,degradation,"robust z-score (std-fallback, threshold 3.0)",High,4week_rolling_avg,"KPI spike on last day: value=99.68 vs 24-day median=100.00 (z-score=-4.48, impact=degradation, method=robust z-score (std-fallback, threshold 3.0))"
2026-05-18,LCAIN10458,LCAIN10458-3,3,Availability,Availability,99.6701,100.0,99.97974583333333,0.07229340091579689,24,Spike,-4.563348740284651,,low,degradation,"robust z-score (std-fallback, threshold 3.0)",High,4week_rolling_avg,"KPI spike on last day: value=99.67 vs 24-day median=100.00 (z-score=-4.56, impact=degradation, method=robust z-score (std-fallback, threshold 3.0))"
2026-05-18,LCAIN10458,LCAIN10458-5,5,Availability,Availability,99.6701,100.0,99.97950833333334,0.07272894836690218,24,Spike,-4.536020489884154,,low,degradation,"robust z-score (std-fallback, threshold 3.0)",High,4week_rolling_avg,"KPI spike on last day: value=99.67 vs 24-day median=100.00 (z-score=-4.54, impact=degradation, method=robust z-score (std-fallback, threshold 3.0))"
2026-05-18,LCAIN10458,LCAIN10458-6,6,Availability,Availability,99.6701,100.0,99.97950833333334,0.07272894836690218,24,Spike,-4.536020489884154,,low,degradation,"robust z-score (std-fallback, threshold 3.0)",High,4week_rolling_avg,"KPI spike on last day: value=99.67 vs 24-day median=100.00 (z-score=-4.54, impact=degradation, method=robust z-score (std-fallback, threshold 3.0))"
2026-05-18,LCAIN10458,LCAIN10458-7,7,Availability,Availability,99.6701,100.0,99.97950833333334,0.07272894836690218,24,Spike,-4.536020489884154,,low,degradation,"robust z-score (std-fallback, threshold 3.0)",High,4week_rolling_avg,"KPI spike on last day: value=99.67 vs 24-day median=100.00 (z-score=-4.54, impact=degradation, method=robust z-score (std-fallback, threshold 3.0))"
2026-05-18,LCAIN10497,LCAIN10497-1,1,Availability,Availability,99.4907,100.0,99.97395833333333,0.12489144591960206,24,Spike,-4.077941417443867,,low,degradation,"robust z-score (std-fallback, threshold 3.0)",High,4week_rolling_avg,"KPI spike on last day: value=99.49 vs 24-day median=100.00 (z-score=-4.08, impact=degradation, method=robust z-score (std-fallback, threshold 3.0))"
2026-05-18,LCAIN10497,LCAIN10497-2,2,Availability,Availability,99.4907,100.0,99.97395833333333,0.12489144591960206,24,Spike,-4.077941417443867,,low,degradation,"robust z-score (std-fallback, threshold 3.0)",High,4week_rolling_avg,"KPI spike on last day: value=99.49 vs 24-day median=100.00 (z-score=-4.08, impact=degradation, method=robust z-score (std-fallback, threshold 3.0))"
2026-05-18,LCAIN10497,LCAIN10497-3,3,Availability,Availability,99.4907,100.0,99.97395833333333,0.12489144591960206,24,Spike,-4.077941417443867,,low,degradation,"robust z-score (std-fallback, threshold 3.0)",High,4week_rolling_avg,"KPI spike on last day: value=99.49 vs 24-day median=100.00 (z-score=-4.08, impact=degradation, method=robust z-score (std-fallback, threshold 3.0))"
2026-05-18,LCAIN15442,LCAIN15442-1,1,Availability,Availability,99.3576,100.0,99.96889583333332,0.1491703430063722,24,Spike,-4.306486041749956,,low,degradation,"robust z-score (std-fallback, threshold 3.0)",High,4week_rolling_avg,"KPI spike on last day: value=99.36 vs 24-day median=100.00 (z-score=-4.31, impact=degradation, method=robust z-score (std-fallback, threshold 3.0))"
2026-05-18,LCAIN15442,LCAIN15442-2,2,Availability,Availability,99.3576,100.0,99.96889583333332,0.1491703430063722,24,Spike,-4.306486041749956,,low,degradation,"robust z-score (std-fallback, threshold 3.0)",High,4week_rolling_avg,"KPI spike on last day: value=99.36 vs 24-day median=100.00 (z-score=-4.31, impact=degradation, method=robust z-score (std-fallback, threshold 3.0))"
2026-05-18,LCAIN15442,LCAIN15442-3,3,Availability,Availability,99.3576,100.0,99.96889583333332,0.1491703430063722,24,Spike,-4.306486041749956,,low,degradation,"robust z-score (std-fallback, threshold 3.0)",High,4week_rolling_avg,"KPI spike on last day: value=99.36 vs 24-day median=100.00 (z-score=-4.31, impact=degradation, method=robust z-score (std-fallback, threshold 3.0))"
2026-05-18,LCAIN15442,LCAIN15442-5,5,Availability,Availability,99.3576,100.0,99.96889583333332,0.1491703430063722,24,Spike,-4.306486041749956,,low,degradation,"robust z-score (std-fallback, threshold 3.0)",High,4week_rolling_avg,"KPI spike on last day: value=99.36 vs 24-day median=100.00 (z-score=-4.31, impact=degradation, method=robust z-score (std-fallback, threshold 3.0))"
2026-05-18,LCAIN15442,LCAIN15442-6,6,Availability,Availability,99.3576,100.0,99.96889583333332,0.1491703430063722,24,Spike,-4.306486041749956,,low,degradation,"robust z-score (std-fallback, threshold 3.0)",High,4week_rolling_avg,"KPI spike on last day: value=99.36 vs 24-day median=100.00 (z-score=-4.31, impact=degradation, method=robust z-score (std-fallback, threshold 3.0))"
2026-05-18,LCAIE10001,LCAIE10001-6,6,CSFB KPI,CSFB SR%,98.6395,100.0,99.97221666666667,0.5257722769623968,24,Spike,-4.722823871682536,,low,degradation,"robust z-score (MAD, threshold 3.0)",High,4week_rolling_avg,"KPI spike on last day: value=98.64 vs 24-day median=100.00 (z-score=-4.72, impact=degradation, method=robust z-score (MAD, threshold 3.0))"
2026-05-18,LCAIN10116,LCAIN10116-2,2,CSFB KPI,CSFB SR%,102.4194,100.0,100.35568333333333,0.9475627207326299,24,Spike,4.601982356113034,,high,enhancement,"robust z-score (MAD, threshold 3.0)",High,4week_rolling_avg,"KPI spike on last day: value=102.42 vs 24-day median=100.00 (z-score=+4.60, impact=enhancement, method=robust z-score (MAD, threshold 3.0))"
2026-05-18,LCAIN10120,LCAIN10120-5,5,CSFB KPI,CSFB SR%,100.8547,100.0,100.044325,0.2125752322708364,24,Spike,4.02069418374688,,high,enhancement,"robust z-score (std-fallback, threshold 3.0)",High,4week_rolling_avg,"KPI spike on last day: value=100.85 vs 24-day median=100.00 (z-score=+4.02, impact=enhancement, method=robust z-score (std-fallback, threshold 3.0))"
2026-05-18,LCAIN10131_01-2-08-23,LCAIN10131-7,7,CSFB KPI,CSFB SR%,101.9892,100.4107,100.46565416666665,0.4425292909130112,24,Spike,4.501833673715865,,high,enhancement,"robust z-score (MAD, threshold 3.0)",High,4week_rolling_avg,"KPI spike on last day: value=101.99 vs 24-day median=100.41 (z-score=+4.50, impact=enhancement, method=robust z-score (MAD, threshold 3.0))"
2026-05-18,LCAIN10495,LCAIN10495-6,6,CSFB KPI,CSFB SR%,99.359,100.0,100.01618333333334,0.14632888660669793,24,Spike,-4.3805431372062715,,low,degradation,"robust z-score (std-fallback, threshold 3.0)",High,4week_rolling_avg,"KPI spike on last day: value=99.36 vs 24-day median=100.00 (z-score=-4.38, impact=degradation, method=robust z-score (std-fallback, threshold 3.0))"
2026-05-18,LCAIN10764,LCAIN10764-6,6,CSFB KPI,CSFB SR%,100.7813,100.0,100.096385,0.18482253454327424,20,Spike,4.227298375334575,,high,enhancement,"robust z-score (std-fallback, threshold 3.0)",High,4week_rolling_avg,"KPI spike on last day: value=100.78 vs 24-day median=100.00 (z-score=+4.23, impact=enhancement, method=robust z-score (std-fallback, threshold 3.0))"
2026-05-18,LCAIN10826,LCAIN10826-7,7,CSFB KPI,CSFB SR%,101.1583,100.15575,100.25052083333333,0.28544637263294276,24,Spike,4.341641803616504,,high,enhancement,"robust z-score (MAD, threshold 3.0)",High,4week_rolling_avg,"KPI spike on last day: value=101.16 vs 24-day median=100.16 (z-score=+4.34, impact=enhancement, method=robust z-score (MAD, threshold 3.0))"
2026-05-18,LCAIN10931,LCAIN10931-7,7,CSFB KPI,CSFB SR%,101.0989,100.0,100.05120833333335,0.24248004199085907,24,Spike,4.5319193735599335,,high,enhancement,"robust z-score (std-fallback, threshold 3.0)",High,4week_rolling_avg,"KPI spike on last day: value=101.10 vs 24-day median=100.00 (z-score=+4.53, impact=enhancement, method=robust z-score (std-fallback, threshold 3.0))"
2026-05-18,LCAIN12058,LCAIN12058-5,5,CSFB KPI,CSFB SR%,99.2629,100.0,100.098425,0.28105182536618944,24,Spike,-4.3745458760246185,,low,degradation,"robust z-score (MAD, threshold 3.0)",High,4week_rolling_avg,"KPI spike on last day: value=99.26 vs 24-day median=100.00 (z-score=-4.37, impact=degradation, method=robust z-score (MAD, threshold 3.0))"
2026-05-18,LCAIN12398,LCAIN12398-3,3,CSFB KPI,CSFB SR%,99.4382,100.0,100.09043750000001,0.3534784668270705,24,Spike,-4.766401366967803,,low,degradation,"robust z-score (MAD, threshold 3.0)",High,4week_rolling_avg,"KPI spike on last day: value=99.44 vs 24-day median=100.00 (z-score=-4.77, impact=degradation, method=robust z-score (MAD, threshold 3.0))"
2026-05-18,LCAIN12839,LCAIN12839-3,3,CSFB KPI,CSFB SR%,110.0,100.0,101.14664545454546,2.313334186982321,22,Spike,4.3227649754507445,,high,enhancement,"robust z-score (std-fallback, threshold 3.0)",High,4week_rolling_avg,"KPI spike on last day: value=110.00 vs 24-day median=100.00 (z-score=+4.32, impact=enhancement, method=robust z-score (std-fallback, threshold 3.0))"
2026-05-18,LCAIN12892,LCAIN12892-7,7,CSFB KPI,CSFB SR%,101.0417,100.0,100.01842916666668,0.22482685278373465,24,Spike,4.633343335558042,,high,enhancement,"robust z-score (std-fallback, threshold 3.0)",High,4week_rolling_avg,"KPI spike on last day: value=101.04 vs 24-day median=100.00 (z-score=+4.63, impact=enhancement, method=robust z-score (std-fallback, threshold 3.0))"
2026-05-18,LCAIN12893,LCAIN12893-6,6,CSFB KPI,CSFB SR%,100.6711,100.0,100.03083478260871,0.14462795029855463,23,Spike,4.64018191929463,,high,enhancement,"robust z-score (std-fallback, threshold 3.0)",High,4week_rolling_avg,"KPI spike on last day: value=100.67 vs 24-day median=100.00 (z-score=+4.64, impact=enhancement, method=robust z-score (std-fallback, threshold 3.0))"
2026-05-18,LCAIN12930,LCAIN12930-6,6,CSFB KPI,CSFB SR%,101.1218,100.0,99.8535611111111,0.4360474593676567,18,Spike,4.785855369897647,,high,enhancement,"robust z-score (MAD, threshold 3.0)",High,4week_rolling_avg,"KPI spike on last day: value=101.12 vs 24-day median=100.00 (z-score=+4.79, impact=enhancement, method=robust z-score (MAD, threshold 3.0))"
2026-05-18,LCAIN15444,LCAIN15444-3,3,CSFB KPI,CSFB SR%,103.4884,100.0,101.07864583333333,2.016912185945628,24,Spike,4.094124874470426,,high,enhancement,"robust z-score (MAD, threshold 3.0)",High,4week_rolling_avg,"KPI spike on last day: value=103.49 vs 24-day median=100.00 (z-score=+4.09, impact=enhancement, method=robust z-score (MAD, threshold 3.0))"
2026-05-18,LCAIE10001,LCAIE10001-2,2,DL Throughput,(HU) User DL Average Throughput (Mbps),34.0517,19.4905,20.375995833333334,6.173459638881533,24,Spike,4.477907649154516,,high,enhancement,"robust z-score (MAD, threshold 3.0)",High,4week_rolling_avg,"KPI spike on last day: value=34.05 vs 24-day median=19.49 (z-score=+4.48, impact=enhancement, method=robust z-score (MAD, threshold 3.0))"
2026-05-18,LCAIN10021_Site_135,LCAIN10021-2,2,DL Throughput,(HU) User DL Average Throughput (Mbps),25.1126,18.921750000000003,18.821595833333333,2.087238407657186,24,Spike,4.184248828403908,,high,enhancement,"robust z-score (MAD, threshold 3.0)",High,4week_rolling_avg,"KPI spike on last day: value=25.11 vs 24-day median=18.92 (z-score=+4.18, impact=enhancement, method=robust z-score (MAD, threshold 3.0))"
2026-05-18,LCAIN10369,LCAIN10369-1,1,DL Throughput,(HU) User DL Average Throughput (Mbps),33.9455,12.15745,13.291287500000001,7.7106589808260715,24,Spike,4.185298434202156,,high,enhancement,"robust z-score (MAD, threshold 3.0)",High,4week_rolling_avg,"KPI spike on last day: value=33.95 vs 24-day median=12.16 (z-score=+4.19, impact=enhancement, method=robust z-score (MAD, threshold 3.0))"
2026-05-18,LCAIN10369,LCAIN10369-5,5,DL Throughput,(HU) User DL Average Throughput (Mbps),14.3071,31.472700000000003,30.708912499999997,5.7774524152311635,24,Spike,-4.71255411639761,,low,degradation,"robust z-score (MAD, threshold 3.0)",High,4week_rolling_avg,"KPI spike on last day: value=14.31 vs 24-day median=31.47 (z-score=-4.71, impact=degradation, method=robust z-score (MAD, threshold 3.0))"
2026-05-18,LCAIN10493,LCAIN10493-3,3,DL Throughput,(HU) User DL Average Throughput (Mbps),19.3055,24.8408,25.692783333333335,3.3858758679336667,12,Spike,-4.764863379402462,,low,degradation,"robust z-score (MAD, threshold 3.0)",High,4week_rolling_avg,"KPI spike on last day: value=19.31 vs 24-day median=24.84 (z-score=-4.76, impact=degradation, method=robust z-score (MAD, threshold 3.0))"
2026-05-18,LCAIN10496,LCAIN10496-7,7,DL Throughput,(HU) User DL Average Throughput (Mbps),12.0282,17.856650000000002,17.357883333333334,2.079551577798017,24,Spike,-4.8485886372365075,,low,degradation,"robust z-score (MAD, threshold 3.0)",High,4week_rolling_avg,"KPI spike on last day: value=12.03 vs 24-day median=17.86 (z-score=-4.85, impact=degradation, method=robust z-score (MAD, threshold 3.0))"
2026-05-18,LCAIN10593,LCAIN10593-6,6,DL Throughput,(HU) User DL Average Throughput (Mbps),38.0037,24.57765,25.0333,4.957551515365221,24,Spike,4.99765268282049,,high,enhancement,"robust z-score (MAD, threshold 3.0)",High,4week_rolling_avg,"KPI spike on last day: value=38.00 vs 24-day median=24.58 (z-score=+5.00, impact=enhancement, method=robust z-score (MAD, threshold 3.0))"
2026-05-18,LCAIN10752,LCAIN10752-6,6,DL Throughput,(HU) User DL Average Throughput (Mbps),49.0476,33.753299999999996,34.32007083333333,3.7726279486231666,24,Spike,4.394310673963446,,high,enhancement,"robust z-score (MAD, threshold 3.0)",High,4week_rolling_avg,"KPI spike on last day: value=49.05 vs 24-day median=33.75 (z-score=+4.39, impact=enhancement, method=robust z-score (MAD, threshold 3.0))"
2026-05-18,LCAIN10764,LCAIN10764-2,2,DL Throughput,(HU) User DL Average Throughput (Mbps),44.3481,26.1418,27.2057,5.859181993162526,20,Spike,4.031576721304925,,high,enhancement,"robust z-score (MAD, threshold 3.0)",High,4week_rolling_avg,"KPI spike on last day: value=44.35 vs 24-day median=26.14 (z-score=+4.03, impact=enhancement, method=robust z-score (MAD, threshold 3.0))"
2026-05-18,LCAIN10855,LCAIN10855-3,3,DL Throughput,(HU) User DL Average Throughput (Mbps),35.9565,9.1248,10.676831818181817,7.39329715235892,22,Spike,4.361214957960373,,high,enhancement,"robust z-score (MAD, threshold 3.0)",High,4week_rolling_avg,"KPI spike on last day: value=35.96 vs 24-day median=9.12 (z-score=+4.36, impact=enhancement, method=robust z-score (MAD, threshold 3.0))"
2026-05-18,LCAIN10970,LCAIN10970-7,7,DL Throughput,(HU) User DL Average Throughput (Mbps),18.8012,9.48095,10.850654166666667,3.4389725344181863,24,Spike,4.741249340833953,,high,enhancement,"robust z-score (MAD, threshold 3.0)",High,4week_rolling_avg,"KPI spike on last day: value=18.80 vs 24-day median=9.48 (z-score=+4.74, impact=enhancement, method=robust z-score (MAD, threshold 3.0))"
2026-05-18,LCAIN11826,LCAIN11826-6,6,DL Throughput,(HU) User DL Average Throughput (Mbps),10.646,18.558950000000003,18.580358333333333,1.6419916749983505,24,Spike,-4.6064054332199635,,low,degradation,"robust z-score (MAD, threshold 3.0)",High,4week_rolling_avg,"KPI spike on last day: value=10.65 vs 24-day median=18.56 (z-score=-4.61, impact=degradation, method=robust z-score (MAD, threshold 3.0))"
2026-05-18,LCAIN12005,LCAIN12005-1,1,DL Throughput,(HU) User DL Average Throughput (Mbps),13.8188,21.4297,21.518921739130437,1.580259030763634,23,Spike,-4.946980554399552,,low,degradation,"robust z-score (MAD, threshold 3.0)",High,4week_rolling_avg,"KPI spike on last day: value=13.82 vs 24-day median=21.43 (z-score=-4.95, impact=degradation, method=robust z-score (MAD, threshold 3.0))"
2026-05-18,LCAIN12008,LCAIN12008-6,6,DL Throughput,(HU) User DL Average Throughput (Mbps),28.9146,22.7823,23.268662500000005,2.4908460971813873,24,Spike,4.742781429123182,,high,enhancement,"robust z-score (MAD, threshold 3.0)",High,4week_rolling_avg,"KPI spike on last day: value=28.91 vs 24-day median=22.78 (z-score=+4.74, impact=enhancement, method=robust z-score (MAD, threshold 3.0))"
2026-05-18,LCAIN12070,LCAIN12070-1,1,DL Throughput,(HU) User DL Average Throughput (Mbps),17.5081,35.966899999999995,34.71980833333333,6.258908385115083,24,Spike,-4.42040440646414,,low,degradation,"robust z-score (MAD, threshold 3.0)",High,4week_rolling_avg,"KPI spike on last day: value=17.51 vs 24-day median=35.97 (z-score=-4.42, impact=degradation, method=robust z-score (MAD, threshold 3.0))"
2026-05-18,LCAIN12840,LCAIN12840-1,1,DL Throughput,(HU) User DL Average Throughput (Mbps),12.5003,6.6665,6.6665,,1,Spike,,87.50918772969322,high,enhancement,"%change (1-week, threshold 50.0%)",High,4week_rolling_avg,"KPI spike on last day: value=12.50 vs historical value=6.67 (change=+87.5%, impact=enhancement, method=%change (1-week, threshold 50.0%))"
2026-05-18,LCAIN12900,LCAIN12900-7,7,DL Throughput,(HU) User DL Average Throughput (Mbps),23.1263,27.4037,26.95004583333333,1.6691522294214625,24,Spike,-4.097524179214866,,low,degradation,"robust z-score (MAD, threshold 3.0)",High,4week_rolling_avg,"KPI spike on last day: value=23.13 vs 24-day median=27.40 (z-score=-4.10, impact=degradation, method=robust z-score (MAD, threshold 3.0))"
2026-05-18,LCAIN13994,LCAIN13994-1,1,DL Throughput,(HU) User DL Average Throughput (Mbps),18.3758,11.2029,11.39760909090909,1.8334162982379718,22,Spike,4.2416752311499835,,high,enhancement,"robust z-score (MAD, threshold 3.0)",High,4week_rolling_avg,"KPI spike on last day: value=18.38 vs 24-day median=11.20 (z-score=+4.24, impact=enhancement, method=robust z-score (MAD, threshold 3.0))"
2026-05-18,ICAIN12708,ICAIN12708-2,2,DL Traffic,(HU) DL Traffic Volume (GBytes),3.7994,0.8504,0.97664,0.7404832337062062,20,Spike,4.706751655694461,,high,enhancement,"robust z-score (MAD, threshold 3.0)",High,4week_rolling_avg,"KPI spike on last day: value=3.80 vs 24-day median=0.85 (z-score=+4.71, impact=enhancement, method=robust z-score (MAD, threshold 3.0))"
2026-05-18,ICAIN12934,ICAIN12934-7,7,DL Traffic,(HU) DL Traffic Volume (GBytes),4.2821,1.80955,2.2458400000000003,1.2046661999906862,20,Spike,4.073054407971316,,high,enhancement,"robust z-score (MAD, threshold 3.0)",High,4week_rolling_avg,"KPI spike on last day: value=4.28 vs 24-day median=1.81 (z-score=+4.07, impact=enhancement, method=robust z-score (MAD, threshold 3.0))"
2026-05-18,LCAIE10001,LCAIE10001-2,2,DL Traffic,(HU) DL Traffic Volume (GBytes),15.9675,3.43365,4.402633333333333,2.793064211528661,24,Spike,4.2430003290751195,,high,enhancement,"robust z-score (MAD, threshold 3.0)",High,4week_rolling_avg,"KPI spike on last day: value=15.97 vs 24-day median=3.43 (z-score=+4.24, impact=enhancement, method=robust z-score (MAD, threshold 3.0))"
2026-05-18,LCAIN10110,LCAIN10110-7,7,DL Traffic,(HU) DL Traffic Volume (GBytes),9.7224,3.5111499999999998,3.8270625000000003,1.4808394088636856,24,Spike,4.291130523198816,,high,enhancement,"robust z-score (MAD, threshold 3.0)",High,4week_rolling_avg,"KPI spike on last day: value=9.72 vs 24-day median=3.51 (z-score=+4.29, impact=enhancement, method=robust z-score (MAD, threshold 3.0))"
2026-05-18,LCAIN10369,LCAIN10369-7,7,DL Traffic,(HU) DL Traffic Volume (GBytes),0.9742,26.947000000000003,26.20423333333333,6.238780853437811,24,Spike,-4.224052660220798,,low,degradation,"robust z-score (MAD, threshold 3.0)",High,4week_rolling_avg,"KPI spike on last day: value=0.97 vs 24-day median=26.95 (z-score=-4.22, impact=degradation, method=robust z-score (MAD, threshold 3.0))"
2026-05-18,LCAIN10509,LCAIN10509-1,1,DL Traffic,(HU) DL Traffic Volume (GBytes),19.0094,6.023,5.688562500000001,2.301880040280933,24,Spike,4.6248352907240715,,high,enhancement,"robust z-score (MAD, threshold 3.0)",High,4week_rolling_avg,"KPI spike on last day: value=19.01 vs 24-day median=6.02 (z-score=+4.62, impact=enhancement, method=robust z-score (MAD, threshold 3.0))"
2026-05-18,LCAIN10545_Cow -Tagamo5,LCAIN10545-3,3,DL Traffic,(HU) DL Traffic Volume (GBytes),18.9011,83.1955,75.39934666666666,21.31678479586346,15,Spike,-4.741264821089158,,low,degradation,"robust z-score (MAD, threshold 3.0)",High,4week_rolling_avg,"KPI spike on last day: value=18.90 vs 24-day median=83.20 (z-score=-4.74, impact=degradation, method=robust z-score (MAD, threshold 3.0))"
2026-05-18,LCAIN10734,LCAIN10734-3,3,DL Traffic,(HU) DL Traffic Volume (GBytes),9.0894,1.4744000000000002,2.6883916666666665,3.632829860443585,24,Spike,4.517169107263771,,high,enhancement,"robust z-score (MAD, threshold 3.0)",High,4week_rolling_avg,"KPI spike on last day: value=9.09 vs 24-day median=1.47 (z-score=+4.52, impact=enhancement, method=robust z-score (MAD, threshold 3.0))"
2026-05-18,LCAIN10753,LCAIN10753-6,6,DL Traffic,(HU) DL Traffic Volume (GBytes),13.5591,5.4777000000000005,5.295466666666667,2.8771495673766347,24,Spike,4.115542016409947,,high,enhancement,"robust z-score (MAD, threshold 3.0)",High,4week_rolling_avg,"KPI spike on last day: value=13.56 vs 24-day median=5.48 (z-score=+4.12, impact=enhancement, method=robust z-score (MAD, threshold 3.0))"
2026-05-18,LCAIN10975,LCAIN10975-2,2,DL Traffic,(HU) DL Traffic Volume (GBytes),28.665,14.2257,15.746937500000001,5.428249474877736,24,Spike,4.333529600120316,,high,enhancement,"robust z-score (MAD, threshold 3.0)",High,4week_rolling_avg,"KPI spike on last day: value=28.66 vs 24-day median=14.23 (z-score=+4.33, impact=enhancement, method=robust z-score (MAD, threshold 3.0))"
2026-05-18,LCAIN11651,LCAIN11651-6,6,DL Traffic,(HU) DL Traffic Volume (GBytes),49.7988,12.790849999999999,22.970475000000004,17.776846115201135,24,Spike,4.398002044201433,,high,enhancement,"robust z-score (MAD, threshold 3.0)",High,4week_rolling_avg,"KPI spike on last day: value=49.80 vs 24-day median=12.79 (z-score=+4.40, impact=enhancement, method=robust z-score (MAD, threshold 3.0))"
2026-05-18,LCAIN12071,LCAIN12071-5,5,DL Traffic,(HU) DL Traffic Volume (GBytes),8.883,23.7496,23.358945833333333,4.340154209527887,24,Spike,-4.298617192452847,,low,degradation,"robust z-score (MAD, threshold 3.0)",High,4week_rolling_avg,"KPI spike on last day: value=8.88 vs 24-day median=23.75 (z-score=-4.30, impact=degradation, method=robust z-score (MAD, threshold 3.0))"
2026-05-18,LCAIN12215,LCAIN12215-6,6,DL Traffic,(HU) DL Traffic Volume (GBytes),7.2847,2.75415,2.6454291666666667,0.9353684694988595,24,Spike,4.392115142431461,,high,enhancement,"robust z-score (MAD, threshold 3.0)",High,4week_rolling_avg,"KPI spike on last day: value=7.28 vs 24-day median=2.75 (z-score=+4.39, impact=enhancement, method=robust z-score (MAD, threshold 3.0))"
2026-05-18,LCAIN12255,LCAIN12255-7,7,DL Traffic,(HU) DL Traffic Volume (GBytes),7.1552,20.41245,19.945858333333334,3.631066717797571,24,Spike,-4.781760759931067,,low,degradation,"robust z-score (MAD, threshold 3.0)",High,4week_rolling_avg,"KPI spike on last day: value=7.16 vs 24-day median=20.41 (z-score=-4.78, impact=degradation, method=robust z-score (MAD, threshold 3.0))"
2026-05-18,LCAIN12583,LCAIN12583-5,5,DL Traffic,(HU) DL Traffic Volume (GBytes),170.0018,45.38775,53.29346666666667,38.3999236486401,24,Spike,4.361744013427801,,high,enhancement,"robust z-score (MAD, threshold 3.0)",High,4week_rolling_avg,"KPI spike on last day: value=170.00 vs 24-day median=45.39 (z-score=+4.36, impact=enhancement, method=robust z-score (MAD, threshold 3.0))"
2026-05-18,LCAIN12861,LCAIN12861-2,2,DL Traffic,(HU) DL Traffic Volume (GBytes),22.0732,5.8187,5.510441666666668,2.602940806235111,24,Spike,4.885373103363107,,high,enhancement,"robust z-score (MAD, threshold 3.0)",High,4week_rolling_avg,"KPI spike on last day: value=22.07 vs 24-day median=5.82 (z-score=+4.89, impact=enhancement, method=robust z-score (MAD, threshold 3.0))"
2026-05-18,LCAIN12921,LCAIN12921-1,1,DL Traffic,(HU) DL Traffic Volume (GBytes),43.4339,11.4907,14.683766666666665,8.407794295704962,24,Spike,4.091570744827524,,high,enhancement,"robust z-score (MAD, threshold 3.0)",High,4week_rolling_avg,"KPI spike on last day: value=43.43 vs 24-day median=11.49 (z-score=+4.09, impact=enhancement, method=robust z-score (MAD, threshold 3.0))"
2026-05-18,LCAIN13987,LCAIN13987-3,3,DL Traffic,(HU) DL Traffic Volume (GBytes),114.7516,69.13685000000001,67.3329625,14.261268943885876,24,Spike,4.158424492418883,,high,enhancement,"robust z-score (MAD, threshold 3.0)",High,4week_rolling_avg,"KPI spike on last day: value=114.75 vs 24-day median=69.14 (z-score=+4.16, impact=enhancement, method=robust z-score (MAD, threshold 3.0))"
2026-05-18,LCAIN13991,LCAIN13991-1,1,DL Traffic,(HU) DL Traffic Volume (GBytes),0.2667,0.04425,0.12098333333333333,0.14922136985774598,24,Spike,4.984733204171714,,high,enhancement,"robust z-score (MAD, threshold 3.0)",High,4week_rolling_avg,"KPI spike on last day: value=0.27 vs 24-day median=0.04 (z-score=+4.98, impact=enhancement, method=robust z-score (MAD, threshold 3.0))"
2026-05-18,LCAIN13992,LCAIN13992-3,3,DL Traffic,(HU) DL Traffic Volume (GBytes),12.4925,2.50915,3.6127874999999996,3.2989262024827237,24,Spike,4.378203721469874,,high,enhancement,"robust z-score (MAD, threshold 3.0)",High,4week_rolling_avg,"KPI spike on last day: value=12.49 vs 24-day median=2.51 (z-score=+4.38, impact=enhancement, method=robust z-score (MAD, threshold 3.0))"
2026-05-18,LCAIN14000,LCAIN14000-2,2,DL Traffic,(HU) DL Traffic Volume (GBytes),5.1442,1.50175,1.8205125000000002,0.9606017568484957,24,Spike,4.920486414691616,,high,enhancement,"robust z-score (MAD, threshold 3.0)",High,4week_rolling_avg,"KPI spike on last day: value=5.14 vs 24-day median=1.50 (z-score=+4.92, impact=enhancement, method=robust z-score (MAD, threshold 3.0))"
2026-05-18,LCAIN15442,LCAIN15442-5,5,DL Traffic,(HU) DL Traffic Volume (GBytes),9.9702,3.4188,4.106041666666667,2.1698792076435707,24,Spike,4.367108525606529,,high,enhancement,"robust z-score (MAD, threshold 3.0)",High,4week_rolling_avg,"KPI spike on last day: value=9.97 vs 24-day median=3.42 (z-score=+4.37, impact=enhancement, method=robust z-score (MAD, threshold 3.0))"
2026-05-18,LCAIN10117_Site_138,LCAIN10117-6,6,E-RAB Drop Rate,E-RAB Drop Rate (E-NodeB + MME) %,0.8726,0.54765,0.5211666666666667,0.13280765435604816,24,Spike,4.202795250084751,,high,degradation,"robust z-score (MAD, threshold 3.0)",High,4week_rolling_avg,"KPI spike on last day: value=0.87 vs 24-day median=0.55 (z-score=+4.20, impact=degradation, method=robust z-score (MAD, threshold 3.0))"
2026-05-18,LCAIN12000,LCAIN12000-3,3,E-RAB Drop Rate,E-RAB Drop Rate (E-NodeB + MME) %,2.202,1.83415,1.9069785714285714,0.18534940047138554,14,Spike,4.780566972513792,,high,degradation,"robust z-score (MAD, threshold 3.0)",High,4week_rolling_avg,"KPI spike on last day: value=2.20 vs 24-day median=1.83 (z-score=+4.78, impact=degradation, method=robust z-score (MAD, threshold 3.0))"
2026-05-18,LCAIN12223,LCAIN12223-7,7,E-RAB Drop Rate,E-RAB Drop Rate (E-NodeB + MME) %,1.6679,0.7334499999999999,0.7946666666666666,0.25335749720284356,24,Spike,4.066308968986481,,high,degradation,"robust z-score (MAD, threshold 3.0)",High,4week_rolling_avg,"KPI spike on last day: value=1.67 vs 24-day median=0.73 (z-score=+4.07, impact=degradation, method=robust z-score (MAD, threshold 3.0))"
2026-05-18,LCAIN12476,LCAIN12476-3,3,E-RAB Drop Rate,E-RAB Drop Rate (E-NodeB + MME) %,2.0728,0.6870499999999999,0.6952958333333333,0.2494714821363467,24,Spike,4.569423465874808,,high,degradation,"robust z-score (MAD, threshold 3.0)",High,4week_rolling_avg,"KPI spike on last day: value=2.07 vs 24-day median=0.69 (z-score=+4.57, impact=degradation, method=robust z-score (MAD, threshold 3.0))"
2026-05-18,LCAIN12839,LCAIN12839-3,3,E-RAB Drop Rate,E-RAB Drop Rate (E-NodeB + MME) %,2.7335,0.91415,0.8735181818181819,0.32979820777445057,22,Spike,4.282445518247229,,high,degradation,"robust z-score (MAD, threshold 3.0)",High,4week_rolling_avg,"KPI spike on last day: value=2.73 vs 24-day median=0.91 (z-score=+4.28, impact=degradation, method=robust z-score (MAD, threshold 3.0))"
2026-05-18,LCAIN12862,LCAIN12862-7,7,E-RAB Drop Rate,E-RAB Drop Rate (E-NodeB + MME) %,0.4859,0.26744999999999997,0.2557333333333333,0.05749985990321098,24,Spike,4.070234983637078,,high,degradation,"robust z-score (MAD, threshold 3.0)",High,4week_rolling_avg,"KPI spike on last day: value=0.49 vs 24-day median=0.27 (z-score=+4.07, impact=degradation, method=robust z-score (MAD, threshold 3.0))"
2026-05-18,LCAIN13988,LCAIN13988-5,5,E-RAB Drop Rate,E-RAB Drop Rate (E-NodeB + MME) %,0.5216,0.2697,0.27276666666666666,0.09270393585076214,24,Spike,4.585808969288917,,high,degradation,"robust z-score (MAD, threshold 3.0)",High,4week_rolling_avg,"KPI spike on last day: value=0.52 vs 24-day median=0.27 (z-score=+4.59, impact=degradation, method=robust z-score (MAD, threshold 3.0))"
2026-05-18,LCAIN10446,LCAIN10446-3,3,ERAB Setup SR,ERAB Setup Success Rate,99.6105,99.8784,99.57015833333332,0.8869769641487616,24,Spike,-4.120777068728682,,low,degradation,"robust z-score (MAD, threshold 3.0)",High,4week_rolling_avg,"KPI spike on last day: value=99.61 vs 24-day median=99.88 (z-score=-4.12, impact=degradation, method=robust z-score (MAD, threshold 3.0))"
2026-05-18,LCAIN10497,LCAIN10497-2,2,ERAB Setup SR,ERAB Setup Success Rate,99.4728,99.86095,99.79794583333334,0.2622581663475382,24,Spike,-4.502211320564885,,low,degradation,"robust z-score (MAD, threshold 3.0)",High,4week_rolling_avg,"KPI spike on last day: value=99.47 vs 24-day median=99.86 (z-score=-4.50, impact=degradation, method=robust z-score (MAD, threshold 3.0))"
2026-05-18,LCAIN10497,LCAIN10497-3,3,ERAB Setup SR,ERAB Setup Success Rate,99.5767,99.8237,99.79461250000001,0.17720086369357824,24,Spike,-4.570623253518295,,low,degradation,"robust z-score (MAD, threshold 3.0)",High,4week_rolling_avg,"KPI spike on last day: value=99.58 vs 24-day median=99.82 (z-score=-4.57, impact=degradation, method=robust z-score (MAD, threshold 3.0))"
2026-05-18,LCAIN10581,LCAIN10581-6,6,ERAB Setup SR,ERAB Setup Success Rate,99.7228,99.925,99.83999583333333,0.34344170232996596,24,Spike,-4.329588303687494,,low,degradation,"robust z-score (MAD, threshold 3.0)",High,4week_rolling_avg,"KPI spike on last day: value=99.72 vs 24-day median=99.92 (z-score=-4.33, impact=degradation, method=robust z-score (MAD, threshold 3.0))"
2026-05-18,LCAIN10594,LCAIN10594-6,6,ERAB Setup SR,ERAB Setup Success Rate,99.8217,99.9435,99.93125416666668,0.06847351056653539,24,Spike,-4.428731779205136,,low,degradation,"robust z-score (MAD, threshold 3.0)",High,4week_rolling_avg,"KPI spike on last day: value=99.82 vs 24-day median=99.94 (z-score=-4.43, impact=degradation, method=robust z-score (MAD, threshold 3.0))"
2026-05-18,LCAIN10970,LCAIN10970-1,1,ERAB Setup SR,ERAB Setup Success Rate,99.7701,99.9571,99.90675416666666,0.12225058615798996,24,Spike,-4.472686951138222,,low,degradation,"robust z-score (MAD, threshold 3.0)",High,4week_rolling_avg,"KPI spike on last day: value=99.77 vs 24-day median=99.96 (z-score=-4.47, impact=degradation, method=robust z-score (MAD, threshold 3.0))"
2026-05-18,LCAIN10988,LCAIN10988-5,5,ERAB Setup SR,ERAB Setup Success Rate,99.8319,99.9575,99.91369583333334,0.1315630377397293,24,Spike,-4.786216914704238,,low,degradation,"robust z-score (MAD, threshold 3.0)",High,4week_rolling_avg,"KPI spike on last day: value=99.83 vs 24-day median=99.96 (z-score=-4.79, impact=degradation, method=robust z-score (MAD, threshold 3.0))"
2026-05-18,LCAIN10990,LCAIN10990-5,5,ERAB Setup SR,ERAB Setup Success Rate,99.78,99.92435,99.89821666666667,0.0727567789892367,24,Spike,-4.528499587462048,,low,degradation,"robust z-score (MAD, threshold 3.0)",High,4week_rolling_avg,"KPI spike on last day: value=99.78 vs 24-day median=99.92 (z-score=-4.53, impact=degradation, method=robust z-score (MAD, threshold 3.0))"
2026-05-18,LCAIN11677,LCAIN11677-3,3,ERAB Setup SR,ERAB Setup Success Rate,99.6471,99.83840000000001,99.78903333333335,0.12501215496458176,24,Spike,-4.434023446320069,,low,degradation,"robust z-score (MAD, threshold 3.0)",High,4week_rolling_avg,"KPI spike on last day: value=99.65 vs 24-day median=99.84 (z-score=-4.43, impact=degradation, method=robust z-score (MAD, threshold 3.0))"
2026-05-18,LCAIN12215,LCAIN12215-3,3,ERAB Setup SR,ERAB Setup Success Rate,99.7102,99.9457,99.81420416666667,0.6017465430444718,24,Spike,-4.152747028934591,,low,degradation,"robust z-score (MAD, threshold 3.0)",High,4week_rolling_avg,"KPI spike on last day: value=99.71 vs 24-day median=99.95 (z-score=-4.15, impact=degradation, method=robust z-score (MAD, threshold 3.0))"
2026-05-18,LCAIN12223,LCAIN12223-5,5,ERAB Setup SR,ERAB Setup Success Rate,99.6403,99.91385,99.65187500000002,0.5089562106655141,24,Spike,-4.202891737011839,,low,degradation,"robust z-score (MAD, threshold 3.0)",High,4week_rolling_avg,"KPI spike on last day: value=99.64 vs 24-day median=99.91 (z-score=-4.20, impact=degradation, method=robust z-score (MAD, threshold 3.0))"
2026-05-18,LCAIN12799,LCAIN12799-7,7,ERAB Setup SR,ERAB Setup Success Rate,99.6089,99.9077,99.87217083333333,0.11277079438388384,24,Spike,-4.357574895818468,,low,degradation,"robust z-score (MAD, threshold 3.0)",High,4week_rolling_avg,"KPI spike on last day: value=99.61 vs 24-day median=99.91 (z-score=-4.36, impact=degradation, method=robust z-score (MAD, threshold 3.0))"
2026-05-18,LCAIN12838,LCAIN12838-3,3,ERAB Setup SR,ERAB Setup Success Rate,99.4745,99.88935000000001,99.85747916666668,0.09436033320542464,24,Spike,-4.667431052024412,,low,degradation,"robust z-score (MAD, threshold 3.0)",High,4week_rolling_avg,"KPI spike on last day: value=99.47 vs 24-day median=99.89 (z-score=-4.67, impact=degradation, method=robust z-score (MAD, threshold 3.0))"
2026-05-18,LCAIN13994,LCAIN13994-1,1,ERAB Setup SR,ERAB Setup Success Rate,99.0959,99.74680000000001,99.06405,1.561821403405768,22,Spike,-4.025915042121371,,low,degradation,"robust z-score (MAD, threshold 3.0)",High,4week_rolling_avg,"KPI spike on last day: value=99.10 vs 24-day median=99.75 (z-score=-4.03, impact=degradation, method=robust z-score (MAD, threshold 3.0))"
2026-05-18,LCAIN13994,LCAIN13994-5,5,ERAB Setup SR,ERAB Setup Success Rate,99.1028,99.77905,98.35566818181816,3.7919235103747893,22,Spike,-4.456515643341858,,low,degradation,"robust z-score (MAD, threshold 3.0)",High,4week_rolling_avg,"KPI spike on last day: value=99.10 vs 24-day median=99.78 (z-score=-4.46, impact=degradation, method=robust z-score (MAD, threshold 3.0))"
2026-05-18,LCAIE10001,LCAIE10001-2,2,HO Success Rate,HO SR% Overall,99.041,99.7414,99.73994166666667,0.17759135657614586,24,Spike,-4.048100496464457,,low,degradation,"robust z-score (MAD, threshold 3.0)",High,4week_rolling_avg,"KPI spike on last day: value=99.04 vs 24-day median=99.74 (z-score=-4.05, impact=degradation, method=robust z-score (MAD, threshold 3.0))"
2026-05-18,LCAIN10029,LCAIN10029-1,1,HO Success Rate,HO SR% Overall,99.4887,99.8112,99.45285416666667,1.3697906743912764,24,Spike,-4.3855497970002775,,low,degradation,"robust z-score (MAD, threshold 3.0)",High,4week_rolling_avg,"KPI spike on last day: value=99.49 vs 24-day median=99.81 (z-score=-4.39, impact=degradation, method=robust z-score (MAD, threshold 3.0))"
2026-05-18,LCAIN10108_Site_133,LCAIN10108-3,3,HO Success Rate,HO SR% Overall,97.9122,99.4692,98.4428375,4.06923571272015,24,Spike,-4.979526375083376,,low,degradation,"robust z-score (MAD, threshold 3.0)",High,4week_rolling_avg,"KPI spike on last day: value=97.91 vs 24-day median=99.47 (z-score=-4.98, impact=degradation, method=robust z-score (MAD, threshold 3.0))"
2026-05-18,LCAIN10108_Site_133,LCAIN10108-5,5,HO Success Rate,HO SR% Overall,98.4183,99.6439,98.91040833333334,1.7214385408519683,24,Spike,-4.604042744720243,,low,degradation,"robust z-score (MAD, threshold 3.0)",High,4week_rolling_avg,"KPI spike on last day: value=98.42 vs 24-day median=99.64 (z-score=-4.60, impact=degradation, method=robust z-score (MAD, threshold 3.0))"
2026-05-18,LCAIN10108_Site_133,LCAIN10108-6,6,HO Success Rate,HO SR% Overall,99.1249,99.74539999999999,99.41739166666666,1.11605448527266,24,Spike,-4.355062604112301,,low,degradation,"robust z-score (MAD, threshold 3.0)",High,4week_rolling_avg,"KPI spike on last day: value=99.12 vs 24-day median=99.75 (z-score=-4.36, impact=degradation, method=robust z-score (MAD, threshold 3.0))"
2026-05-18,LCAIN10115,LCAIN10115-6,6,HO Success Rate,HO SR% Overall,99.6411,99.9315,99.79540000000001,0.27037686815505035,24,Spike,-4.290736397634138,,low,degradation,"robust z-score (MAD, threshold 3.0)",High,4week_rolling_avg,"KPI spike on last day: value=99.64 vs 24-day median=99.93 (z-score=-4.29, impact=degradation, method=robust z-score (MAD, threshold 3.0))"
2026-05-18,LCAIN10369,LCAIN10369-2,2,HO Success Rate,HO SR% Overall,96.9697,98.75925,97.86088333333333,2.961990104314251,24,Spike,-4.5462709552592155,,low,degradation,"robust z-score (MAD, threshold 3.0)",High,4week_rolling_avg,"KPI spike on last day: value=96.97 vs 24-day median=98.76 (z-score=-4.55, impact=degradation, method=robust z-score (MAD, threshold 3.0))"
2026-05-18,LCAIN10512_Site_512,LCAIN10512-5,5,HO Success Rate,HO SR% Overall,97.6529,99.5578,98.28143333333334,5.101190124427392,24,Spike,-4.856690409098339,,low,degradation,"robust z-score (MAD, threshold 3.0)",High,4week_rolling_avg,"KPI spike on last day: value=97.65 vs 24-day median=99.56 (z-score=-4.86, impact=degradation, method=robust z-score (MAD, threshold 3.0))"
2026-05-18,LCAIN10545_Cow -Tagamo5,LCAIN10545-2,2,HO Success Rate,HO SR% Overall,97.0509,99.4778,99.37975999999999,0.4894469474825637,15,Spike,-4.448156587428732,,low,degradation,"robust z-score (MAD, threshold 3.0)",High,4week_rolling_avg,"KPI spike on last day: value=97.05 vs 24-day median=99.48 (z-score=-4.45, impact=degradation, method=robust z-score (MAD, threshold 3.0))"
2026-05-18,LCAIN10636,LCAIN10636-3,3,HO Success Rate,HO SR% Overall,98.4733,99.66155,97.48821666666667,3.787144255203679,24,Spike,-4.1206357066739345,,low,degradation,"robust z-score (MAD, threshold 3.0)",High,4week_rolling_avg,"KPI spike on last day: value=98.47 vs 24-day median=99.66 (z-score=-4.12, impact=degradation, method=robust z-score (MAD, threshold 3.0))"
2026-05-18,LCAIN10823,LCAIN10823-5,5,HO Success Rate,HO SR% Overall,99.58,99.84315000000001,98.86582500000002,2.2567654820653535,24,Spike,-4.803578981226513,,low,degradation,"robust z-score (MAD, threshold 3.0)",High,4week_rolling_avg,"KPI spike on last day: value=99.58 vs 24-day median=99.84 (z-score=-4.80, impact=degradation, method=robust z-score (MAD, threshold 3.0))"
2026-05-18,LCAIN10990,LCAIN10990-1,1,HO Success Rate,HO SR% Overall,98.3762,99.12100000000001,99.14972083333333,0.3215659470714714,24,Spike,-4.271774810018138,,low,degradation,"robust z-score (MAD, threshold 3.0)",High,4week_rolling_avg,"KPI spike on last day: value=98.38 vs 24-day median=99.12 (z-score=-4.27, impact=degradation, method=robust z-score (MAD, threshold 3.0))"
2026-05-18,LCAIN11827,LCAIN11827-6,6,HO Success Rate,HO SR% Overall,99.1518,99.74090000000001,99.30138333333333,1.6462426179704557,24,Spike,-4.764298637981836,,low,degradation,"robust z-score (MAD, threshold 3.0)",High,4week_rolling_avg,"KPI spike on last day: value=99.15 vs 24-day median=99.74 (z-score=-4.76, impact=degradation, method=robust z-score (MAD, threshold 3.0))"
2026-05-18,LCAIN12012,LCAIN12012-1,1,HO Success Rate,HO SR% Overall,96.5993,99.24119999999999,96.66210833333332,4.998645443844152,24,Spike,-4.231122254448922,,low,degradation,"robust z-score (MAD, threshold 3.0)",High,4week_rolling_avg,"KPI spike on last day: value=96.60 vs 24-day median=99.24 (z-score=-4.23, impact=degradation, method=robust z-score (MAD, threshold 3.0))"
2026-05-18,LCAIN12053,LCAIN12053-5,5,HO Success Rate,HO SR% Overall,99.329,99.82155,99.38201666666664,0.9456507775365893,24,Spike,-4.272931492993255,,low,degradation,"robust z-score (MAD, threshold 3.0)",High,4week_rolling_avg,"KPI spike on last day: value=99.33 vs 24-day median=99.82 (z-score=-4.27, impact=degradation, method=robust z-score (MAD, threshold 3.0))"
2026-05-18,LCAIN12247,LCAIN12247-7,7,HO Success Rate,HO SR% Overall,98.7704,99.5664,99.23892916666667,0.9010364349270087,24,Spike,-4.6026116120306435,,low,degradation,"robust z-score (MAD, threshold 3.0)",High,4week_rolling_avg,"KPI spike on last day: value=98.77 vs 24-day median=99.57 (z-score=-4.60, impact=degradation, method=robust z-score (MAD, threshold 3.0))"
2026-05-18,LCAIN12524,LCAIN12524-3,3,HO Success Rate,HO SR% Overall,98.58,99.59485000000001,98.87864545454545,1.8363345512998233,22,Spike,-4.733796315731976,,low,degradation,"robust z-score (MAD, threshold 3.0)",High,4week_rolling_avg,"KPI spike on last day: value=98.58 vs 24-day median=99.59 (z-score=-4.73, impact=degradation, method=robust z-score (MAD, threshold 3.0))"
2026-05-18,LCAIN13987,LCAIN13987-3,3,HO Success Rate,HO SR% Overall,97.7185,98.77515,97.88722916666667,2.0047419492042624,24,Spike,-4.480984979572055,,low,degradation,"robust z-score (MAD, threshold 3.0)",High,4week_rolling_avg,"KPI spike on last day: value=97.72 vs 24-day median=98.78 (z-score=-4.48, impact=degradation, method=robust z-score (MAD, threshold 3.0))"
2026-05-18,LCAIN17818,LCAIN17818-6,6,HO Success Rate,HO SR% Overall,99.1017,99.54390000000001,99.465875,0.3672282093036063,24,Spike,-4.408866427798806,,low,degradation,"robust z-score (MAD, threshold 3.0)",High,4week_rolling_avg,"KPI spike on last day: value=99.10 vs 24-day median=99.54 (z-score=-4.41, impact=degradation, method=robust z-score (MAD, threshold 3.0))"
2026-05-18,LCAIN10104_Site_149,LCAIN10104-5,5,RACH Success Rate,(HU) RACH Success Rate(%),84.8627,93.36234999999999,91.00180833333333,6.519456339483419,24,Spike,-4.414534619632123,,low,degradation,"robust z-score (MAD, threshold 3.0)",High,4week_rolling_avg,"KPI spike on last day: value=84.86 vs 24-day median=93.36 (z-score=-4.41, impact=degradation, method=robust z-score (MAD, threshold 3.0))"
2026-05-18,LCAIN10113_Tagmoa5,LCAIN10113-3,3,RACH Success Rate,(HU) RACH Success Rate(%),71.7241,87.6519,85.64105416666666,5.40791715134542,24,Spike,-4.133810692726122,,low,degradation,"robust z-score (MAD, threshold 3.0)",High,4week_rolling_avg,"KPI spike on last day: value=71.72 vs 24-day median=87.65 (z-score=-4.13, impact=degradation, method=robust z-score (MAD, threshold 3.0))"
2026-05-18,LCAIN10369,LCAIN10369-6,6,RACH Success Rate,(HU) RACH Success Rate(%),72.075,84.6343,81.86085,6.8389543639726105,24,Spike,-4.107514144298683,,low,degradation,"robust z-score (MAD, threshold 3.0)",High,4week_rolling_avg,"KPI spike on last day: value=72.08 vs 24-day median=84.63 (z-score=-4.11, impact=degradation, method=robust z-score (MAD, threshold 3.0))"
2026-05-18,LCAIN10458,LCAIN10458-7,7,RACH Success Rate,(HU) RACH Success Rate(%),92.6183,96.45849999999999,95.76177499999999,1.9587457739265204,24,Spike,-4.123176400098711,,low,degradation,"robust z-score (MAD, threshold 3.0)",High,4week_rolling_avg,"KPI spike on last day: value=92.62 vs 24-day median=96.46 (z-score=-4.12, impact=degradation, method=robust z-score (MAD, threshold 3.0))"
2026-05-18,LCAIN10575,LCAIN10575-5,5,RACH Success Rate,(HU) RACH Success Rate(%),85.8517,94.852,94.55554736842105,2.9818289254059844,19,Spike,-4.960466728646201,,low,degradation,"robust z-score (MAD, threshold 3.0)",High,4week_rolling_avg,"KPI spike on last day: value=85.85 vs 24-day median=94.85 (z-score=-4.96, impact=degradation, method=robust z-score (MAD, threshold 3.0))"
2026-05-18,LCAIN10764,LCAIN10764-5,5,RACH Success Rate,(HU) RACH Success Rate(%),89.7623,92.49340000000001,92.087495,1.162374907022257,20,Spike,-4.073643770912374,,low,degradation,"robust z-score (MAD, threshold 3.0)",High,4week_rolling_avg,"KPI spike on last day: value=89.76 vs 24-day median=92.49 (z-score=-4.07, impact=degradation, method=robust z-score (MAD, threshold 3.0))"
2026-05-18,LCAIN10764,LCAIN10764-6,6,RACH Success Rate,(HU) RACH Success Rate(%),78.6398,91.1814,87.90872,9.074027302890377,20,Spike,-4.572660509230899,,low,degradation,"robust z-score (MAD, threshold 3.0)",High,4week_rolling_avg,"KPI spike on last day: value=78.64 vs 24-day median=91.18 (z-score=-4.57, impact=degradation, method=robust z-score (MAD, threshold 3.0))"
2026-05-18,LCAIN10984,LCAIN10984-5,5,RACH Success Rate,(HU) RACH Success Rate(%),77.4659,90.92285000000001,88.576275,6.3947044783978635,24,Spike,-4.566377434088957,,low,degradation,"robust z-score (MAD, threshold 3.0)",High,4week_rolling_avg,"KPI spike on last day: value=77.47 vs 24-day median=90.92 (z-score=-4.57, impact=degradation, method=robust z-score (MAD, threshold 3.0))"
2026-05-18,LCAIN11975,LCAIN11975-6,6,RACH Success Rate,(HU) RACH Success Rate(%),86.5239,94.70625,93.39774999999999,3.5967519133008516,24,Spike,-4.8486004531546865,,low,degradation,"robust z-score (MAD, threshold 3.0)",High,4week_rolling_avg,"KPI spike on last day: value=86.52 vs 24-day median=94.71 (z-score=-4.85, impact=degradation, method=robust z-score (MAD, threshold 3.0))"
2026-05-18,LCAIN12250,LCAIN12250-1,1,RACH Success Rate,(HU) RACH Success Rate(%),86.9359,78.32075,76.0096375,7.272784068693622,24,Spike,4.082652333664582,,high,enhancement,"robust z-score (MAD, threshold 3.0)",High,4week_rolling_avg,"KPI spike on last day: value=86.94 vs 24-day median=78.32 (z-score=+4.08, impact=enhancement, method=robust z-score (MAD, threshold 3.0))"
2026-05-18,LCAIN12262,LCAIN12262-7,7,RACH Success Rate,(HU) RACH Success Rate(%),59.9482,84.5507,82.54354166666667,6.871593296494675,24,Spike,-4.791706537501935,,low,degradation,"robust z-score (MAD, threshold 3.0)",High,4week_rolling_avg,"KPI spike on last day: value=59.95 vs 24-day median=84.55 (z-score=-4.79, impact=degradation, method=robust z-score (MAD, threshold 3.0))"
2026-05-18,LCAIN12838,LCAIN12838-7,7,RACH Success Rate,(HU) RACH Success Rate(%),84.3672,92.74005,88.555175,12.240992046441402,24,Spike,-4.340488782940295,,low,degradation,"robust z-score (MAD, threshold 3.0)",High,4week_rolling_avg,"KPI spike on last day: value=84.37 vs 24-day median=92.74 (z-score=-4.34, impact=degradation, method=robust z-score (MAD, threshold 3.0))"
2026-05-18,LCAIN12920,LCAIN12920-5,5,RACH Success Rate,(HU) RACH Success Rate(%),80.5982,94.0163,92.307675,3.866575116866992,24,Spike,-4.948133981975848,,low,degradation,"robust z-score (MAD, threshold 3.0)",High,4week_rolling_avg,"KPI spike on last day: value=80.60 vs 24-day median=94.02 (z-score=-4.95, impact=degradation, method=robust z-score (MAD, threshold 3.0))"
2026-05-18,LCAIN13986,LCAIN13986-2,2,RACH Success Rate,(HU) RACH Success Rate(%),73.9603,88.89225,85.22471666666667,7.781257159229192,24,Spike,-4.532713290563055,,low,degradation,"robust z-score (MAD, threshold 3.0)",High,4week_rolling_avg,"KPI spike on last day: value=73.96 vs 24-day median=88.89 (z-score=-4.53, impact=degradation, method=robust z-score (MAD, threshold 3.0))"
2026-05-18,LCAIN13989,LCAIN13989-3,3,RACH Success Rate,(HU) RACH Success Rate(%),66.5315,88.15075,85.47956666666666,7.314357870293347,24,Spike,-4.42186504285241,,low,degradation,"robust z-score (MAD, threshold 3.0)",High,4week_rolling_avg,"KPI spike on last day: value=66.53 vs 24-day median=88.15 (z-score=-4.42, impact=degradation, method=robust z-score (MAD, threshold 3.0))"
2026-05-18,LCAIN22701,LCAIN22701-4,4,RACH Success Rate,(HU) RACH Success Rate(%),75.1437,79.9663,79.34306666666667,2.3107997426336087,24,Spike,-4.850218648552634,,low,degradation,"robust z-score (MAD, threshold 3.0)",High,4week_rolling_avg,"KPI spike on last day: value=75.14 vs 24-day median=79.97 (z-score=-4.85, impact=degradation, method=robust z-score (MAD, threshold 3.0))"
2026-05-18,LCAIN10129_Site_143,LCAIN10129-7,7,RRC Re-establishment,RRC Reestablish Setup Success Rate(%),61.1111,84.92145,82.61227916666667,7.1020686617808275,24,Spike,-4.215131311899712,,low,degradation,"robust z-score (MAD, threshold 3.0)",High,4week_rolling_avg,"KPI spike on last day: value=61.11 vs 24-day median=84.92 (z-score=-4.22, impact=degradation, method=robust z-score (MAD, threshold 3.0))"
2026-05-18,LCAIN10499,LCAIN10499-1,1,RRC Re-establishment,RRC Reestablish Setup Success Rate(%),88.2353,94.54665,93.29967916666665,3.7842212869117438,24,Spike,-4.0869309282091315,,low,degradation,"robust z-score (MAD, threshold 3.0)",High,4week_rolling_avg,"KPI spike on last day: value=88.24 vs 24-day median=94.55 (z-score=-4.09, impact=degradation, method=robust z-score (MAD, threshold 3.0))"
2026-05-18,LCAIN11025,LCAIN11025-7,7,RRC Re-establishment,RRC Reestablish Setup Success Rate(%),76.9231,89.0159,86.85556666666666,5.257502643973554,24,Spike,-4.500624541300318,,low,degradation,"robust z-score (MAD, threshold 3.0)",High,4week_rolling_avg,"KPI spike on last day: value=76.92 vs 24-day median=89.02 (z-score=-4.50, impact=degradation, method=robust z-score (MAD, threshold 3.0))"
2026-05-18,LCAIN12215,LCAIN12215-1,1,RRC Re-establishment,RRC Reestablish Setup Success Rate(%),87.6812,95.93465,94.663075,2.7934295042489143,24,Spike,-4.448162811667682,,low,degradation,"robust z-score (MAD, threshold 3.0)",High,4week_rolling_avg,"KPI spike on last day: value=87.68 vs 24-day median=95.93 (z-score=-4.45, impact=degradation, method=robust z-score (MAD, threshold 3.0))"
2026-05-18,LCAIN12245,LCAIN12245-3,3,RRC Re-establishment,RRC Reestablish Setup Success Rate(%),83.8845,93.21549999999999,93.02374999999999,3.1893029891602747,24,Spike,-4.226778560561527,,low,degradation,"robust z-score (MAD, threshold 3.0)",High,4week_rolling_avg,"KPI spike on last day: value=83.88 vs 24-day median=93.22 (z-score=-4.23, impact=degradation, method=robust z-score (MAD, threshold 3.0))"
2026-05-18,LCAIE10001,LCAIE10001-8,8,RRC Setup SR,(TE) RRC Setup SR%,99.9405,99.97895,99.97776666666668,0.011779737782405167,24,Spike,-4.116534873311217,,low,degradation,"robust z-score (MAD, threshold 3.0)",High,4week_rolling_avg,"KPI spike on last day: value=99.94 vs 24-day median=99.98 (z-score=-4.12, impact=degradation, method=robust z-score (MAD, threshold 3.0))"
2026-05-18,LCAIN10110,LCAIN10110-6,6,RRC Setup SR,(TE) RRC Setup SR%,99.9526,99.9872,99.98558333333334,0.00865268102317842,24,Spike,-4.487957745752119,,low,degradation,"robust z-score (MAD, threshold 3.0)",High,4week_rolling_avg,"KPI spike on last day: value=99.95 vs 24-day median=99.99 (z-score=-4.49, impact=degradation, method=robust z-score (MAD, threshold 3.0))"
2026-05-18,LCAIN10120,LCAIN10120-2,2,RRC Setup SR,(TE) RRC Setup SR%,99.8163,100.0,99.98256249999999,0.04378447986539663,24,Spike,-4.195550582414979,,low,degradation,"robust z-score (std-fallback, threshold 3.0)",High,4week_rolling_avg,"KPI spike on last day: value=99.82 vs 24-day median=100.00 (z-score=-4.20, impact=degradation, method=robust z-score (std-fallback, threshold 3.0))"
2026-05-18,LCAIN10134_03-1-30-301,LCAIN10134-7,7,RRC Setup SR,(TE) RRC Setup SR%,99.9778,99.98975,99.9879625,0.005965652555811203,24,Spike,-4.356845716607886,,low,degradation,"robust z-score (MAD, threshold 3.0)",High,4week_rolling_avg,"KPI spike on last day: value=99.98 vs 24-day median=99.99 (z-score=-4.36, impact=degradation, method=robust z-score (MAD, threshold 3.0))"
2026-05-18,LCAIN10369,LCAIN10369-3,3,RRC Setup SR,(TE) RRC Setup SR%,99.6078,99.91145,99.89800416666667,0.07236765782658354,24,Spike,-4.39033481489974,,low,degradation,"robust z-score (MAD, threshold 3.0)",High,4week_rolling_avg,"KPI spike on last day: value=99.61 vs 24-day median=99.91 (z-score=-4.39, impact=degradation, method=robust z-score (MAD, threshold 3.0))"
2026-05-18,LCAIN10493,LCAIN10493-3,3,RRC Setup SR,(TE) RRC Setup SR%,99.8211,99.9761,99.95771666666667,0.0530467220685879,12,Spike,-4.374312456857053,,low,degradation,"robust z-score (MAD, threshold 3.0)",High,4week_rolling_avg,"KPI spike on last day: value=99.82 vs 24-day median=99.98 (z-score=-4.37, impact=degradation, method=robust z-score (MAD, threshold 3.0))"
2026-05-18,LCAIN10496,LCAIN10496-5,5,RRC Setup SR,(TE) RRC Setup SR%,99.8208,99.95660000000001,99.94771666666668,0.03560997831444822,24,Spike,-4.898173536733212,,low,degradation,"robust z-score (MAD, threshold 3.0)",High,4week_rolling_avg,"KPI spike on last day: value=99.82 vs 24-day median=99.96 (z-score=-4.90, impact=degradation, method=robust z-score (MAD, threshold 3.0))"
2026-05-18,LCAIN10634,LCAIN10634-4,4,RRC Setup SR,(TE) RRC Setup SR%,99.6809,99.92760000000001,99.90879583333333,0.07720351610714192,24,Spike,-4.615724559304855,,low,degradation,"robust z-score (MAD, threshold 3.0)",High,4week_rolling_avg,"KPI spike on last day: value=99.68 vs 24-day median=99.93 (z-score=-4.62, impact=degradation, method=robust z-score (MAD, threshold 3.0))"
2026-05-18,LCAIN10692,LCAIN10692-6,6,RRC Setup SR,(TE) RRC Setup SR%,99.9566,99.9897,99.98323333333333,0.035404303724579846,24,Spike,-4.21238568653879,,low,degradation,"robust z-score (MAD, threshold 3.0)",High,4week_rolling_avg,"KPI spike on last day: value=99.96 vs 24-day median=99.99 (z-score=-4.21, impact=degradation, method=robust z-score (MAD, threshold 3.0))"
2026-05-18,LCAIN10737,LCAIN10737-2,2,RRC Setup SR,(TE) RRC Setup SR%,99.7673,99.91735,99.91242916666666,0.04173097849286788,24,Spike,-4.288446544891974,,low,degradation,"robust z-score (MAD, threshold 3.0)",High,4week_rolling_avg,"KPI spike on last day: value=99.77 vs 24-day median=99.92 (z-score=-4.29, impact=degradation, method=robust z-score (MAD, threshold 3.0))"
2026-05-18,LCAIN10984,LCAIN10984-1,1,RRC Setup SR,(TE) RRC Setup SR%,99.8849,99.9696,99.96702499999999,0.012591837633958797,24,Spike,-4.841471807428967,,low,degradation,"robust z-score (MAD, threshold 3.0)",High,4week_rolling_avg,"KPI spike on last day: value=99.88 vs 24-day median=99.97 (z-score=-4.84, impact=degradation, method=robust z-score (MAD, threshold 3.0))"
2026-05-18,LCAIN12070,LCAIN12070-3,3,RRC Setup SR,(TE) RRC Setup SR%,99.8933,100.0,99.98128333333334,0.026011050002301504,24,Spike,-4.102102759810256,,low,degradation,"robust z-score (std-fallback, threshold 3.0)",High,4week_rolling_avg,"KPI spike on last day: value=99.89 vs 24-day median=100.00 (z-score=-4.10, impact=degradation, method=robust z-score (std-fallback, threshold 3.0))"
2026-05-18,LCAIN12071,LCAIN12071-2,2,RRC Setup SR,(TE) RRC Setup SR%,99.7092,99.93844999999999,99.93217083333332,0.05937388931709621,24,Spike,-4.8855294347543365,,low,degradation,"robust z-score (MAD, threshold 3.0)",High,4week_rolling_avg,"KPI spike on last day: value=99.71 vs 24-day median=99.94 (z-score=-4.89, impact=degradation, method=robust z-score (MAD, threshold 3.0))"
2026-05-18,LCAIN12398,LCAIN12398-1,1,RRC Setup SR,(TE) RRC Setup SR%,99.89,99.95670000000001,99.948325,0.026301873348997057,24,Spike,-4.710841220639735,,low,degradation,"robust z-score (MAD, threshold 3.0)",High,4week_rolling_avg,"KPI spike on last day: value=99.89 vs 24-day median=99.96 (z-score=-4.71, impact=degradation, method=robust z-score (MAD, threshold 3.0))"
2026-05-18,LCAIN12570,LCAIN12570-6,6,RRC Setup SR,(TE) RRC Setup SR%,99.9189,99.9821,99.96819583333335,0.0446649049326088,24,Spike,-4.736423999884328,,low,degradation,"robust z-score (MAD, threshold 3.0)",High,4week_rolling_avg,"KPI spike on last day: value=99.92 vs 24-day median=99.98 (z-score=-4.74, impact=degradation, method=robust z-score (MAD, threshold 3.0))"
2026-05-18,LCAIN12583,LCAIN12583-1,1,RRC Setup SR,(TE) RRC Setup SR%,99.8008,99.94829999999999,99.93204166666665,0.0884091431766093,24,Spike,-4.715042038995624,,low,degradation,"robust z-score (MAD, threshold 3.0)",High,4week_rolling_avg,"KPI spike on last day: value=99.80 vs 24-day median=99.95 (z-score=-4.72, impact=degradation, method=robust z-score (MAD, threshold 3.0))"
2026-05-18,LCAIN12891,LCAIN12891-5,5,RRC Setup SR,(TE) RRC Setup SR%,99.9621,99.9898,99.98990416666668,0.006428937131352037,24,Spike,-4.017934201614352,,low,degradation,"robust z-score (MAD, threshold 3.0)",High,4week_rolling_avg,"KPI spike on last day: value=99.96 vs 24-day median=99.99 (z-score=-4.02, impact=degradation, method=robust z-score (MAD, threshold 3.0))"
2026-05-18,LCAIN12920,LCAIN12920-3,3,RRC Setup SR,(TE) RRC Setup SR%,99.9225,99.98885,99.97417499999999,0.03407653457048348,24,Spike,-4.013673712221469,,low,degradation,"robust z-score (MAD, threshold 3.0)",High,4week_rolling_avg,"KPI spike on last day: value=99.92 vs 24-day median=99.99 (z-score=-4.01, impact=degradation, method=robust z-score (MAD, threshold 3.0))"
2026-05-18,LCAIN10109,LCAIN10109-7,7,UL Throughput,(HU) User UL Average Throughput (Mbps),9.0854,3.8805500000000004,4.5315625,1.472244360891589,24,Spike,4.587850535104231,,high,enhancement,"robust z-score (MAD, threshold 3.0)",High,4week_rolling_avg,"KPI spike on last day: value=9.09 vs 24-day median=3.88 (z-score=+4.59, impact=enhancement, method=robust z-score (MAD, threshold 3.0))"
2026-05-18,LCAIN10129_Site_143,LCAIN10129-5,5,UL Throughput,(HU) User UL Average Throughput (Mbps),6.9011,4.38095,4.486716666666666,0.6404050955363245,24,Spike,4.261263192516771,,high,enhancement,"robust z-score (MAD, threshold 3.0)",High,4week_rolling_avg,"KPI spike on last day: value=6.90 vs 24-day median=4.38 (z-score=+4.26, impact=enhancement, method=robust z-score (MAD, threshold 3.0))"
2026-05-18,LCAIN10350,LCAIN10350-1,1,UL Throughput,(HU) User UL Average Throughput (Mbps),5.8985,3.6295,3.7843,0.5971044394966987,24,Spike,4.17292306271955,,high,enhancement,"robust z-score (MAD, threshold 3.0)",High,4week_rolling_avg,"KPI spike on last day: value=5.90 vs 24-day median=3.63 (z-score=+4.17, impact=enhancement, method=robust z-score (MAD, threshold 3.0))"
2026-05-18,LCAIN10592,LCAIN10592-6,6,UL Throughput,(HU) User UL Average Throughput (Mbps),6.7908,3.3318000000000003,3.8620041666666665,1.471711715282346,24,Spike,4.492708524994302,,high,enhancement,"robust z-score (MAD, threshold 3.0)",High,4week_rolling_avg,"KPI spike on last day: value=6.79 vs 24-day median=3.33 (z-score=+4.49, impact=enhancement, method=robust z-score (MAD, threshold 3.0))"
2026-05-18,LCAIN10693,LCAIN10693-1,1,UL Throughput,(HU) User UL Average Throughput (Mbps),4.7713,2.85095,2.9554500000000004,0.5283897409425483,24,Spike,4.722910957013233,,high,enhancement,"robust z-score (MAD, threshold 3.0)",High,4week_rolling_avg,"KPI spike on last day: value=4.77 vs 24-day median=2.85 (z-score=+4.72, impact=enhancement, method=robust z-score (MAD, threshold 3.0))"
2026-05-18,LCAIN10753,LCAIN10753-1,1,UL Throughput,(HU) User UL Average Throughput (Mbps),6.4442,3.20505,4.254337499999999,2.5653028134790925,24,Spike,4.014657742665589,,high,enhancement,"robust z-score (MAD, threshold 3.0)",High,4week_rolling_avg,"KPI spike on last day: value=6.44 vs 24-day median=3.21 (z-score=+4.01, impact=enhancement, method=robust z-score (MAD, threshold 3.0))"
2026-05-18,LCAIN10760,LCAIN10760-2,2,UL Throughput,(HU) User UL Average Throughput (Mbps),5.0058,2.3772,2.4117583333333337,0.5916173009335417,24,Spike,4.7976360718716755,,high,enhancement,"robust z-score (MAD, threshold 3.0)",High,4week_rolling_avg,"KPI spike on last day: value=5.01 vs 24-day median=2.38 (z-score=+4.80, impact=enhancement, method=robust z-score (MAD, threshold 3.0))"
2026-05-18,LCAIN10764,LCAIN10764-6,6,UL Throughput,(HU) User UL Average Throughput (Mbps),5.2412,2.95965,3.28713,0.7638006114818185,20,Spike,4.410042677414605,,high,enhancement,"robust z-score (MAD, threshold 3.0)",High,4week_rolling_avg,"KPI spike on last day: value=5.24 vs 24-day median=2.96 (z-score=+4.41, impact=enhancement, method=robust z-score (MAD, threshold 3.0))"
2026-05-18,LCAIN10873,LCAIN10873-1,1,UL Throughput,(HU) User UL Average Throughput (Mbps),20.1981,5.8779,7.092726315789474,3.9535806745733812,19,Spike,4.950713774401198,,high,enhancement,"robust z-score (MAD, threshold 3.0)",High,4week_rolling_avg,"KPI spike on last day: value=20.20 vs 24-day median=5.88 (z-score=+4.95, impact=enhancement, method=robust z-score (MAD, threshold 3.0))"
2026-05-18,LCAIN12046,LCAIN12046-1,1,UL Throughput,(HU) User UL Average Throughput (Mbps),6.9005,4.02855,4.166904166666667,0.7232666298809212,24,Spike,4.3481565357548995,,high,enhancement,"robust z-score (MAD, threshold 3.0)",High,4week_rolling_avg,"KPI spike on last day: value=6.90 vs 24-day median=4.03 (z-score=+4.35, impact=enhancement, method=robust z-score (MAD, threshold 3.0))"
2026-05-18,LCAIN12055,LCAIN12055-5,5,UL Throughput,(HU) User UL Average Throughput (Mbps),4.4284,2.2797,2.4996458333333336,0.6096623389078899,24,Spike,4.672077030584655,,high,enhancement,"robust z-score (MAD, threshold 3.0)",High,4week_rolling_avg,"KPI spike on last day: value=4.43 vs 24-day median=2.28 (z-score=+4.67, impact=enhancement, method=robust z-score (MAD, threshold 3.0))"
2026-05-18,LCAIN12262,LCAIN12262-2,2,UL Throughput,(HU) User UL Average Throughput (Mbps),6.5311,4.074450000000001,4.4712875,0.9708733080378802,24,Spike,4.60850430890885,,high,enhancement,"robust z-score (MAD, threshold 3.0)",High,4week_rolling_avg,"KPI spike on last day: value=6.53 vs 24-day median=4.07 (z-score=+4.61, impact=enhancement, method=robust z-score (MAD, threshold 3.0))"
2026-05-18,LCAIN12581,LCAIN12581-3,3,UL Throughput,(HU) User UL Average Throughput (Mbps),7.237,3.8808,4.332245833333333,1.7197998330666195,24,Spike,4.295495041661004,,high,enhancement,"robust z-score (MAD, threshold 3.0)",High,4week_rolling_avg,"KPI spike on last day: value=7.24 vs 24-day median=3.88 (z-score=+4.30, impact=enhancement, method=robust z-score (MAD, threshold 3.0))"
2026-05-18,LCAIN12896,LCAIN12896-1,1,UL Throughput,(HU) User UL Average Throughput (Mbps),9.535,4.19975,5.362704166666667,3.1318205490150035,24,Spike,4.796183959079708,,high,enhancement,"robust z-score (MAD, threshold 3.0)",High,4week_rolling_avg,"KPI spike on last day: value=9.54 vs 24-day median=4.20 (z-score=+4.80, impact=enhancement, method=robust z-score (MAD, threshold 3.0))"
2026-05-18,LCAIN12896,LCAIN12896-3,3,UL Throughput,(HU) User UL Average Throughput (Mbps),3.7135,2.00295,2.1022541666666665,0.5769592338134809,24,Spike,4.114658233319151,,high,enhancement,"robust z-score (MAD, threshold 3.0)",High,4week_rolling_avg,"KPI spike on last day: value=3.71 vs 24-day median=2.00 (z-score=+4.11, impact=enhancement, method=robust z-score (MAD, threshold 3.0))"
2026-05-18,LCAIN12898,LCAIN12898-7,7,UL Throughput,(HU) User UL Average Throughput (Mbps),7.0006,3.8717,3.9767217391304337,0.773910595306338,23,Spike,4.528785702416991,,high,enhancement,"robust z-score (MAD, threshold 3.0)",High,4week_rolling_avg,"KPI spike on last day: value=7.00 vs 24-day median=3.87 (z-score=+4.53, impact=enhancement, method=robust z-score (MAD, threshold 3.0))"
2026-05-18,LCAIN12930,LCAIN12930-6,6,UL Throughput,(HU) User UL Average Throughput (Mbps),3.1405,2.101,2.0899166666666664,0.22180316160956762,18,Spike,4.955004554600148,,high,enhancement,"robust z-score (MAD, threshold 3.0)",High,4week_rolling_avg,"KPI spike on last day: value=3.14 vs 24-day median=2.10 (z-score=+4.96, impact=enhancement, method=robust z-score (MAD, threshold 3.0))"
2026-05-18,LCAIN14374,LCAIN14374-5,5,UL Throughput,(HU) User UL Average Throughput (Mbps),5.1583,2.70775,3.0386642857142854,1.6160789719950228,14,Spike,4.696329963447564,,high,enhancement,"robust z-score (MAD, threshold 3.0)",High,4week_rolling_avg,"KPI spike on last day: value=5.16 vs 24-day median=2.71 (z-score=+4.70, impact=enhancement, method=robust z-score (MAD, threshold 3.0))"
2026-05-18,LCAIN22701,LCAIN22701-6,6,UL Throughput,(HU) User UL Average Throughput (Mbps),8.2091,3.9233,5.6703,3.1043366967303445,24,Spike,4.768218551694502,,high,enhancement,"robust z-score (MAD, threshold 3.0)",High,4week_rolling_avg,"KPI spike on last day: value=8.21 vs 24-day median=3.92 (z-score=+4.77, impact=enhancement, method=robust z-score (MAD, threshold 3.0))"
2026-05-18,LCAIN10371,LCAIN10371-3,3,UL Traffic,(HU) UL Traffic Volume (GBytes),2.4311,0.8735999999999999,1.1938333333333333,0.8708135868574602,24,Spike,4.3365092172747035,,high,enhancement,"robust z-score (MAD, threshold 3.0)",High,4week_rolling_avg,"KPI spike on last day: value=2.43 vs 24-day median=0.87 (z-score=+4.34, impact=enhancement, method=robust z-score (MAD, threshold 3.0))"
2026-05-18,LCAIN10495,LCAIN10495-2,2,UL Traffic,(HU) UL Traffic Volume (GBytes),4.1593,1.4726,2.0735958333333335,1.5007388564967943,24,Spike,4.880566451618014,,high,enhancement,"robust z-score (MAD, threshold 3.0)",High,4week_rolling_avg,"KPI spike on last day: value=4.16 vs 24-day median=1.47 (z-score=+4.88, impact=enhancement, method=robust z-score (MAD, threshold 3.0))"
2026-05-18,LCAIN10509,LCAIN10509-2,2,UL Traffic,(HU) UL Traffic Volume (GBytes),2.1819,0.7477,1.0120125,0.5625450554640786,24,Spike,4.530935115884464,,high,enhancement,"robust z-score (MAD, threshold 3.0)",High,4week_rolling_avg,"KPI spike on last day: value=2.18 vs 24-day median=0.75 (z-score=+4.53, impact=enhancement, method=robust z-score (MAD, threshold 3.0))"
2026-05-18,LCAIN10585,LCAIN10585-3,3,UL Traffic,(HU) UL Traffic Volume (GBytes),5.6837,2.7173499999999997,3.0256250000000002,1.2234623408078402,24,Spike,4.518463560012193,,high,enhancement,"robust z-score (MAD, threshold 3.0)",High,4week_rolling_avg,"KPI spike on last day: value=5.68 vs 24-day median=2.72 (z-score=+4.52, impact=enhancement, method=robust z-score (MAD, threshold 3.0))"
2026-05-18,LCAIN10594,LCAIN10594-2,2,UL Traffic,(HU) UL Traffic Volume (GBytes),4.9415,1.2231,1.5168125000000001,0.9743339940323765,24,Spike,4.656565985959473,,high,enhancement,"robust z-score (MAD, threshold 3.0)",High,4week_rolling_avg,"KPI spike on last day: value=4.94 vs 24-day median=1.22 (z-score=+4.66, impact=enhancement, method=robust z-score (MAD, threshold 3.0))"
2026-05-18,LCAIN10594,LCAIN10594-5,5,UL Traffic,(HU) UL Traffic Volume (GBytes),4.2667,1.3531,1.4232958333333332,0.7930428831822225,24,Spike,4.073789960221824,,high,enhancement,"robust z-score (MAD, threshold 3.0)",High,4week_rolling_avg,"KPI spike on last day: value=4.27 vs 24-day median=1.35 (z-score=+4.07, impact=enhancement, method=robust z-score (MAD, threshold 3.0))"
2026-05-18,LCAIN10594,LCAIN10594-7,7,UL Traffic,(HU) UL Traffic Volume (GBytes),4.4314,1.7384,2.0839125,1.291478388099113,24,Spike,4.9432674248754145,,high,enhancement,"robust z-score (MAD, threshold 3.0)",High,4week_rolling_avg,"KPI spike on last day: value=4.43 vs 24-day median=1.74 (z-score=+4.94, impact=enhancement, method=robust z-score (MAD, threshold 3.0))"
2026-05-18,LCAIN10760,LCAIN10760-3,3,UL Traffic,(HU) UL Traffic Volume (GBytes),10.1788,4.1231,5.292879166666666,2.975384462409741,24,Spike,4.923770347974707,,high,enhancement,"robust z-score (MAD, threshold 3.0)",High,4week_rolling_avg,"KPI spike on last day: value=10.18 vs 24-day median=4.12 (z-score=+4.92, impact=enhancement, method=robust z-score (MAD, threshold 3.0))"
2026-05-18,LCAIN10826,LCAIN10826-1,1,UL Traffic,(HU) UL Traffic Volume (GBytes),8.3191,2.61465,4.088308333333333,3.131019206120784,24,Spike,4.237210299979366,,high,enhancement,"robust z-score (MAD, threshold 3.0)",High,4week_rolling_avg,"KPI spike on last day: value=8.32 vs 24-day median=2.61 (z-score=+4.24, impact=enhancement, method=robust z-score (MAD, threshold 3.0))"
2026-05-18,LCAIN10987,LCAIN10987-5,5,UL Traffic,(HU) UL Traffic Volume (GBytes),9.7585,3.4436999999999998,3.4380624999999996,1.3439212724376444,24,Spike,4.479203121193399,,high,enhancement,"robust z-score (MAD, threshold 3.0)",High,4week_rolling_avg,"KPI spike on last day: value=9.76 vs 24-day median=3.44 (z-score=+4.48, impact=enhancement, method=robust z-score (MAD, threshold 3.0))"
2026-05-18,LCAIN12250,LCAIN12250-1,1,UL Traffic,(HU) UL Traffic Volume (GBytes),4.1908,1.5479,1.5203333333333333,0.5597248093681593,24,Spike,4.959275638393916,,high,enhancement,"robust z-score (MAD, threshold 3.0)",High,4week_rolling_avg,"KPI spike on last day: value=4.19 vs 24-day median=1.55 (z-score=+4.96, impact=enhancement, method=robust z-score (MAD, threshold 3.0))"
2026-05-18,LCAIN12461,LCAIN12461-6,6,UL Traffic,(HU) UL Traffic Volume (GBytes),0.4969,0.1335,0.23073043478260874,0.2145792555206839,23,Spike,4.161459117042354,,high,enhancement,"robust z-score (MAD, threshold 3.0)",High,4week_rolling_avg,"KPI spike on last day: value=0.50 vs 24-day median=0.13 (z-score=+4.16, impact=enhancement, method=robust z-score (MAD, threshold 3.0))"
2026-05-18,LCAIN12461,LCAIN12461-7,7,UL Traffic,(HU) UL Traffic Volume (GBytes),1.5795,0.4956,0.6015391304347826,0.3842990352171198,23,Spike,4.019134327634313,,high,enhancement,"robust z-score (MAD, threshold 3.0)",High,4week_rolling_avg,"KPI spike on last day: value=1.58 vs 24-day median=0.50 (z-score=+4.02, impact=enhancement, method=robust z-score (MAD, threshold 3.0))"
2026-05-18,LCAIN12591,LCAIN12591-3,3,UL Traffic,(HU) UL Traffic Volume (GBytes),1.3209,0.67005,1.0838791666666665,1.439588852178278,24,Spike,4.194862023940197,,high,enhancement,"robust z-score (MAD, threshold 3.0)",High,4week_rolling_avg,"KPI spike on last day: value=1.32 vs 24-day median=0.67 (z-score=+4.19, impact=enhancement, method=robust z-score (MAD, threshold 3.0))"
2026-05-18,LCAIN12691,LCAIN12691-7,7,UL Traffic,(HU) UL Traffic Volume (GBytes),0.9512,0.33315,0.38130454545454545,0.18485979571082495,22,Spike,4.043346400528707,,high,enhancement,"robust z-score (MAD, threshold 3.0)",High,4week_rolling_avg,"KPI spike on last day: value=0.95 vs 24-day median=0.33 (z-score=+4.04, impact=enhancement, method=robust z-score (MAD, threshold 3.0))"
2026-05-18,LCAIN12838,LCAIN12838-3,3,UL Traffic,(HU) UL Traffic Volume (GBytes),1.7673,1.0167000000000002,0.9798916666666666,0.25090293926248763,24,Spike,4.606667552894743,,high,enhancement,"robust z-score (MAD, threshold 3.0)",High,4week_rolling_avg,"KPI spike on last day: value=1.77 vs 24-day median=1.02 (z-score=+4.61, impact=enhancement, method=robust z-score (MAD, threshold 3.0))"
2026-05-18,LCAIN12841,LCAIN12841-2,2,UL Traffic,(HU) UL Traffic Volume (GBytes),3.0672,4.74465,4.718458333333333,1.3238817947978672,24,Spike,-4.756882591902523,,low,degradation,"robust z-score (MAD, threshold 3.0)",High,4week_rolling_avg,"KPI spike on last day: value=3.07 vs 24-day median=4.74 (z-score=-4.76, impact=degradation, method=robust z-score (MAD, threshold 3.0))"
2026-05-18,LCAIN12841,LCAIN12841-7,7,UL Traffic,(HU) UL Traffic Volume (GBytes),5.7423,2.82125,2.9229541666666665,0.6290610198139014,24,Spike,4.984116450718717,,high,enhancement,"robust z-score (MAD, threshold 3.0)",High,4week_rolling_avg,"KPI spike on last day: value=5.74 vs 24-day median=2.82 (z-score=+4.98, impact=enhancement, method=robust z-score (MAD, threshold 3.0))"
2026-05-18,LCAIN12891,LCAIN12891-3,3,UL Traffic,(HU) UL Traffic Volume (GBytes),0.3563,0.08585,0.13080833333333333,0.12284518005965431,24,Spike,4.923509470997171,,high,enhancement,"robust z-score (MAD, threshold 3.0)",High,4week_rolling_avg,"KPI spike on last day: value=0.36 vs 24-day median=0.09 (z-score=+4.92, impact=enhancement, method=robust z-score (MAD, threshold 3.0))"
2026-05-18,LCAIN12893,LCAIN12893-3,3,UL Traffic,(HU) UL Traffic Volume (GBytes),8.5837,4.6333,5.061279166666667,2.5739335315782026,24,Spike,4.822203051735302,,high,enhancement,"robust z-score (MAD, threshold 3.0)",High,4week_rolling_avg,"KPI spike on last day: value=8.58 vs 24-day median=4.63 (z-score=+4.82, impact=enhancement, method=robust z-score (MAD, threshold 3.0))"
2026-05-18,LCAIN13987,LCAIN13987-3,3,UL Traffic,(HU) UL Traffic Volume (GBytes),17.4457,8.62545,9.421333333333335,3.9729784274171718,24,Spike,4.38988866681924,,high,enhancement,"robust z-score (MAD, threshold 3.0)",High,4week_rolling_avg,"KPI spike on last day: value=17.45 vs 24-day median=8.63 (z-score=+4.39, impact=enhancement, method=robust z-score (MAD, threshold 3.0))"
2026-05-18,LCAIN13991,LCAIN13991-3,3,UL Traffic,(HU) UL Traffic Volume (GBytes),2.5124,0.6563,0.7547458333333333,0.7490580423545109,24,Spike,4.527747915604008,,high,enhancement,"robust z-score (MAD, threshold 3.0)",High,4week_rolling_avg,"KPI spike on last day: value=2.51 vs 24-day median=0.66 (z-score=+4.53, impact=enhancement, method=robust z-score (MAD, threshold 3.0))"
2026-05-18,LCAIN10115,LCAIN10115-5,5,VoLTE KPIs,BA_Voice E2E VQI,3.6922,3.8723,3.7753842105263162,0.18335714721521776,19,Spike,-4.385407428943519,,low,degradation,"robust z-score (MAD, threshold 3.0)",High,4week_rolling_avg,"KPI spike on last day: value=3.69 vs 24-day median=3.87 (z-score=-4.39, impact=degradation, method=robust z-score (MAD, threshold 3.0))"
2026-05-18,LCAIN10118_CITY center,LCAIN10118-7,7,VoLTE KPIs,BA_Voice E2E VQI,3.4096,3.80035,3.7960833333333333,0.1260882186760083,24,Spike,-4.017641223559131,,low,degradation,"robust z-score (MAD, threshold 3.0)",High,4week_rolling_avg,"KPI spike on last day: value=3.41 vs 24-day median=3.80 (z-score=-4.02, impact=degradation, method=robust z-score (MAD, threshold 3.0))"
2026-05-18,LCAIN10119,LCAIN10119-5,5,VoLTE KPIs,BA_Voice E2E VQI,3.6974,3.87165,3.813758333333334,0.11470610241201447,24,Spike,-4.401873214936174,,low,degradation,"robust z-score (MAD, threshold 3.0)",High,4week_rolling_avg,"KPI spike on last day: value=3.70 vs 24-day median=3.87 (z-score=-4.40, impact=degradation, method=robust z-score (MAD, threshold 3.0))"
2026-05-18,LCAIN10130_Site_144,LCAIN10130-3,3,VoLTE KPIs,BA_Voice E2E VQI,3.5635,3.77725,3.764433333333333,0.0724585954566852,24,Spike,-4.696169375834576,,low,degradation,"robust z-score (MAD, threshold 3.0)",High,4week_rolling_avg,"KPI spike on last day: value=3.56 vs 24-day median=3.78 (z-score=-4.70, impact=degradation, method=robust z-score (MAD, threshold 3.0))"
2026-05-18,LCAIN10369,LCAIN10369-2,2,VoLTE KPIs,BA_Voice E2E VQI,4.14,3.74715,3.7306125,0.11954293270794672,24,Spike,4.0608995380901165,,high,enhancement,"robust z-score (MAD, threshold 3.0)",High,4week_rolling_avg,"KPI spike on last day: value=4.14 vs 24-day median=3.75 (z-score=+4.06, impact=enhancement, method=robust z-score (MAD, threshold 3.0))"
2026-05-18,LCAIN10509,LCAIN10509-7,7,VoLTE KPIs,BA_Voice E2E VQI,3.4363,3.7828999999999997,3.7613875,0.10907079624606211,24,Spike,-4.108585188657079,,low,degradation,"robust z-score (MAD, threshold 3.0)",High,4week_rolling_avg,"KPI spike on last day: value=3.44 vs 24-day median=3.78 (z-score=-4.11, impact=degradation, method=robust z-score (MAD, threshold 3.0))"
2026-05-18,LCAIN10513_Site_513,LCAIN10513-6,6,VoLTE KPIs,BA_Voice E2E VQI,3.745,3.8785499999999997,3.7841954545454555,0.20166330057182102,22,Spike,-4.057578420184641,,low,degradation,"robust z-score (MAD, threshold 3.0)",High,4week_rolling_avg,"KPI spike on last day: value=3.75 vs 24-day median=3.88 (z-score=-4.06, impact=degradation, method=robust z-score (MAD, threshold 3.0))"
2026-05-18,LCAIN10582,LCAIN10582-2,2,VoLTE KPIs,BA_Voice E2E VQI,3.656,3.81815,3.798295833333333,0.07438126152447416,24,Spike,-4.454935912388171,,low,degradation,"robust z-score (MAD, threshold 3.0)",High,4week_rolling_avg,"KPI spike on last day: value=3.66 vs 24-day median=3.82 (z-score=-4.45, impact=degradation, method=robust z-score (MAD, threshold 3.0))"
2026-05-18,LCAIN10754,LCAIN10754-1,1,VoLTE KPIs,BA_Voice E2E VQI,3.5638,3.81175,3.7877125,0.07096778795399597,24,Spike,-4.526115935378121,,low,degradation,"robust z-score (MAD, threshold 3.0)",High,4week_rolling_avg,"KPI spike on last day: value=3.56 vs 24-day median=3.81 (z-score=-4.53, impact=degradation, method=robust z-score (MAD, threshold 3.0))"
2026-05-18,LCAIN10873,LCAIN10873-7,7,VoLTE KPIs,BA_Voice E2E VQI,3.7331,3.8782,3.8472647058823535,0.049727077973042245,17,Spike,-4.489385743121785,,low,degradation,"robust z-score (MAD, threshold 3.0)",High,4week_rolling_avg,"KPI spike on last day: value=3.73 vs 24-day median=3.88 (z-score=-4.49, impact=degradation, method=robust z-score (MAD, threshold 3.0))"
2026-05-18,LCAIN10986,LCAIN10986-6,6,VoLTE KPIs,BA_Voice E2E VQI,3.7911,3.885,3.800481818181818,0.17572474249224812,11,Spike,-4.222312154323435,,low,degradation,"robust z-score (MAD, threshold 3.0)",High,4week_rolling_avg,"KPI spike on last day: value=3.79 vs 24-day median=3.88 (z-score=-4.22, impact=degradation, method=robust z-score (MAD, threshold 3.0))"
2026-05-18,LCAIN10989,LCAIN10989-7,7,VoLTE KPIs,BA_Voice E2E VQI,3.68,3.8965500000000004,3.837991666666666,0.12267900158770266,24,Spike,-4.711644321440454,,low,degradation,"robust z-score (MAD, threshold 3.0)",High,4week_rolling_avg,"KPI spike on last day: value=3.68 vs 24-day median=3.90 (z-score=-4.71, impact=degradation, method=robust z-score (MAD, threshold 3.0))"
2026-05-18,LCAIN11489,LCAIN11489-5,5,VoLTE KPIs,BA_Voice E2E VQI,3.6506,3.7831,3.7854875,0.03790858865415593,24,Spike,-4.176169421992929,,low,degradation,"robust z-score (MAD, threshold 3.0)",High,4week_rolling_avg,"KPI spike on last day: value=3.65 vs 24-day median=3.78 (z-score=-4.18, impact=degradation, method=robust z-score (MAD, threshold 3.0))"
2026-05-18,LCAIN11826,LCAIN11826-3,3,VoLTE KPIs,BA_Voice E2E VQI,3.8726,3.7596499999999997,3.7571375000000002,0.03402610287828054,24,Spike,4.617195835326101,,high,enhancement,"robust z-score (MAD, threshold 3.0)",High,4week_rolling_avg,"KPI spike on last day: value=3.87 vs 24-day median=3.76 (z-score=+4.62, impact=enhancement, method=robust z-score (MAD, threshold 3.0))"
2026-05-18,LCAIN11827,LCAIN11827-6,6,VoLTE KPIs,BA_Voice E2E VQI,3.674,3.8537,3.8093333333333335,0.10004377652918853,24,Spike,-4.4561025543362,,low,degradation,"robust z-score (MAD, threshold 3.0)",High,4week_rolling_avg,"KPI spike on last day: value=3.67 vs 24-day median=3.85 (z-score=-4.46, impact=degradation, method=robust z-score (MAD, threshold 3.0))"
2026-05-18,LCAIN11980,LCAIN11980-6,6,VoLTE KPIs,BA_Voice E2E VQI,3.1829,3.9011,3.905225,0.16314818992253624,4,Spike,-4.334847995132802,,low,degradation,"robust z-score (MAD, threshold 3.0)",High,4week_rolling_avg,"KPI spike on last day: value=3.18 vs 24-day median=3.90 (z-score=-4.33, impact=degradation, method=robust z-score (MAD, threshold 3.0))"
2026-05-18,LCAIN11982,LCAIN11982-6,6,VoLTE KPIs,BA_Voice E2E VQI,3.6805,3.82675,3.814586363636363,0.05093543413394278,22,Spike,-4.75394089510617,,low,degradation,"robust z-score (MAD, threshold 3.0)",High,4week_rolling_avg,"KPI spike on last day: value=3.68 vs 24-day median=3.83 (z-score=-4.75, impact=degradation, method=robust z-score (MAD, threshold 3.0))"
2026-05-18,LCAIN12585,LCAIN12585-5,5,VoLTE KPIs,BA_Voice E2E VQI,3.6531,3.7667,3.7679956521739135,0.03326292463102806,23,Spike,-4.788884392283837,,low,degradation,"robust z-score (MAD, threshold 3.0)",High,4week_rolling_avg,"KPI spike on last day: value=3.65 vs 24-day median=3.77 (z-score=-4.79, impact=degradation, method=robust z-score (MAD, threshold 3.0))"
2026-05-18,LCAIN12839,LCAIN12839-7,7,VoLTE KPIs,BA_Voice E2E VQI,3.59,3.8571,3.7982352941176476,0.19838507694462618,17,Spike,-4.199451791519788,,low,degradation,"robust z-score (MAD, threshold 3.0)",High,4week_rolling_avg,"KPI spike on last day: value=3.59 vs 24-day median=3.86 (z-score=-4.20, impact=degradation, method=robust z-score (MAD, threshold 3.0))"
2026-05-18,LCAIN12868,LCAIN12868-2,2,VoLTE KPIs,BA_Voice E2E VQI,3.6,3.7744,3.7663208333333333,0.05995494821924393,24,Spike,-4.254292529935563,,low,degradation,"robust z-score (MAD, threshold 3.0)",High,4week_rolling_avg,"KPI spike on last day: value=3.60 vs 24-day median=3.77 (z-score=-4.25, impact=degradation, method=robust z-score (MAD, threshold 3.0))"
2026-05-18,LCAIN12868,LCAIN12868-5,5,VoLTE KPIs,BA_Voice E2E VQI,3.0357,3.7923,3.718622727272728,0.1956015684353788,22,Spike,-4.738344555431685,,low,degradation,"robust z-score (MAD, threshold 3.0)",High,4week_rolling_avg,"KPI spike on last day: value=3.04 vs 24-day median=3.79 (z-score=-4.74, impact=degradation, method=robust z-score (MAD, threshold 3.0))"
2026-05-18,LCAIN12868,LCAIN12868-6,6,VoLTE KPIs,BA_Voice E2E VQI,3.5232,3.8475,3.7344954545454545,0.3104785755707304,22,Spike,-4.971303484051381,,low,degradation,"robust z-score (MAD, threshold 3.0)",High,4week_rolling_avg,"KPI spike on last day: value=3.52 vs 24-day median=3.85 (z-score=-4.97, impact=degradation, method=robust z-score (MAD, threshold 3.0))"
2026-05-18,LCAIN10369,LCAIN10369-2,2,Availability,Availability,99.8438,100.0,99.980475,0.051658294348535576,24,Spike,-3.023715784073818,,low,degradation,"robust z-score (std-fallback, threshold 3.0)",Medium,4week_rolling_avg,"KPI spike on last day: value=99.84 vs 24-day median=100.00 (z-score=-3.02, impact=degradation, method=robust z-score (std-fallback, threshold 3.0))"
2026-05-18,LCAIN10369,LCAIN10369-3,3,Availability,Availability,99.8438,100.0,99.980475,0.051658294348535576,24,Spike,-3.023715784073818,,low,degradation,"robust z-score (std-fallback, threshold 3.0)",Medium,4week_rolling_avg,"KPI spike on last day: value=99.84 vs 24-day median=100.00 (z-score=-3.02, impact=degradation, method=robust z-score (std-fallback, threshold 3.0))"
2026-05-18,LCAIN10369,LCAIN10369-5,5,Availability,Availability,99.8438,100.0,99.980475,0.051658294348535576,24,Spike,-3.023715784073818,,low,degradation,"robust z-score (std-fallback, threshold 3.0)",Medium,4week_rolling_avg,"KPI spike on last day: value=99.84 vs 24-day median=100.00 (z-score=-3.02, impact=degradation, method=robust z-score (std-fallback, threshold 3.0))"
2026-05-18,LCAIN10369,LCAIN10369-6,6,Availability,Availability,99.8438,100.0,99.980475,0.051658294348535576,24,Spike,-3.023715784073818,,low,degradation,"robust z-score (std-fallback, threshold 3.0)",Medium,4week_rolling_avg,"KPI spike on last day: value=99.84 vs 24-day median=100.00 (z-score=-3.02, impact=degradation, method=robust z-score (std-fallback, threshold 3.0))"
2026-05-18,LCAIN10369,LCAIN10369-7,7,Availability,Availability,99.8438,100.0,99.980475,0.051658294348535576,24,Spike,-3.023715784073818,,low,degradation,"robust z-score (std-fallback, threshold 3.0)",Medium,4week_rolling_avg,"KPI spike on last day: value=99.84 vs 24-day median=100.00 (z-score=-3.02, impact=degradation, method=robust z-score (std-fallback, threshold 3.0))"
2026-05-18,LCAIN10588,LCAIN10588-2,2,Availability,Availability,0.0,89.58914999999999,55.723383333333324,47.41213724320024,24,Zero,,-100.0,zero,degradation,Zero Detection,Medium,4week_rolling_avg,"KPI dropped to 0 on last day (24-day historical median: 89.59, 15/24 days were non-zero in 24-day lookback)"
2026-05-18,LCAIN10121_Site_137,LCAIN10121-6,6,CSFB KPI,CSFB SR%,100.9852,100.0,100.07722916666667,0.27577234947079104,24,Spike,3.572511899364136,,high,enhancement,"robust z-score (std-fallback, threshold 3.0)",Medium,4week_rolling_avg,"KPI spike on last day: value=100.99 vs 24-day median=100.00 (z-score=+3.57, impact=enhancement, method=robust z-score (std-fallback, threshold 3.0))"
2026-05-18,LCAIN10371,LCAIN10371-7,7,CSFB KPI,CSFB SR%,98.913,100.0,99.99455416666667,0.3024218631580261,24,Spike,-3.5943168547705406,,low,degradation,"robust z-score (std-fallback, threshold 3.0)",Medium,4week_rolling_avg,"KPI spike on last day: value=98.91 vs 24-day median=100.00 (z-score=-3.59, impact=degradation, method=robust z-score (std-fallback, threshold 3.0))"
2026-05-18,LCAIN10446,LCAIN10446-1,1,CSFB KPI,CSFB SR%,106.25,100.0,100.58335,1.6164137205039224,24,Spike,3.8665843532010737,,high,enhancement,"robust z-score (std-fallback, threshold 3.0)",Medium,4week_rolling_avg,"KPI spike on last day: value=106.25 vs 24-day median=100.00 (z-score=+3.87, impact=enhancement, method=robust z-score (std-fallback, threshold 3.0))"
2026-05-18,LCAIN10446,LCAIN10446-6,6,CSFB KPI,CSFB SR%,100.3913,100.0639,100.08431666666667,0.0976726747298804,24,Spike,3.4558415438595014,,high,enhancement,"robust z-score (MAD, threshold 3.0)",Medium,4week_rolling_avg,"KPI spike on last day: value=100.39 vs 24-day median=100.06 (z-score=+3.46, impact=enhancement, method=robust z-score (MAD, threshold 3.0))"
2026-05-18,LCAIN10446,LCAIN10446-7,7,CSFB KPI,CSFB SR%,100.8189,100.2137,100.28135833333333,0.2734810915411812,24,Spike,3.9306866406858716,,high,enhancement,"robust z-score (MAD, threshold 3.0)",Medium,4week_rolling_avg,"KPI spike on last day: value=100.82 vs 24-day median=100.21 (z-score=+3.93, impact=enhancement, method=robust z-score (MAD, threshold 3.0))"
2026-05-18,LCAIN10513_Site_513,LCAIN10513-1,1,CSFB KPI,CSFB SR%,101.3699,100.4794,100.52016250000001,0.28920204703704416,24,Spike,3.538344750008296,,high,enhancement,"robust z-score (MAD, threshold 3.0)",Medium,4week_rolling_avg,"KPI spike on last day: value=101.37 vs 24-day median=100.48 (z-score=+3.54, impact=enhancement, method=robust z-score (MAD, threshold 3.0))"
2026-05-18,LCAIN10634,LCAIN10634-5,5,CSFB KPI,CSFB SR%,101.2346,100.0,100.00831666666666,0.36909568392069897,24,Spike,3.3449320969715184,,high,enhancement,"robust z-score (std-fallback, threshold 3.0)",Medium,4week_rolling_avg,"KPI spike on last day: value=101.23 vs 24-day median=100.00 (z-score=+3.34, impact=enhancement, method=robust z-score (std-fallback, threshold 3.0))"
2026-05-18,LCAIN10970,LCAIN10970-7,7,CSFB KPI,CSFB SR%,98.3607,99.70965,99.7251375,0.4202319784084535,24,Spike,-3.1336466678007335,,low,degradation,"robust z-score (MAD, threshold 3.0)",Medium,4week_rolling_avg,"KPI spike on last day: value=98.36 vs 24-day median=99.71 (z-score=-3.13, impact=degradation, method=robust z-score (MAD, threshold 3.0))"
2026-05-18,LCAIN10975,LCAIN10975-3,3,CSFB KPI,CSFB SR%,103.0,100.26595,100.74777916666666,1.5808017053537444,24,Spike,3.6618178334928784,,high,enhancement,"robust z-score (MAD, threshold 3.0)",Medium,4week_rolling_avg,"KPI spike on last day: value=103.00 vs 24-day median=100.27 (z-score=+3.66, impact=enhancement, method=robust z-score (MAD, threshold 3.0))"
2026-05-18,LCAIN12055,LCAIN12055-6,6,CSFB KPI,CSFB SR%,101.2146,100.0,100.09099166666665,0.35764515225367577,24,Spike,3.396103630501596,,high,enhancement,"robust z-score (std-fallback, threshold 3.0)",Medium,4week_rolling_avg,"KPI spike on last day: value=101.21 vs 24-day median=100.00 (z-score=+3.40, impact=enhancement, method=robust z-score (std-fallback, threshold 3.0))"
2026-05-18,LCAIN12226,LCAIN12226-6,6,CSFB KPI,CSFB SR%,101.8182,100.0,100.03157083333333,0.6052947742485807,24,Spike,3.003825701712256,,high,enhancement,"robust z-score (std-fallback, threshold 3.0)",Medium,4week_rolling_avg,"KPI spike on last day: value=101.82 vs 24-day median=100.00 (z-score=+3.00, impact=enhancement, method=robust z-score (std-fallback, threshold 3.0))"
2026-05-18,LCAIN12255,LCAIN12255-7,7,CSFB KPI,CSFB SR%,100.4545,100.0,100.05283333333334,0.3121558487180533,24,Spike,3.5687549497334285,,high,enhancement,"robust z-score (MAD, threshold 3.0)",Medium,4week_rolling_avg,"KPI spike on last day: value=100.45 vs 24-day median=100.00 (z-score=+3.57, impact=enhancement, method=robust z-score (MAD, threshold 3.0))"
2026-05-18,LCAIN12570,LCAIN12570-3,3,CSFB KPI,CSFB SR%,101.8018,100.0,99.98208333333332,0.9806947072809596,24,Spike,3.767196064553392,,high,enhancement,"robust z-score (MAD, threshold 3.0)",Medium,4week_rolling_avg,"KPI spike on last day: value=101.80 vs 24-day median=100.00 (z-score=+3.77, impact=enhancement, method=robust z-score (MAD, threshold 3.0))"
2026-05-18,LCAIN12584,LCAIN12584-6,6,CSFB KPI,CSFB SR%,100.5208,100.0,100.03059166666667,0.13614070514442891,24,Spike,3.825453962850332,,high,enhancement,"robust z-score (std-fallback, threshold 3.0)",Medium,4week_rolling_avg,"KPI spike on last day: value=100.52 vs 24-day median=100.00 (z-score=+3.83, impact=enhancement, method=robust z-score (std-fallback, threshold 3.0))"
2026-05-18,LCAIN12694,LCAIN12694-3,3,CSFB KPI,CSFB SR%,103.5088,100.0,99.88098260869565,1.1375180475021898,23,Spike,3.084610400428165,,high,enhancement,"robust z-score (std-fallback, threshold 3.0)",Medium,4week_rolling_avg,"KPI spike on last day: value=103.51 vs 24-day median=100.00 (z-score=+3.08, impact=enhancement, method=robust z-score (std-fallback, threshold 3.0))"
2026-05-18,LCAIN12892,LCAIN12892-5,5,CSFB KPI,CSFB SR%,100.2782,100.0,99.9928125,0.09016819151129105,24,Spike,3.0853452346902337,,high,enhancement,"robust z-score (std-fallback, threshold 3.0)",Medium,4week_rolling_avg,"KPI spike on last day: value=100.28 vs 24-day median=100.00 (z-score=+3.09, impact=enhancement, method=robust z-score (std-fallback, threshold 3.0))"
2026-05-18,LCAIN12920,LCAIN12920-1,1,CSFB KPI,CSFB SR%,102.6667,100.0,100.73453333333335,1.4835434747215508,24,Spike,3.5550242282760065,,high,enhancement,"robust z-score (MAD, threshold 3.0)",Medium,4week_rolling_avg,"KPI spike on last day: value=102.67 vs 24-day median=100.00 (z-score=+3.56, impact=enhancement, method=robust z-score (MAD, threshold 3.0))"
2026-05-18,LCAIN13994,LCAIN13994-5,5,CSFB KPI,CSFB SR%,101.0239,100.0,99.96771363636363,0.9195935917050302,22,Spike,3.80921725663587,,high,enhancement,"robust z-score (MAD, threshold 3.0)",Medium,4week_rolling_avg,"KPI spike on last day: value=101.02 vs 24-day median=100.00 (z-score=+3.81, impact=enhancement, method=robust z-score (MAD, threshold 3.0))"
2026-05-18,LCAIN10029,LCAIN10029-1,1,DL Throughput,(HU) User DL Average Throughput (Mbps),12.8391,9.0984,8.907841666666668,1.4514555214555798,24,Spike,3.2367768877153322,,high,enhancement,"robust z-score (MAD, threshold 3.0)",Medium,4week_rolling_avg,"KPI spike on last day: value=12.84 vs 24-day median=9.10 (z-score=+3.24, impact=enhancement, method=robust z-score (MAD, threshold 3.0))"
2026-05-18,LCAIN10109,LCAIN10109-1,1,DL Throughput,(HU) User DL Average Throughput (Mbps),9.5402,14.8701,15.028708333333334,2.570324892064015,24,Spike,-3.129188578956612,,low,degradation,"robust z-score (MAD, threshold 3.0)",Medium,4week_rolling_avg,"KPI spike on last day: value=9.54 vs 24-day median=14.87 (z-score=-3.13, impact=degradation, method=robust z-score (MAD, threshold 3.0))"
2026-05-18,LCAIN10114_Ganoub_El_Mostasmreen_Tagmou,LCAIN10114-3,3,DL Throughput,(HU) User DL Average Throughput (Mbps),34.9286,22.9821,24.2621625,4.513560578764517,24,Spike,3.7032901432024965,,high,enhancement,"robust z-score (MAD, threshold 3.0)",Medium,4week_rolling_avg,"KPI spike on last day: value=34.93 vs 24-day median=22.98 (z-score=+3.70, impact=enhancement, method=robust z-score (MAD, threshold 3.0))"
2026-05-18,LCAIN10114_Ganoub_El_Mostasmreen_Tagmou,LCAIN10114-5,5,DL Throughput,(HU) User DL Average Throughput (Mbps),26.0612,15.1381,24.154141666666664,15.21636545858101,24,Spike,3.9839560995180876,,high,enhancement,"robust z-score (MAD, threshold 3.0)",Medium,4week_rolling_avg,"KPI spike on last day: value=26.06 vs 24-day median=15.14 (z-score=+3.98, impact=enhancement, method=robust z-score (MAD, threshold 3.0))"
2026-05-18,LCAIN10121_Site_137,LCAIN10121-1,1,DL Throughput,(HU) User DL Average Throughput (Mbps),48.3382,26.279049999999998,25.900366666666667,6.250871742982912,24,Spike,3.1508635642845637,,high,enhancement,"robust z-score (MAD, threshold 3.0)",Medium,4week_rolling_avg,"KPI spike on last day: value=48.34 vs 24-day median=26.28 (z-score=+3.15, impact=enhancement, method=robust z-score (MAD, threshold 3.0))"
2026-05-18,LCAIN10124,LCAIN10124-3,3,DL Throughput,(HU) User DL Average Throughput (Mbps),19.5888,15.8733,15.659675000000002,1.234737849454288,24,Spike,3.0191800696768736,,high,enhancement,"robust z-score (MAD, threshold 3.0)",Medium,4week_rolling_avg,"KPI spike on last day: value=19.59 vs 24-day median=15.87 (z-score=+3.02, impact=enhancement, method=robust z-score (MAD, threshold 3.0))"
2026-05-18,LCAIN10129_Site_143,LCAIN10129-6,6,DL Throughput,(HU) User DL Average Throughput (Mbps),18.2305,14.617049999999999,14.94205,1.3151936859895075,24,Spike,3.449247997212997,,high,enhancement,"robust z-score (MAD, threshold 3.0)",Medium,4week_rolling_avg,"KPI spike on last day: value=18.23 vs 24-day median=14.62 (z-score=+3.45, impact=enhancement, method=robust z-score (MAD, threshold 3.0))"
2026-05-18,LCAIN10369,LCAIN10369-2,2,DL Throughput,(HU) User DL Average Throughput (Mbps),5.1093,16.3872,16.865670833333333,3.8650419626311057,24,Spike,-3.397275394712648,,low,degradation,"robust z-score (MAD, threshold 3.0)",Medium,4week_rolling_avg,"KPI spike on last day: value=5.11 vs 24-day median=16.39 (z-score=-3.40, impact=degradation, method=robust z-score (MAD, threshold 3.0))"
2026-05-18,LCAIN10444,LCAIN10444-7,7,DL Throughput,(HU) User DL Average Throughput (Mbps),24.4447,18.495449999999998,18.909645833333332,2.42628464563606,24,Spike,3.045818931129184,,high,enhancement,"robust z-score (MAD, threshold 3.0)",Medium,4week_rolling_avg,"KPI spike on last day: value=24.44 vs 24-day median=18.50 (z-score=+3.05, impact=enhancement, method=robust z-score (MAD, threshold 3.0))"
2026-05-18,LCAIN10493,LCAIN10493-5,5,DL Throughput,(HU) User DL Average Throughput (Mbps),17.9171,13.128,13.351941666666669,2.262996852427599,12,Spike,3.454209160251684,,high,enhancement,"robust z-score (MAD, threshold 3.0)",Medium,4week_rolling_avg,"KPI spike on last day: value=17.92 vs 24-day median=13.13 (z-score=+3.45, impact=enhancement, method=robust z-score (MAD, threshold 3.0))"
2026-05-18,LCAIN10510,LCAIN10510-1,1,DL Throughput,(HU) User DL Average Throughput (Mbps),16.4545,13.2945,14.258805263157896,3.00799816007672,19,Spike,3.788465694891649,,high,enhancement,"robust z-score (MAD, threshold 3.0)",Medium,4week_rolling_avg,"KPI spike on last day: value=16.45 vs 24-day median=13.29 (z-score=+3.79, impact=enhancement, method=robust z-score (MAD, threshold 3.0))"
2026-05-18,LCAIN10581,LCAIN10581-3,3,DL Throughput,(HU) User DL Average Throughput (Mbps),26.2641,13.7285,14.765908333333334,4.531268397012462,24,Spike,3.131825674412374,,high,enhancement,"robust z-score (MAD, threshold 3.0)",Medium,4week_rolling_avg,"KPI spike on last day: value=26.26 vs 24-day median=13.73 (z-score=+3.13, impact=enhancement, method=robust z-score (MAD, threshold 3.0))"
2026-05-18,LCAIN10650_Site_0650,LCAIN10650-3,3,DL Throughput,(HU) User DL Average Throughput (Mbps),13.4238,20.168349999999997,20.74667083333333,3.439979913032338,24,Spike,-3.4109144873868735,,low,degradation,"robust z-score (MAD, threshold 3.0)",Medium,4week_rolling_avg,"KPI spike on last day: value=13.42 vs 24-day median=20.17 (z-score=-3.41, impact=degradation, method=robust z-score (MAD, threshold 3.0))"
2026-05-18,LCAIN10751,LCAIN10751-6,6,DL Throughput,(HU) User DL Average Throughput (Mbps),15.8377,10.2614,10.78568947368421,1.2144212097233968,19,Spike,3.3632860789317167,,high,enhancement,"robust z-score (MAD, threshold 3.0)",Medium,4week_rolling_avg,"KPI spike on last day: value=15.84 vs 24-day median=10.26 (z-score=+3.36, impact=enhancement, method=robust z-score (MAD, threshold 3.0))"
2026-05-18,LCAIN10760,LCAIN10760-1,1,DL Throughput,(HU) User DL Average Throughput (Mbps),16.5638,8.9544,9.1064375,1.991726828410567,24,Spike,3.983136071678402,,high,enhancement,"robust z-score (MAD, threshold 3.0)",Medium,4week_rolling_avg,"KPI spike on last day: value=16.56 vs 24-day median=8.95 (z-score=+3.98, impact=enhancement, method=robust z-score (MAD, threshold 3.0))"
2026-05-18,LCAIN10968,LCAIN10968-5,5,DL Throughput,(HU) User DL Average Throughput (Mbps),23.5015,13.835650000000001,14.101454166666665,2.1530132295574282,24,Spike,3.8699590463816476,,high,enhancement,"robust z-score (MAD, threshold 3.0)",Medium,4week_rolling_avg,"KPI spike on last day: value=23.50 vs 24-day median=13.84 (z-score=+3.87, impact=enhancement, method=robust z-score (MAD, threshold 3.0))"
2026-05-18,LCAIN10988,LCAIN10988-1,1,DL Throughput,(HU) User DL Average Throughput (Mbps),30.4197,22.78185,22.755374999999997,3.1625328470296825,24,Spike,3.8861383074478995,,high,enhancement,"robust z-score (MAD, threshold 3.0)",Medium,4week_rolling_avg,"KPI spike on last day: value=30.42 vs 24-day median=22.78 (z-score=+3.89, impact=enhancement, method=robust z-score (MAD, threshold 3.0))"
2026-05-18,LCAIN10989,LCAIN10989-2,2,DL Throughput,(HU) User DL Average Throughput (Mbps),15.1704,24.18655,23.653929166666668,2.98137459564644,24,Spike,-3.2132039844948244,,low,degradation,"robust z-score (MAD, threshold 3.0)",Medium,4week_rolling_avg,"KPI spike on last day: value=15.17 vs 24-day median=24.19 (z-score=-3.21, impact=degradation, method=robust z-score (MAD, threshold 3.0))"
2026-05-18,LCAIN11493,LCAIN11493-1,1,DL Throughput,(HU) User DL Average Throughput (Mbps),23.4019,18.275550000000003,19.04681666666667,3.151761239062305,24,Spike,3.016116281265565,,high,enhancement,"robust z-score (MAD, threshold 3.0)",Medium,4week_rolling_avg,"KPI spike on last day: value=23.40 vs 24-day median=18.28 (z-score=+3.02, impact=enhancement, method=robust z-score (MAD, threshold 3.0))"
2026-05-18,LCAIN11837,LCAIN11837-5,5,DL Throughput,(HU) User DL Average Throughput (Mbps),28.381,24.35325,24.5691125,1.984434196295529,24,Spike,3.1740625732934418,,high,enhancement,"robust z-score (MAD, threshold 3.0)",Medium,4week_rolling_avg,"KPI spike on last day: value=28.38 vs 24-day median=24.35 (z-score=+3.17, impact=enhancement, method=robust z-score (MAD, threshold 3.0))"
2026-05-18,LCAIN11980,LCAIN11980-5,5,DL Throughput,(HU) User DL Average Throughput (Mbps),15.7705,23.085900000000002,22.654192857142853,3.234449749287082,14,Spike,-3.2540854064994282,,low,degradation,"robust z-score (MAD, threshold 3.0)",Medium,4week_rolling_avg,"KPI spike on last day: value=15.77 vs 24-day median=23.09 (z-score=-3.25, impact=degradation, method=robust z-score (MAD, threshold 3.0))"
2026-05-18,LCAIN12005,LCAIN12005-5,5,DL Throughput,(HU) User DL Average Throughput (Mbps),17.4214,22.9576,22.914052173913042,1.6088548665512712,23,Spike,-3.7630915475303097,,low,degradation,"robust z-score (MAD, threshold 3.0)",Medium,4week_rolling_avg,"KPI spike on last day: value=17.42 vs 24-day median=22.96 (z-score=-3.76, impact=degradation, method=robust z-score (MAD, threshold 3.0))"
2026-05-18,LCAIN12570,LCAIN12570-5,5,DL Throughput,(HU) User DL Average Throughput (Mbps),10.6699,14.31945,14.544954166666669,1.2657684727663687,24,Spike,-3.9448521654612323,,low,degradation,"robust z-score (MAD, threshold 3.0)",Medium,4week_rolling_avg,"KPI spike on last day: value=10.67 vs 24-day median=14.32 (z-score=-3.94, impact=degradation, method=robust z-score (MAD, threshold 3.0))"
2026-05-18,LCAIN12691,LCAIN12691-3,3,DL Throughput,(HU) User DL Average Throughput (Mbps),26.0959,17.4334,17.947145454545456,3.7889652558122076,22,Spike,3.7471708859810837,,high,enhancement,"robust z-score (MAD, threshold 3.0)",Medium,4week_rolling_avg,"KPI spike on last day: value=26.10 vs 24-day median=17.43 (z-score=+3.75, impact=enhancement, method=robust z-score (MAD, threshold 3.0))"
2026-05-18,LCAIN12694,LCAIN12694-2,2,DL Throughput,(HU) User DL Average Throughput (Mbps),27.4713,16.9811,18.1624347826087,4.63840200562076,23,Spike,3.5526927922581764,,high,enhancement,"robust z-score (MAD, threshold 3.0)",Medium,4week_rolling_avg,"KPI spike on last day: value=27.47 vs 24-day median=16.98 (z-score=+3.55, impact=enhancement, method=robust z-score (MAD, threshold 3.0))"
2026-05-18,LCAIN12840,LCAIN12840-6,6,DL Throughput,(HU) User DL Average Throughput (Mbps),20.1546,12.8858,12.8858,,1,Spike,,56.40938086886339,high,enhancement,"%change (1-week, threshold 50.0%)",Medium,4week_rolling_avg,"KPI spike on last day: value=20.15 vs historical value=12.89 (change=+56.4%, impact=enhancement, method=%change (1-week, threshold 50.0%))"
2026-05-18,LCAIN12873,LCAIN12873-3,3,DL Throughput,(HU) User DL Average Throughput (Mbps),25.147,12.96245,13.541649999999999,7.344591261261582,24,Spike,3.317937941169805,,high,enhancement,"robust z-score (MAD, threshold 3.0)",Medium,4week_rolling_avg,"KPI spike on last day: value=25.15 vs 24-day median=12.96 (z-score=+3.32, impact=enhancement, method=robust z-score (MAD, threshold 3.0))"
2026-05-18,LCAIN12897,LCAIN12897-3,3,DL Throughput,(HU) User DL Average Throughput (Mbps),13.9775,24.7565,24.734313043478256,3.974742083325697,23,Spike,-3.2192418953233326,,low,degradation,"robust z-score (MAD, threshold 3.0)",Medium,4week_rolling_avg,"KPI spike on last day: value=13.98 vs 24-day median=24.76 (z-score=-3.22, impact=degradation, method=robust z-score (MAD, threshold 3.0))"
2026-05-18,LCAIN12916,LCAIN12916-7,7,DL Throughput,(HU) User DL Average Throughput (Mbps),27.6149,18.14285,18.6869625,3.1987486476241114,24,Spike,3.8650958578906125,,high,enhancement,"robust z-score (MAD, threshold 3.0)",Medium,4week_rolling_avg,"KPI spike on last day: value=27.61 vs 24-day median=18.14 (z-score=+3.87, impact=enhancement, method=robust z-score (MAD, threshold 3.0))"
2026-05-18,LCAIN12929,LCAIN12929-1,1,DL Throughput,(HU) User DL Average Throughput (Mbps),37.9316,24.61645,26.430516666666666,6.715264605587449,24,Spike,3.307289867812479,,high,enhancement,"robust z-score (MAD, threshold 3.0)",Medium,4week_rolling_avg,"KPI spike on last day: value=37.93 vs 24-day median=24.62 (z-score=+3.31, impact=enhancement, method=robust z-score (MAD, threshold 3.0))"
2026-05-18,LCAIN14000,LCAIN14000-7,7,DL Throughput,(HU) User DL Average Throughput (Mbps),15.4245,24.03615,24.137870833333334,4.0474825768082034,24,Spike,-3.0899448605418782,,low,degradation,"robust z-score (MAD, threshold 3.0)",Medium,4week_rolling_avg,"KPI spike on last day: value=15.42 vs 24-day median=24.04 (z-score=-3.09, impact=degradation, method=robust z-score (MAD, threshold 3.0))"
2026-05-18,LCAIN14374,LCAIN14374-7,7,DL Throughput,(HU) User DL Average Throughput (Mbps),12.6251,30.87975,30.206757142857153,5.904741014002982,14,Spike,-3.1477528709793905,,low,degradation,"robust z-score (MAD, threshold 3.0)",Medium,4week_rolling_avg,"KPI spike on last day: value=12.63 vs 24-day median=30.88 (z-score=-3.15, impact=degradation, method=robust z-score (MAD, threshold 3.0))"
2026-05-18,LCAIN10029,LCAIN10029-1,1,DL Traffic,(HU) DL Traffic Volume (GBytes),50.6243,18.924750000000003,17.000429166666667,10.520869167891943,24,Spike,3.1705696593164343,,high,enhancement,"robust z-score (MAD, threshold 3.0)",Medium,4week_rolling_avg,"KPI spike on last day: value=50.62 vs 24-day median=18.92 (z-score=+3.17, impact=enhancement, method=robust z-score (MAD, threshold 3.0))"
2026-05-18,LCAIN10369,LCAIN10369-6,6,DL Traffic,(HU) DL Traffic Volume (GBytes),0.2928,37.40035,33.307429166666665,13.441513387309952,24,Spike,-3.130406996793854,,low,degradation,"robust z-score (MAD, threshold 3.0)",Medium,4week_rolling_avg,"KPI spike on last day: value=0.29 vs 24-day median=37.40 (z-score=-3.13, impact=degradation, method=robust z-score (MAD, threshold 3.0))"
2026-05-18,LCAIN10496,LCAIN10496-3,3,DL Traffic,(HU) DL Traffic Volume (GBytes),41.0136,18.648600000000002,19.837262499999998,6.747074751439353,24,Spike,3.916957269343073,,high,enhancement,"robust z-score (MAD, threshold 3.0)",Medium,4week_rolling_avg,"KPI spike on last day: value=41.01 vs 24-day median=18.65 (z-score=+3.92, impact=enhancement, method=robust z-score (MAD, threshold 3.0))"
2026-05-18,LCAIN10545_Cow -Tagamo5,LCAIN10545-5,5,DL Traffic,(HU) DL Traffic Volume (GBytes),2.2543,8.3411,8.274713333333331,2.371487320892852,15,Spike,-3.0658579305370295,,low,degradation,"robust z-score (MAD, threshold 3.0)",Medium,4week_rolling_avg,"KPI spike on last day: value=2.25 vs 24-day median=8.34 (z-score=-3.07, impact=degradation, method=robust z-score (MAD, threshold 3.0))"
2026-05-18,LCAIN10575,LCAIN10575-6,6,DL Traffic,(HU) DL Traffic Volume (GBytes),47.0082,20.9727,19.06052105263158,7.9496195330726,19,Spike,3.2513801459642466,,high,enhancement,"robust z-score (MAD, threshold 3.0)",Medium,4week_rolling_avg,"KPI spike on last day: value=47.01 vs 24-day median=20.97 (z-score=+3.25, impact=enhancement, method=robust z-score (MAD, threshold 3.0))"
2026-05-18,LCAIN10582,LCAIN10582-7,7,DL Traffic,(HU) DL Traffic Volume (GBytes),11.4483,21.56575,22.111375,5.774675318452257,24,Spike,-3.348689321817839,,low,degradation,"robust z-score (MAD, threshold 3.0)",Medium,4week_rolling_avg,"KPI spike on last day: value=11.45 vs 24-day median=21.57 (z-score=-3.35, impact=degradation, method=robust z-score (MAD, threshold 3.0))"
2026-05-18,LCAIN10588,LCAIN10588-2,2,DL Traffic,(HU) DL Traffic Volume (GBytes),0.0,1.66825,1.8923249999999998,2.066040538334538,24,Zero,,-100.0,zero,degradation,Zero Detection,Medium,4week_rolling_avg,"KPI dropped to 0 on last day (24-day historical median: 1.67, 14/24 days were non-zero in 24-day lookback)"
2026-05-18,LCAIN10760,LCAIN10760-1,1,DL Traffic,(HU) DL Traffic Volume (GBytes),2.6813,1.0053999999999998,1.0176375,0.4220015420711359,24,Spike,3.971119142128321,,high,enhancement,"robust z-score (MAD, threshold 3.0)",Medium,4week_rolling_avg,"KPI spike on last day: value=2.68 vs 24-day median=1.01 (z-score=+3.97, impact=enhancement, method=robust z-score (MAD, threshold 3.0))"
2026-05-18,LCAIN10826,LCAIN10826-2,2,DL Traffic,(HU) DL Traffic Volume (GBytes),29.7196,12.862200000000001,13.9661125,4.4874430892688855,24,Spike,3.9989310058033816,,high,enhancement,"robust z-score (MAD, threshold 3.0)",Medium,4week_rolling_avg,"KPI spike on last day: value=29.72 vs 24-day median=12.86 (z-score=+4.00, impact=enhancement, method=robust z-score (MAD, threshold 3.0))"
2026-05-18,LCAIN10931,LCAIN10931-5,5,DL Traffic,(HU) DL Traffic Volume (GBytes),7.7921,14.68285,14.809654166666666,2.263229317255023,24,Spike,-3.021844023837553,,low,degradation,"robust z-score (MAD, threshold 3.0)",Medium,4week_rolling_avg,"KPI spike on last day: value=7.79 vs 24-day median=14.68 (z-score=-3.02, impact=degradation, method=robust z-score (MAD, threshold 3.0))"
2026-05-18,LCAIN10971,LCAIN10971-7,7,DL Traffic,(HU) DL Traffic Volume (GBytes),36.7917,23.872349999999997,24.758595833333334,6.489543611423378,24,Spike,3.467423577829753,,high,enhancement,"robust z-score (MAD, threshold 3.0)",Medium,4week_rolling_avg,"KPI spike on last day: value=36.79 vs 24-day median=23.87 (z-score=+3.47, impact=enhancement, method=robust z-score (MAD, threshold 3.0))"
2026-05-18,LCAIN10986,LCAIN10986-3,3,DL Traffic,(HU) DL Traffic Volume (GBytes),25.8961,7.9664,8.203771428571429,6.87340466169928,14,Spike,3.991029147133808,,high,enhancement,"robust z-score (MAD, threshold 3.0)",Medium,4week_rolling_avg,"KPI spike on last day: value=25.90 vs 24-day median=7.97 (z-score=+3.99, impact=enhancement, method=robust z-score (MAD, threshold 3.0))"
2026-05-18,LCAIN10986,LCAIN10986-5,5,DL Traffic,(HU) DL Traffic Volume (GBytes),17.2779,5.59295,5.992221428571428,4.1196437164219795,14,Spike,3.0918933720193964,,high,enhancement,"robust z-score (MAD, threshold 3.0)",Medium,4week_rolling_avg,"KPI spike on last day: value=17.28 vs 24-day median=5.59 (z-score=+3.09, impact=enhancement, method=robust z-score (MAD, threshold 3.0))"
2026-05-18,LCAIN10989,LCAIN10989-3,3,DL Traffic,(HU) DL Traffic Volume (GBytes),24.1445,10.5671,10.816820833333333,3.265505938847655,24,Spike,3.6909621899996075,,high,enhancement,"robust z-score (MAD, threshold 3.0)",Medium,4week_rolling_avg,"KPI spike on last day: value=24.14 vs 24-day median=10.57 (z-score=+3.69, impact=enhancement, method=robust z-score (MAD, threshold 3.0))"
2026-05-18,LCAIN10990,LCAIN10990-3,3,DL Traffic,(HU) DL Traffic Volume (GBytes),9.4303,30.1908,30.2102,7.6147468358004735,24,Spike,-3.051176739832624,,low,degradation,"robust z-score (MAD, threshold 3.0)",Medium,4week_rolling_avg,"KPI spike on last day: value=9.43 vs 24-day median=30.19 (z-score=-3.05, impact=degradation, method=robust z-score (MAD, threshold 3.0))"
2026-05-18,LCAIN11838,LCAIN11838-7,7,DL Traffic,(HU) DL Traffic Volume (GBytes),23.4157,9.661850000000001,11.260033333333332,5.197176645839119,24,Spike,3.3619064768526385,,high,enhancement,"robust z-score (MAD, threshold 3.0)",Medium,4week_rolling_avg,"KPI spike on last day: value=23.42 vs 24-day median=9.66 (z-score=+3.36, impact=enhancement, method=robust z-score (MAD, threshold 3.0))"
2026-05-18,LCAIN12000,LCAIN12000-1,1,DL Traffic,(HU) DL Traffic Volume (GBytes),37.8974,9.0948,7.286123529411765,5.681870465066879,17,Spike,3.25253855730057,,high,enhancement,"robust z-score (MAD, threshold 3.0)",Medium,4week_rolling_avg,"KPI spike on last day: value=37.90 vs 24-day median=9.09 (z-score=+3.25, impact=enhancement, method=robust z-score (MAD, threshold 3.0))"
2026-05-18,LCAIN12255,LCAIN12255-5,5,DL Traffic,(HU) DL Traffic Volume (GBytes),27.7821,83.91515,82.71225833333334,15.46783457932182,24,Spike,-3.546137497481696,,low,degradation,"robust z-score (MAD, threshold 3.0)",Medium,4week_rolling_avg,"KPI spike on last day: value=27.78 vs 24-day median=83.92 (z-score=-3.55, impact=degradation, method=robust z-score (MAD, threshold 3.0))"
2026-05-18,LCAIN12256,LCAIN12256-6,6,DL Traffic,(HU) DL Traffic Volume (GBytes),4.0623,2.2493499999999997,2.506804166666667,0.6932038111065453,24,Spike,3.1091228639539628,,high,enhancement,"robust z-score (MAD, threshold 3.0)",Medium,4week_rolling_avg,"KPI spike on last day: value=4.06 vs 24-day median=2.25 (z-score=+3.11, impact=enhancement, method=robust z-score (MAD, threshold 3.0))"
2026-05-18,LCAIN12312,LCAIN12312-6,6,DL Traffic,(HU) DL Traffic Volume (GBytes),5.937,3.2691,3.74625,1.1864201504245169,24,Spike,3.0533195846400427,,high,enhancement,"robust z-score (MAD, threshold 3.0)",Medium,4week_rolling_avg,"KPI spike on last day: value=5.94 vs 24-day median=3.27 (z-score=+3.05, impact=enhancement, method=robust z-score (MAD, threshold 3.0))"
2026-05-18,LCAIN12461,LCAIN12461-7,7,DL Traffic,(HU) DL Traffic Volume (GBytes),9.9337,2.9911,3.258695652173913,1.7424432088501631,23,Spike,3.827314709229433,,high,enhancement,"robust z-score (MAD, threshold 3.0)",Medium,4week_rolling_avg,"KPI spike on last day: value=9.93 vs 24-day median=2.99 (z-score=+3.83, impact=enhancement, method=robust z-score (MAD, threshold 3.0))"
2026-05-18,LCAIN12524,LCAIN12524-5,5,DL Traffic,(HU) DL Traffic Volume (GBytes),11.3532,5.81645,7.037354545454547,2.6177764686374703,22,Spike,3.4670071137093608,,high,enhancement,"robust z-score (MAD, threshold 3.0)",Medium,4week_rolling_avg,"KPI spike on last day: value=11.35 vs 24-day median=5.82 (z-score=+3.47, impact=enhancement, method=robust z-score (MAD, threshold 3.0))"
2026-05-18,LCAIN12891,LCAIN12891-3,3,DL Traffic,(HU) DL Traffic Volume (GBytes),2.6363,0.6048,1.4347,1.7691994241746745,24,Spike,3.0788180606149935,,high,enhancement,"robust z-score (MAD, threshold 3.0)",Medium,4week_rolling_avg,"KPI spike on last day: value=2.64 vs 24-day median=0.60 (z-score=+3.08, impact=enhancement, method=robust z-score (MAD, threshold 3.0))"
2026-05-18,LCAIN12891,LCAIN12891-6,6,DL Traffic,(HU) DL Traffic Volume (GBytes),19.4419,12.2272,13.834391666666667,5.266596598920776,24,Spike,3.067092198661156,,high,enhancement,"robust z-score (MAD, threshold 3.0)",Medium,4week_rolling_avg,"KPI spike on last day: value=19.44 vs 24-day median=12.23 (z-score=+3.07, impact=enhancement, method=robust z-score (MAD, threshold 3.0))"
2026-05-18,LCAIN12892,LCAIN12892-3,3,DL Traffic,(HU) DL Traffic Volume (GBytes),3.5287,1.45145,1.4660541666666667,0.7499970483159509,24,Spike,3.424382085110002,,high,enhancement,"robust z-score (MAD, threshold 3.0)",Medium,4week_rolling_avg,"KPI spike on last day: value=3.53 vs 24-day median=1.45 (z-score=+3.42, impact=enhancement, method=robust z-score (MAD, threshold 3.0))"
2026-05-18,LCAIN12896,LCAIN12896-2,2,DL Traffic,(HU) DL Traffic Volume (GBytes),23.8592,7.0325,8.114295833333333,5.613414189204817,24,Spike,3.6679174799983274,,high,enhancement,"robust z-score (MAD, threshold 3.0)",Medium,4week_rolling_avg,"KPI spike on last day: value=23.86 vs 24-day median=7.03 (z-score=+3.67, impact=enhancement, method=robust z-score (MAD, threshold 3.0))"
2026-05-18,LCAIN12896,LCAIN12896-5,5,DL Traffic,(HU) DL Traffic Volume (GBytes),26.775,16.26545,18.753204166666666,7.156120538478418,24,Spike,3.1540609852309274,,high,enhancement,"robust z-score (MAD, threshold 3.0)",Medium,4week_rolling_avg,"KPI spike on last day: value=26.77 vs 24-day median=16.27 (z-score=+3.15, impact=enhancement, method=robust z-score (MAD, threshold 3.0))"
2026-05-18,LCAIN12919,LCAIN12919-1,1,DL Traffic,(HU) DL Traffic Volume (GBytes),7.2353,3.2391,3.913066666666667,2.351029442724092,24,Spike,3.3416810972233693,,high,enhancement,"robust z-score (MAD, threshold 3.0)",Medium,4week_rolling_avg,"KPI spike on last day: value=7.24 vs 24-day median=3.24 (z-score=+3.34, impact=enhancement, method=robust z-score (MAD, threshold 3.0))"
2026-05-18,LCAIN12930,LCAIN12930-2,2,DL Traffic,(HU) DL Traffic Volume (GBytes),60.7253,18.69045,26.029322222222223,21.150996051947676,18,Spike,3.9263695083035826,,high,enhancement,"robust z-score (MAD, threshold 3.0)",Medium,4week_rolling_avg,"KPI spike on last day: value=60.73 vs 24-day median=18.69 (z-score=+3.93, impact=enhancement, method=robust z-score (MAD, threshold 3.0))"
2026-05-18,LCAIN13988,LCAIN13988-5,5,DL Traffic,(HU) DL Traffic Volume (GBytes),28.5386,15.985249999999999,17.134595833333336,4.3573346779194395,24,Spike,3.924595506489382,,high,enhancement,"robust z-score (MAD, threshold 3.0)",Medium,4week_rolling_avg,"KPI spike on last day: value=28.54 vs 24-day median=15.99 (z-score=+3.92, impact=enhancement, method=robust z-score (MAD, threshold 3.0))"
2026-05-18,LCAIN15458,LCAIN15458-1,1,DL Traffic,(HU) DL Traffic Volume (GBytes),63.0279,38.89975,38.105925,6.5377885598680585,24,Spike,3.3227261386659905,,high,enhancement,"robust z-score (MAD, threshold 3.0)",Medium,4week_rolling_avg,"KPI spike on last day: value=63.03 vs 24-day median=38.90 (z-score=+3.32, impact=enhancement, method=robust z-score (MAD, threshold 3.0))"
2026-05-18,ICAIN12708,ICAIN12708-1,1,E-RAB Drop Rate,E-RAB Drop Rate (E-NodeB + MME) %,0.2367,0.060200000000000004,0.31345,0.8156966847425581,20,Spike,3.1123560535325243,,high,degradation,"robust z-score (MAD, threshold 3.0)",Medium,4week_rolling_avg,"KPI spike on last day: value=0.24 vs 24-day median=0.06 (z-score=+3.11, impact=degradation, method=robust z-score (MAD, threshold 3.0))"
2026-05-18,ICAIN12708,ICAIN12708-7,7,E-RAB Drop Rate,E-RAB Drop Rate (E-NodeB + MME) %,0.3084,0.14485,0.15048,0.056142075130867754,20,Spike,3.1836353163750974,,high,degradation,"robust z-score (MAD, threshold 3.0)",Medium,4week_rolling_avg,"KPI spike on last day: value=0.31 vs 24-day median=0.14 (z-score=+3.18, impact=degradation, method=robust z-score (MAD, threshold 3.0))"
2026-05-18,ICAIN17528,ICAIN17528-6,6,E-RAB Drop Rate,E-RAB Drop Rate (E-NodeB + MME) %,0.2424,0.13755,0.14343333333333333,0.038630349323930384,24,Spike,3.2366295712183515,,high,degradation,"robust z-score (MAD, threshold 3.0)",Medium,4week_rolling_avg,"KPI spike on last day: value=0.24 vs 24-day median=0.14 (z-score=+3.24, impact=degradation, method=robust z-score (MAD, threshold 3.0))"
2026-05-18,LCAIN10112_03-2-12-46,LCAIN10112-7,7,E-RAB Drop Rate,E-RAB Drop Rate (E-NodeB + MME) %,0.5482,0.32,0.31930000000000003,0.0818672573504631,23,Spike,3.2403956065801913,,high,degradation,"robust z-score (MAD, threshold 3.0)",Medium,4week_rolling_avg,"KPI spike on last day: value=0.55 vs 24-day median=0.32 (z-score=+3.24, impact=degradation, method=robust z-score (MAD, threshold 3.0))"
2026-05-18,LCAIN10128_03-1-30-115,LCAIN10128-1,1,E-RAB Drop Rate,E-RAB Drop Rate (E-NodeB + MME) %,0.9533,0.4646,0.4696416666666667,0.14287092927028772,24,Spike,3.3144659040343103,,high,degradation,"robust z-score (MAD, threshold 3.0)",Medium,4week_rolling_avg,"KPI spike on last day: value=0.95 vs 24-day median=0.46 (z-score=+3.31, impact=degradation, method=robust z-score (MAD, threshold 3.0))"
2026-05-18,LCAIN10369,LCAIN10369-5,5,E-RAB Drop Rate,E-RAB Drop Rate (E-NodeB + MME) %,0.0,0.44710000000000005,0.5068,0.28492101829571415,24,Zero,,-100.0,zero,degradation,Zero Detection,Medium,4week_rolling_avg,"KPI dropped to 0 on last day (24-day historical median: 0.45, 24/24 days were non-zero in 24-day lookback)"
2026-05-18,LCAIN10370,LCAIN10370-7,7,E-RAB Drop Rate,E-RAB Drop Rate (E-NodeB + MME) %,0.7395,0.3749,0.38200526315789474,0.12692639588477714,19,Spike,3.7036043811019064,,high,degradation,"robust z-score (MAD, threshold 3.0)",Medium,4week_rolling_avg,"KPI spike on last day: value=0.74 vs 24-day median=0.37 (z-score=+3.70, impact=degradation, method=robust z-score (MAD, threshold 3.0))"
2026-05-18,LCAIN10512_Site_512,LCAIN10512-6,6,E-RAB Drop Rate,E-RAB Drop Rate (E-NodeB + MME) %,1.2656,0.5116499999999999,0.6212125,0.341784196426756,24,Spike,3.525353955683737,,high,degradation,"robust z-score (MAD, threshold 3.0)",Medium,4week_rolling_avg,"KPI spike on last day: value=1.27 vs 24-day median=0.51 (z-score=+3.53, impact=degradation, method=robust z-score (MAD, threshold 3.0))"
2026-05-18,LCAIN10513_Site_513,LCAIN10513-1,1,E-RAB Drop Rate,E-RAB Drop Rate (E-NodeB + MME) %,0.9596,0.6998,0.7156291666666666,0.08186330821948799,24,Spike,3.066188964339799,,high,degradation,"robust z-score (MAD, threshold 3.0)",Medium,4week_rolling_avg,"KPI spike on last day: value=0.96 vs 24-day median=0.70 (z-score=+3.07, impact=degradation, method=robust z-score (MAD, threshold 3.0))"
2026-05-18,LCAIN10545_Cow -Tagamo5,LCAIN10545-7,7,E-RAB Drop Rate,E-RAB Drop Rate (E-NodeB + MME) %,1.7874,2.3536,2.2762800000000003,0.18963864303810377,15,Spike,-3.2893769854922237,,low,enhancement,"robust z-score (MAD, threshold 3.0)",Medium,4week_rolling_avg,"KPI spike on last day: value=1.79 vs 24-day median=2.35 (z-score=-3.29, impact=enhancement, method=robust z-score (MAD, threshold 3.0))"
2026-05-18,LCAIN10581,LCAIN10581-3,3,E-RAB Drop Rate,E-RAB Drop Rate (E-NodeB + MME) %,3.1873,1.17285,1.8711666666666666,1.8681840567037882,24,Spike,3.162774465613658,,high,degradation,"robust z-score (MAD, threshold 3.0)",Medium,4week_rolling_avg,"KPI spike on last day: value=3.19 vs 24-day median=1.17 (z-score=+3.16, impact=degradation, method=robust z-score (MAD, threshold 3.0))"
2026-05-18,LCAIN10582,LCAIN10582-5,5,E-RAB Drop Rate,E-RAB Drop Rate (E-NodeB + MME) %,1.6472,0.75485,0.8236833333333333,0.26242016352068337,24,Spike,3.2177590442071082,,high,degradation,"robust z-score (MAD, threshold 3.0)",Medium,4week_rolling_avg,"KPI spike on last day: value=1.65 vs 24-day median=0.75 (z-score=+3.22, impact=degradation, method=robust z-score (MAD, threshold 3.0))"
2026-05-18,LCAIN10595,LCAIN10595-7,7,E-RAB Drop Rate,E-RAB Drop Rate (E-NodeB + MME) %,0.6057,0.74825,0.7257541666666668,0.08024077817817378,24,Spike,-3.344301139596126,,low,enhancement,"robust z-score (MAD, threshold 3.0)",Medium,4week_rolling_avg,"KPI spike on last day: value=0.61 vs 24-day median=0.75 (z-score=-3.34, impact=enhancement, method=robust z-score (MAD, threshold 3.0))"
2026-05-18,LCAIN10753,LCAIN10753-6,6,E-RAB Drop Rate,E-RAB Drop Rate (E-NodeB + MME) %,0.5518,0.23335,0.23022499999999999,0.08554156031816738,24,Spike,3.7096991771212737,,high,degradation,"robust z-score (MAD, threshold 3.0)",Medium,4week_rolling_avg,"KPI spike on last day: value=0.55 vs 24-day median=0.23 (z-score=+3.71, impact=degradation, method=robust z-score (MAD, threshold 3.0))"
2026-05-18,LCAIN10754,LCAIN10754-3,3,E-RAB Drop Rate,E-RAB Drop Rate (E-NodeB + MME) %,0.5942,1.5420500000000001,1.6075375,0.44461281171795985,24,Spike,-3.063325665404363,,low,enhancement,"robust z-score (MAD, threshold 3.0)",Medium,4week_rolling_avg,"KPI spike on last day: value=0.59 vs 24-day median=1.54 (z-score=-3.06, impact=enhancement, method=robust z-score (MAD, threshold 3.0))"
2026-05-18,LCAIN10806,LCAIN10806-2,2,E-RAB Drop Rate,E-RAB Drop Rate (E-NodeB + MME) %,0.7741,0.5419,0.5617666666666666,0.08164280263576346,24,Spike,3.2392296659868762,,high,degradation,"robust z-score (MAD, threshold 3.0)",Medium,4week_rolling_avg,"KPI spike on last day: value=0.77 vs 24-day median=0.54 (z-score=+3.24, impact=degradation, method=robust z-score (MAD, threshold 3.0))"
2026-05-18,LCAIN10823,LCAIN10823-1,1,E-RAB Drop Rate,E-RAB Drop Rate (E-NodeB + MME) %,0.8203,1.2779,1.1903791666666665,0.23260152439162035,24,Spike,-3.4640513079291777,,low,enhancement,"robust z-score (MAD, threshold 3.0)",Medium,4week_rolling_avg,"KPI spike on last day: value=0.82 vs 24-day median=1.28 (z-score=-3.46, impact=enhancement, method=robust z-score (MAD, threshold 3.0))"
2026-05-18,LCAIN10970,LCAIN10970-1,1,E-RAB Drop Rate,E-RAB Drop Rate (E-NodeB + MME) %,1.0151,0.4069,0.47704583333333334,0.2014532182649499,24,Spike,3.8464630090357734,,high,degradation,"robust z-score (MAD, threshold 3.0)",Medium,4week_rolling_avg,"KPI spike on last day: value=1.02 vs 24-day median=0.41 (z-score=+3.85, impact=degradation, method=robust z-score (MAD, threshold 3.0))"
2026-05-18,LCAIN10985,LCAIN10985-3,3,E-RAB Drop Rate,E-RAB Drop Rate (E-NodeB + MME) %,0.7942,0.24345,0.2774625,0.15679996229936835,24,Spike,3.773243126274605,,high,degradation,"robust z-score (MAD, threshold 3.0)",Medium,4week_rolling_avg,"KPI spike on last day: value=0.79 vs 24-day median=0.24 (z-score=+3.77, impact=degradation, method=robust z-score (MAD, threshold 3.0))"
2026-05-18,LCAIN11827,LCAIN11827-7,7,E-RAB Drop Rate,E-RAB Drop Rate (E-NodeB + MME) %,0.9172,0.41895,0.44875,0.14718447891450148,24,Spike,3.812422245141392,,high,degradation,"robust z-score (MAD, threshold 3.0)",Medium,4week_rolling_avg,"KPI spike on last day: value=0.92 vs 24-day median=0.42 (z-score=+3.81, impact=degradation, method=robust z-score (MAD, threshold 3.0))"
2026-05-18,LCAIN12056,LCAIN12056-2,2,E-RAB Drop Rate,E-RAB Drop Rate (E-NodeB + MME) %,1.3239,0.5944499999999999,0.5522625,0.23992492369576085,24,Spike,3.0616508058506686,,high,degradation,"robust z-score (MAD, threshold 3.0)",Medium,4week_rolling_avg,"KPI spike on last day: value=1.32 vs 24-day median=0.59 (z-score=+3.06, impact=degradation, method=robust z-score (MAD, threshold 3.0))"
2026-05-18,LCAIN12223,LCAIN12223-1,1,E-RAB Drop Rate,E-RAB Drop Rate (E-NodeB + MME) %,2.7012,1.5215,1.5382333333333333,0.4726291258011461,24,Spike,3.166322120790049,,high,degradation,"robust z-score (MAD, threshold 3.0)",Medium,4week_rolling_avg,"KPI spike on last day: value=2.70 vs 24-day median=1.52 (z-score=+3.17, impact=degradation, method=robust z-score (MAD, threshold 3.0))"
2026-05-18,LCAIN12226,LCAIN12226-1,1,E-RAB Drop Rate,E-RAB Drop Rate (E-NodeB + MME) %,1.233,0.54955,0.5515041666666667,0.21533839354058276,24,Spike,3.407100588058235,,high,degradation,"robust z-score (MAD, threshold 3.0)",Medium,4week_rolling_avg,"KPI spike on last day: value=1.23 vs 24-day median=0.55 (z-score=+3.41, impact=degradation, method=robust z-score (MAD, threshold 3.0))"
2026-05-18,LCAIN12371,LCAIN12371-1,1,E-RAB Drop Rate,E-RAB Drop Rate (E-NodeB + MME) %,5.6604,1.8265,2.7895043478260875,3.8846885532907334,23,Spike,3.221941344078393,,high,degradation,"robust z-score (MAD, threshold 3.0)",Medium,4week_rolling_avg,"KPI spike on last day: value=5.66 vs 24-day median=1.83 (z-score=+3.22, impact=degradation, method=robust z-score (MAD, threshold 3.0))"
2026-05-18,LCAIN12371,LCAIN12371-7,7,E-RAB Drop Rate,E-RAB Drop Rate (E-NodeB + MME) %,1.3268,0.6301,0.6500521739130435,0.2508569137794019,23,Spike,3.220820508069526,,high,degradation,"robust z-score (MAD, threshold 3.0)",Medium,4week_rolling_avg,"KPI spike on last day: value=1.33 vs 24-day median=0.63 (z-score=+3.22, impact=degradation, method=robust z-score (MAD, threshold 3.0))"
2026-05-18,LCAIN12508,LCAIN12508-1,1,E-RAB Drop Rate,E-RAB Drop Rate (E-NodeB + MME) %,1.7208,0.8445499999999999,0.9464791666666668,0.5065149347741936,24,Spike,3.4371766675857316,,high,degradation,"robust z-score (MAD, threshold 3.0)",Medium,4week_rolling_avg,"KPI spike on last day: value=1.72 vs 24-day median=0.84 (z-score=+3.44, impact=degradation, method=robust z-score (MAD, threshold 3.0))"
2026-05-18,LCAIN12584,LCAIN12584-1,1,E-RAB Drop Rate,E-RAB Drop Rate (E-NodeB + MME) %,0.8689,0.4013,0.4977541666666667,0.31437289691697695,24,Spike,3.494646860180121,,high,degradation,"robust z-score (MAD, threshold 3.0)",Medium,4week_rolling_avg,"KPI spike on last day: value=0.87 vs 24-day median=0.40 (z-score=+3.49, impact=degradation, method=robust z-score (MAD, threshold 3.0))"
2026-05-18,LCAIN12840,LCAIN12840-1,1,E-RAB Drop Rate,E-RAB Drop Rate (E-NodeB + MME) %,0.6577,1.8092,1.8092,,1,Spike,,-63.64691576387354,low,enhancement,"%change (1-week, threshold 50.0%)",Medium,4week_rolling_avg,"KPI spike on last day: value=0.66 vs historical value=1.81 (change=-63.6%, impact=enhancement, method=%change (1-week, threshold 50.0%))"
2026-05-18,LCAIN12868,LCAIN12868-3,3,E-RAB Drop Rate,E-RAB Drop Rate (E-NodeB + MME) %,1.4689,0.9217500000000001,0.9301750000000001,0.18071485423635397,24,Spike,3.6923223516520194,,high,degradation,"robust z-score (MAD, threshold 3.0)",Medium,4week_rolling_avg,"KPI spike on last day: value=1.47 vs 24-day median=0.92 (z-score=+3.69, impact=degradation, method=robust z-score (MAD, threshold 3.0))"
2026-05-18,LCAIN12893,LCAIN12893-1,1,E-RAB Drop Rate,E-RAB Drop Rate (E-NodeB + MME) %,2.8351,1.76,1.798895652173913,0.6046128358589853,23,Spike,3.3202610600425264,,high,degradation,"robust z-score (MAD, threshold 3.0)",Medium,4week_rolling_avg,"KPI spike on last day: value=2.84 vs 24-day median=1.76 (z-score=+3.32, impact=degradation, method=robust z-score (MAD, threshold 3.0))"
2026-05-18,LCAIN16565,LCAIN16565-1,1,E-RAB Drop Rate,E-RAB Drop Rate (E-NodeB + MME) %,0.3723,0.8504,0.8860826086956523,0.22717409843969968,23,Spike,-3.579068058887458,,low,enhancement,"robust z-score (MAD, threshold 3.0)",Medium,4week_rolling_avg,"KPI spike on last day: value=0.37 vs 24-day median=0.85 (z-score=-3.58, impact=enhancement, method=robust z-score (MAD, threshold 3.0))"
2026-05-18,ICAIN12708,ICAIN12708-2,2,ERAB Setup SR,ERAB Setup Success Rate,98.9623,99.84965,99.71246,0.4412044893243941,20,Spike,-3.980774030073449,,low,degradation,"robust z-score (MAD, threshold 3.0)",Medium,4week_rolling_avg,"KPI spike on last day: value=98.96 vs 24-day median=99.85 (z-score=-3.98, impact=degradation, method=robust z-score (MAD, threshold 3.0))"
2026-05-18,LCAIE10001,LCAIE10001-2,2,ERAB Setup SR,ERAB Setup Success Rate,99.7666,99.95455,99.89346666666667,0.12675760880076817,24,Spike,-3.745067599516178,,low,degradation,"robust z-score (MAD, threshold 3.0)",Medium,4week_rolling_avg,"KPI spike on last day: value=99.77 vs 24-day median=99.95 (z-score=-3.75, impact=degradation, method=robust z-score (MAD, threshold 3.0))"
2026-05-18,LCAIN10128_03-1-30-115,LCAIN10128-7,7,ERAB Setup SR,ERAB Setup Success Rate,99.9204,99.96355,99.96219583333334,0.01696915041987206,24,Spike,-3.1635082903710376,,low,degradation,"robust z-score (MAD, threshold 3.0)",Medium,4week_rolling_avg,"KPI spike on last day: value=99.92 vs 24-day median=99.96 (z-score=-3.16, impact=degradation, method=robust z-score (MAD, threshold 3.0))"
2026-05-18,LCAIN10446,LCAIN10446-7,7,ERAB Setup SR,ERAB Setup Success Rate,99.7904,99.9015,99.86143750000001,0.11406034518512412,24,Spike,-3.2299966973205287,,low,degradation,"robust z-score (MAD, threshold 3.0)",Medium,4week_rolling_avg,"KPI spike on last day: value=99.79 vs 24-day median=99.90 (z-score=-3.23, impact=degradation, method=robust z-score (MAD, threshold 3.0))"
2026-05-18,LCAIN10457,LCAIN10457-3,3,ERAB Setup SR,ERAB Setup Success Rate,99.8494,99.94435,99.93861666666665,0.030924648565325664,24,Spike,-3.680626299557079,,low,degradation,"robust z-score (MAD, threshold 3.0)",Medium,4week_rolling_avg,"KPI spike on last day: value=99.85 vs 24-day median=99.94 (z-score=-3.68, impact=degradation, method=robust z-score (MAD, threshold 3.0))"
2026-05-18,LCAIN10494,LCAIN10494-6,6,ERAB Setup SR,ERAB Setup Success Rate,99.9169,99.98745,99.94747083333334,0.06366936389901716,24,Spike,-3.791659209645805,,low,degradation,"robust z-score (MAD, threshold 3.0)",Medium,4week_rolling_avg,"KPI spike on last day: value=99.92 vs 24-day median=99.99 (z-score=-3.79, impact=degradation, method=robust z-score (MAD, threshold 3.0))"
2026-05-18,LCAIN10545_Cow -Tagamo5,LCAIN10545-5,5,ERAB Setup SR,ERAB Setup Success Rate,99.73,99.9065,99.84286666666667,0.23867341889889848,15,Spike,-3.0841352084883105,,low,degradation,"robust z-score (MAD, threshold 3.0)",Medium,4week_rolling_avg,"KPI spike on last day: value=99.73 vs 24-day median=99.91 (z-score=-3.08, impact=degradation, method=robust z-score (MAD, threshold 3.0))"
2026-05-18,LCAIN10581,LCAIN10581-3,3,ERAB Setup SR,ERAB Setup Success Rate,99.6078,99.87255,99.84977083333335,0.1333923957076976,24,Spike,-3.807493146512939,,low,degradation,"robust z-score (MAD, threshold 3.0)",Medium,4week_rolling_avg,"KPI spike on last day: value=99.61 vs 24-day median=99.87 (z-score=-3.81, impact=degradation, method=robust z-score (MAD, threshold 3.0))"
2026-05-18,LCAIN10592,LCAIN10592-2,2,ERAB Setup SR,ERAB Setup Success Rate,99.7749,99.93780000000001,99.92805833333334,0.05406418189419722,24,Spike,-3.304497585525847,,low,degradation,"robust z-score (MAD, threshold 3.0)",Medium,4week_rolling_avg,"KPI spike on last day: value=99.77 vs 24-day median=99.94 (z-score=-3.30, impact=degradation, method=robust z-score (MAD, threshold 3.0))"
2026-05-18,LCAIN10594,LCAIN10594-5,5,ERAB Setup SR,ERAB Setup Success Rate,99.85,99.95395,99.94252916666666,0.04248316803125924,24,Spike,-3.0617167881057643,,low,degradation,"robust z-score (MAD, threshold 3.0)",Medium,4week_rolling_avg,"KPI spike on last day: value=99.85 vs 24-day median=99.95 (z-score=-3.06, impact=degradation, method=robust z-score (MAD, threshold 3.0))"
2026-05-18,LCAIN10737,LCAIN10737-2,2,ERAB Setup SR,ERAB Setup Success Rate,99.7312,99.90785,99.88925,0.08797672987784998,24,Spike,-3.0472836997837405,,low,degradation,"robust z-score (MAD, threshold 3.0)",Medium,4week_rolling_avg,"KPI spike on last day: value=99.73 vs 24-day median=99.91 (z-score=-3.05, impact=degradation, method=robust z-score (MAD, threshold 3.0))"
2026-05-18,LCAIN10986,LCAIN10986-7,7,ERAB Setup SR,ERAB Setup Success Rate,99.8331,99.95005,99.68197142857142,0.8765119838057549,14,Spike,-3.0165083870289644,,low,degradation,"robust z-score (MAD, threshold 3.0)",Medium,4week_rolling_avg,"KPI spike on last day: value=99.83 vs 24-day median=99.95 (z-score=-3.02, impact=degradation, method=robust z-score (MAD, threshold 3.0))"
2026-05-18,LCAIN11489,LCAIN11489-1,1,ERAB Setup SR,ERAB Setup Success Rate,99.2977,99.8123,99.75305833333334,0.26943104701801146,24,Spike,-3.9758642019089474,,low,degradation,"robust z-score (MAD, threshold 3.0)",Medium,4week_rolling_avg,"KPI spike on last day: value=99.30 vs 24-day median=99.81 (z-score=-3.98, impact=degradation, method=robust z-score (MAD, threshold 3.0))"
2026-05-18,LCAIN11826,LCAIN11826-1,1,ERAB Setup SR,ERAB Setup Success Rate,100.0,99.748,99.4693875,0.8875291691509357,24,Spike,3.048819217723566,,high,enhancement,"robust z-score (MAD, threshold 3.0)",Medium,4week_rolling_avg,"KPI spike on last day: value=100.00 vs 24-day median=99.75 (z-score=+3.05, impact=enhancement, method=robust z-score (MAD, threshold 3.0))"
2026-05-18,LCAIN11826,LCAIN11826-2,2,ERAB Setup SR,ERAB Setup Success Rate,98.6301,99.3443,99.30241249999999,0.21875376818182948,24,Spike,-3.1018757270970734,,low,degradation,"robust z-score (MAD, threshold 3.0)",Medium,4week_rolling_avg,"KPI spike on last day: value=98.63 vs 24-day median=99.34 (z-score=-3.10, impact=degradation, method=robust z-score (MAD, threshold 3.0))"
2026-05-18,LCAIN11826,LCAIN11826-7,7,ERAB Setup SR,ERAB Setup Success Rate,99.662,99.8393,99.72842500000002,0.342399648619854,24,Spike,-3.2674101545140912,,low,degradation,"robust z-score (MAD, threshold 3.0)",Medium,4week_rolling_avg,"KPI spike on last day: value=99.66 vs 24-day median=99.84 (z-score=-3.27, impact=degradation, method=robust z-score (MAD, threshold 3.0))"
2026-05-18,LCAIN12071,LCAIN12071-6,6,ERAB Setup SR,ERAB Setup Success Rate,99.8377,99.92735,99.86754583333334,0.30998869197005513,24,Spike,-3.2335880527858487,,low,degradation,"robust z-score (MAD, threshold 3.0)",Medium,4week_rolling_avg,"KPI spike on last day: value=99.84 vs 24-day median=99.93 (z-score=-3.23, impact=degradation, method=robust z-score (MAD, threshold 3.0))"
2026-05-18,LCAIN12245,LCAIN12245-3,3,ERAB Setup SR,ERAB Setup Success Rate,99.7879,99.91515,99.9121875,0.03217568067785579,24,Spike,-3.80616182454056,,low,degradation,"robust z-score (MAD, threshold 3.0)",Medium,4week_rolling_avg,"KPI spike on last day: value=99.79 vs 24-day median=99.92 (z-score=-3.81, impact=degradation, method=robust z-score (MAD, threshold 3.0))"
2026-05-18,LCAIN12251,LCAIN12251-6,6,ERAB Setup SR,ERAB Setup Success Rate,99.6373,99.9119,99.86162916666667,0.15642185343691223,24,Spike,-3.874794195654156,,low,degradation,"robust z-score (MAD, threshold 3.0)",Medium,4week_rolling_avg,"KPI spike on last day: value=99.64 vs 24-day median=99.91 (z-score=-3.87, impact=degradation, method=robust z-score (MAD, threshold 3.0))"
2026-05-18,LCAIN12570,LCAIN12570-3,3,ERAB Setup SR,ERAB Setup Success Rate,99.1578,99.47,99.46231250000001,0.10722812641163741,24,Spike,-3.6878461490122922,,low,degradation,"robust z-score (MAD, threshold 3.0)",Medium,4week_rolling_avg,"KPI spike on last day: value=99.16 vs 24-day median=99.47 (z-score=-3.69, impact=degradation, method=robust z-score (MAD, threshold 3.0))"
2026-05-18,LCAIN12839,LCAIN12839-3,3,ERAB Setup SR,ERAB Setup Success Rate,99.5856,99.92505,99.90219090909092,0.08728540911646217,22,Spike,-3.5414677231914724,,low,degradation,"robust z-score (MAD, threshold 3.0)",Medium,4week_rolling_avg,"KPI spike on last day: value=99.59 vs 24-day median=99.93 (z-score=-3.54, impact=degradation, method=robust z-score (MAD, threshold 3.0))"
2026-05-18,LCAIN12839,LCAIN12839-5,5,ERAB Setup SR,ERAB Setup Success Rate,99.8461,99.911,99.90406363636363,0.028315086654138275,22,Spike,-3.7899956961063452,,low,degradation,"robust z-score (MAD, threshold 3.0)",Medium,4week_rolling_avg,"KPI spike on last day: value=99.85 vs 24-day median=99.91 (z-score=-3.79, impact=degradation, method=robust z-score (MAD, threshold 3.0))"
2026-05-18,LCAIN12862,LCAIN12862-1,1,ERAB Setup SR,ERAB Setup Success Rate,99.7724,99.91845,99.898325,0.0847764228721642,24,Spike,-3.5181919793415353,,low,degradation,"robust z-score (MAD, threshold 3.0)",Medium,4week_rolling_avg,"KPI spike on last day: value=99.77 vs 24-day median=99.92 (z-score=-3.52, impact=degradation, method=robust z-score (MAD, threshold 3.0))"
2026-05-18,LCAIN12872,LCAIN12872-1,1,ERAB Setup SR,ERAB Setup Success Rate,99.7359,99.91435,99.8975625,0.05972720494395061,24,Spike,-3.385734909383823,,low,degradation,"robust z-score (MAD, threshold 3.0)",Medium,4week_rolling_avg,"KPI spike on last day: value=99.74 vs 24-day median=99.91 (z-score=-3.39, impact=degradation, method=robust z-score (MAD, threshold 3.0))"
2026-05-18,LCAIN12872,LCAIN12872-7,7,ERAB Setup SR,ERAB Setup Success Rate,99.641,99.8386,99.84432499999998,0.049867242504473504,24,Spike,-3.7809751509944065,,low,degradation,"robust z-score (MAD, threshold 3.0)",Medium,4week_rolling_avg,"KPI spike on last day: value=99.64 vs 24-day median=99.84 (z-score=-3.78, impact=degradation, method=robust z-score (MAD, threshold 3.0))"
2026-05-18,LCAIN12896,LCAIN12896-5,5,ERAB Setup SR,ERAB Setup Success Rate,99.9277,99.9623,99.87387083333333,0.4266192286250564,24,Spike,-3.562958821053223,,low,degradation,"robust z-score (MAD, threshold 3.0)",Medium,4week_rolling_avg,"KPI spike on last day: value=99.93 vs 24-day median=99.96 (z-score=-3.56, impact=degradation, method=robust z-score (MAD, threshold 3.0))"
2026-05-18,LCAIN12896,LCAIN12896-6,6,ERAB Setup SR,ERAB Setup Success Rate,99.8252,99.93610000000001,99.91127083333333,0.10113132336705771,24,Spike,-3.1102297391250144,,low,degradation,"robust z-score (MAD, threshold 3.0)",Medium,4week_rolling_avg,"KPI spike on last day: value=99.83 vs 24-day median=99.94 (z-score=-3.11, impact=degradation, method=robust z-score (MAD, threshold 3.0))"
2026-05-18,LCAIN12897,LCAIN12897-3,3,ERAB Setup SR,ERAB Setup Success Rate,99.7586,99.9163,99.33984782608697,2.488933298645017,23,Spike,-3.194209993077248,,low,degradation,"robust z-score (MAD, threshold 3.0)",Medium,4week_rolling_avg,"KPI spike on last day: value=99.76 vs 24-day median=99.92 (z-score=-3.19, impact=degradation, method=robust z-score (MAD, threshold 3.0))"
2026-05-18,LCAIN12929,LCAIN12929-3,3,ERAB Setup SR,ERAB Setup Success Rate,98.1526,99.54984999999999,99.52058749999999,0.4293395968543829,24,Spike,-3.6820949938607854,,low,degradation,"robust z-score (MAD, threshold 3.0)",Medium,4week_rolling_avg,"KPI spike on last day: value=98.15 vs 24-day median=99.55 (z-score=-3.68, impact=degradation, method=robust z-score (MAD, threshold 3.0))"
2026-05-18,LCAIN17818,LCAIN17818-6,6,ERAB Setup SR,ERAB Setup Success Rate,99.8284,99.91495,99.913075,0.024524209977083558,24,Spike,-3.243176401816602,,low,degradation,"robust z-score (MAD, threshold 3.0)",Medium,4week_rolling_avg,"KPI spike on last day: value=99.83 vs 24-day median=99.91 (z-score=-3.24, impact=degradation, method=robust z-score (MAD, threshold 3.0))"
2026-05-18,LCAIN22701,LCAIN22701-8,8,ERAB Setup SR,ERAB Setup Success Rate,99.6182,99.78515,99.64209999999999,0.7014112369596963,24,Spike,-3.5804843336921843,,low,degradation,"robust z-score (MAD, threshold 3.0)",Medium,4week_rolling_avg,"KPI spike on last day: value=99.62 vs 24-day median=99.79 (z-score=-3.58, impact=degradation, method=robust z-score (MAD, threshold 3.0))"
2026-05-18,LCAIN10108_Site_133,LCAIN10108-1,1,HO Success Rate,HO SR% Overall,96.8377,99.1548,97.58012083333334,3.7062517223131652,24,Spike,-3.3171230792384834,,low,degradation,"robust z-score (MAD, threshold 3.0)",Medium,4week_rolling_avg,"KPI spike on last day: value=96.84 vs 24-day median=99.15 (z-score=-3.32, impact=degradation, method=robust z-score (MAD, threshold 3.0))"
2026-05-18,LCAIN10108_Site_133,LCAIN10108-2,2,HO Success Rate,HO SR% Overall,97.5282,99.47415,98.62110833333334,2.7912914121299752,24,Spike,-3.9851990083602775,,low,degradation,"robust z-score (MAD, threshold 3.0)",Medium,4week_rolling_avg,"KPI spike on last day: value=97.53 vs 24-day median=99.47 (z-score=-3.99, impact=degradation, method=robust z-score (MAD, threshold 3.0))"
2026-05-18,LCAIN10124,LCAIN10124-2,2,HO Success Rate,HO SR% Overall,97.8803,99.48505,99.28635833333333,0.5875538733573478,24,Spike,-3.1116545817739247,,low,degradation,"robust z-score (MAD, threshold 3.0)",Medium,4week_rolling_avg,"KPI spike on last day: value=97.88 vs 24-day median=99.49 (z-score=-3.11, impact=degradation, method=robust z-score (MAD, threshold 3.0))"
2026-05-18,LCAIN10134_03-1-30-301,LCAIN10134-2,2,HO Success Rate,HO SR% Overall,98.4832,99.39815,99.11195833333333,0.8365908079405108,24,Spike,-3.0748645758999555,,low,degradation,"robust z-score (MAD, threshold 3.0)",Medium,4week_rolling_avg,"KPI spike on last day: value=98.48 vs 24-day median=99.40 (z-score=-3.07, impact=degradation, method=robust z-score (MAD, threshold 3.0))"
2026-05-18,LCAIN10134_03-1-30-301,LCAIN10134-6,6,HO Success Rate,HO SR% Overall,99.8414,99.93355,99.90421250000001,0.09798474929166248,24,Spike,-3.634755759400453,,low,degradation,"robust z-score (MAD, threshold 3.0)",Medium,4week_rolling_avg,"KPI spike on last day: value=99.84 vs 24-day median=99.93 (z-score=-3.63, impact=degradation, method=robust z-score (MAD, threshold 3.0))"
2026-05-18,LCAIN10510,LCAIN10510-2,2,HO Success Rate,HO SR% Overall,99.0111,99.6921,99.63871578947368,0.2772777464890757,19,Spike,-3.6746256576284764,,low,degradation,"robust z-score (MAD, threshold 3.0)",Medium,4week_rolling_avg,"KPI spike on last day: value=99.01 vs 24-day median=99.69 (z-score=-3.67, impact=degradation, method=robust z-score (MAD, threshold 3.0))"
2026-05-18,LCAIN10545_Cow -Tagamo5,LCAIN10545-7,7,HO Success Rate,HO SR% Overall,99.2028,99.7201,99.66384000000001,0.14425811034392733,15,Spike,-3.503153312020716,,low,degradation,"robust z-score (MAD, threshold 3.0)",Medium,4week_rolling_avg,"KPI spike on last day: value=99.20 vs 24-day median=99.72 (z-score=-3.50, impact=degradation, method=robust z-score (MAD, threshold 3.0))"
2026-05-18,LCAIN10591,LCAIN10591-1,1,HO Success Rate,HO SR% Overall,98.3925,99.38220000000001,99.3884625,0.2722841848946602,24,Spike,-3.5879790629077646,,low,degradation,"robust z-score (MAD, threshold 3.0)",Medium,4week_rolling_avg,"KPI spike on last day: value=98.39 vs 24-day median=99.38 (z-score=-3.59, impact=degradation, method=robust z-score (MAD, threshold 3.0))"
2026-05-18,LCAIN10591,LCAIN10591-5,5,HO Success Rate,HO SR% Overall,99.0432,99.54245,99.5086625,0.21372072472524395,24,Spike,-3.1050208544829654,,low,degradation,"robust z-score (MAD, threshold 3.0)",Medium,4week_rolling_avg,"KPI spike on last day: value=99.04 vs 24-day median=99.54 (z-score=-3.11, impact=degradation, method=robust z-score (MAD, threshold 3.0))"
2026-05-18,LCAIN10634,LCAIN10634-2,2,HO Success Rate,HO SR% Overall,98.5522,99.4281,99.09693750000001,1.113694946193563,24,Spike,-3.2309896430165015,,low,degradation,"robust z-score (MAD, threshold 3.0)",Medium,4week_rolling_avg,"KPI spike on last day: value=98.55 vs 24-day median=99.43 (z-score=-3.23, impact=degradation, method=robust z-score (MAD, threshold 3.0))"
2026-05-18,LCAIN10650_Site_0650,LCAIN10650-6,6,HO Success Rate,HO SR% Overall,99.387,99.81295,99.43059166666667,1.1150737934910646,24,Spike,-3.493001082055309,,low,degradation,"robust z-score (MAD, threshold 3.0)",Medium,4week_rolling_avg,"KPI spike on last day: value=99.39 vs 24-day median=99.81 (z-score=-3.49, impact=degradation, method=robust z-score (MAD, threshold 3.0))"
2026-05-18,LCAIN10737,LCAIN10737-2,2,HO Success Rate,HO SR% Overall,99.1401,99.7885,95.51554166666666,9.137086613673084,24,Spike,-3.8840125083891586,,low,degradation,"robust z-score (MAD, threshold 3.0)",Medium,4week_rolling_avg,"KPI spike on last day: value=99.14 vs 24-day median=99.79 (z-score=-3.88, impact=degradation, method=robust z-score (MAD, threshold 3.0))"
2026-05-18,LCAIN10760,LCAIN10760-1,1,HO Success Rate,HO SR% Overall,98.1349,99.31255,99.18026666666667,0.4635001615126167,24,Spike,-3.4907231065594786,,low,degradation,"robust z-score (MAD, threshold 3.0)",Medium,4week_rolling_avg,"KPI spike on last day: value=98.13 vs 24-day median=99.31 (z-score=-3.49, impact=degradation, method=robust z-score (MAD, threshold 3.0))"
2026-05-18,LCAIN10986,LCAIN10986-1,1,HO Success Rate,HO SR% Overall,98.7684,99.7752,98.88215714285714,1.9228692986242832,14,Spike,-3.020806479719881,,low,degradation,"robust z-score (MAD, threshold 3.0)",Medium,4week_rolling_avg,"KPI spike on last day: value=98.77 vs 24-day median=99.78 (z-score=-3.02, impact=degradation, method=robust z-score (MAD, threshold 3.0))"
2026-05-18,LCAIN10989,LCAIN10989-3,3,HO Success Rate,HO SR% Overall,99.0583,99.72775,99.45262083333334,1.3650864578782698,24,Spike,-3.9713090495305847,,low,degradation,"robust z-score (MAD, threshold 3.0)",Medium,4week_rolling_avg,"KPI spike on last day: value=99.06 vs 24-day median=99.73 (z-score=-3.97, impact=degradation, method=robust z-score (MAD, threshold 3.0))"
2026-05-18,LCAIN11489,LCAIN11489-2,2,HO Success Rate,HO SR% Overall,98.6689,99.27555,99.03596666666665,0.8678579816933699,24,Spike,-3.8205398621516395,,low,degradation,"robust z-score (MAD, threshold 3.0)",Medium,4week_rolling_avg,"KPI spike on last day: value=98.67 vs 24-day median=99.28 (z-score=-3.82, impact=degradation, method=robust z-score (MAD, threshold 3.0))"
2026-05-18,LCAIN12046,LCAIN12046-3,3,HO Success Rate,HO SR% Overall,99.5021,99.8357,98.41143333333333,3.3914978473955855,24,Spike,-3.253942405804676,,low,degradation,"robust z-score (MAD, threshold 3.0)",Medium,4week_rolling_avg,"KPI spike on last day: value=99.50 vs 24-day median=99.84 (z-score=-3.25, impact=degradation, method=robust z-score (MAD, threshold 3.0))"
2026-05-18,LCAIN12070,LCAIN12070-3,3,HO Success Rate,HO SR% Overall,99.4978,99.86760000000001,99.82914583333336,0.2285730079922805,24,Spike,-3.9844518027874836,,low,degradation,"robust z-score (MAD, threshold 3.0)",Medium,4week_rolling_avg,"KPI spike on last day: value=99.50 vs 24-day median=99.87 (z-score=-3.98, impact=degradation, method=robust z-score (MAD, threshold 3.0))"
2026-05-18,LCAIN12223,LCAIN12223-6,6,HO Success Rate,HO SR% Overall,99.5098,100.0,99.92580833333334,0.1363485879301866,24,Spike,-3.5951967485794167,,low,degradation,"robust z-score (std-fallback, threshold 3.0)",Medium,4week_rolling_avg,"KPI spike on last day: value=99.51 vs 24-day median=100.00 (z-score=-3.60, impact=degradation, method=robust z-score (std-fallback, threshold 3.0))"
2026-05-18,LCAIN12255,LCAIN12255-5,5,HO Success Rate,HO SR% Overall,98.5946,99.59870000000001,99.02195,1.1710000750782785,24,Spike,-3.9944333328841504,,low,degradation,"robust z-score (MAD, threshold 3.0)",Medium,4week_rolling_avg,"KPI spike on last day: value=98.59 vs 24-day median=99.60 (z-score=-3.99, impact=degradation, method=robust z-score (MAD, threshold 3.0))"
2026-05-18,LCAIN12312,LCAIN12312-1,1,HO Success Rate,HO SR% Overall,98.0607,99.39965000000001,96.18175000000001,6.312450026666878,24,Spike,-3.149466093814207,,low,degradation,"robust z-score (MAD, threshold 3.0)",Medium,4week_rolling_avg,"KPI spike on last day: value=98.06 vs 24-day median=99.40 (z-score=-3.15, impact=degradation, method=robust z-score (MAD, threshold 3.0))"
2026-05-18,LCAIN12371,LCAIN12371-3,3,HO Success Rate,HO SR% Overall,97.4876,99.0106,98.69279565217391,1.1473073711495718,23,Spike,-3.2222378503226627,,low,degradation,"robust z-score (MAD, threshold 3.0)",Medium,4week_rolling_avg,"KPI spike on last day: value=97.49 vs 24-day median=99.01 (z-score=-3.22, impact=degradation, method=robust z-score (MAD, threshold 3.0))"
2026-05-18,LCAIN12461,LCAIN12461-1,1,HO Success Rate,HO SR% Overall,98.3156,99.2769,98.12443043478262,2.282052170351099,23,Spike,-3.98028217977209,,low,degradation,"robust z-score (MAD, threshold 3.0)",Medium,4week_rolling_avg,"KPI spike on last day: value=98.32 vs 24-day median=99.28 (z-score=-3.98, impact=degradation, method=robust z-score (MAD, threshold 3.0))"
2026-05-18,LCAIN12524,LCAIN12524-5,5,HO Success Rate,HO SR% Overall,99.5075,99.84035,99.67209090909091,0.4904432539773594,22,Spike,-3.155365415204225,,low,degradation,"robust z-score (MAD, threshold 3.0)",Medium,4week_rolling_avg,"KPI spike on last day: value=99.51 vs 24-day median=99.84 (z-score=-3.16, impact=degradation, method=robust z-score (MAD, threshold 3.0))"
2026-05-18,LCAIN12839,LCAIN12839-7,7,HO Success Rate,HO SR% Overall,99.3526,99.84015,97.51294545454547,4.721527825698264,22,Spike,-3.115565796142001,,low,degradation,"robust z-score (MAD, threshold 3.0)",Medium,4week_rolling_avg,"KPI spike on last day: value=99.35 vs 24-day median=99.84 (z-score=-3.12, impact=degradation, method=robust z-score (MAD, threshold 3.0))"
2026-05-18,LCAIN12889,LCAIN12889-7,7,HO Success Rate,HO SR% Overall,99.7038,99.7757,99.75535789473685,0.08886296556045997,19,Spike,-3.1490834809329833,,low,degradation,"robust z-score (MAD, threshold 3.0)",Medium,4week_rolling_avg,"KPI spike on last day: value=99.70 vs 24-day median=99.78 (z-score=-3.15, impact=degradation, method=robust z-score (MAD, threshold 3.0))"
2026-05-18,LCAIN12891,LCAIN12891-6,6,HO Success Rate,HO SR% Overall,99.6746,99.93195,99.78415833333334,0.2892671572506781,24,Spike,-3.1275711162395825,,low,degradation,"robust z-score (MAD, threshold 3.0)",Medium,4week_rolling_avg,"KPI spike on last day: value=99.67 vs 24-day median=99.93 (z-score=-3.13, impact=degradation, method=robust z-score (MAD, threshold 3.0))"
2026-05-18,LCAIN12917,LCAIN12917-2,2,HO Success Rate,HO SR% Overall,99.4012,99.89775,99.824,0.21392404804821044,24,Spike,-3.2754854436978924,,low,degradation,"robust z-score (MAD, threshold 3.0)",Medium,4week_rolling_avg,"KPI spike on last day: value=99.40 vs 24-day median=99.90 (z-score=-3.28, impact=degradation, method=robust z-score (MAD, threshold 3.0))"
2026-05-18,LCAIN13987,LCAIN13987-6,6,HO Success Rate,HO SR% Overall,99.3703,99.77555000000001,99.56153333333333,0.5901121225853811,24,Spike,-3.613184141148857,,low,degradation,"robust z-score (MAD, threshold 3.0)",Medium,4week_rolling_avg,"KPI spike on last day: value=99.37 vs 24-day median=99.78 (z-score=-3.61, impact=degradation, method=robust z-score (MAD, threshold 3.0))"
2026-05-18,LCAIN13989,LCAIN13989-5,5,HO Success Rate,HO SR% Overall,99.0275,99.60115,99.51477499999999,0.290085594049411,24,Spike,-3.8461394053059297,,low,degradation,"robust z-score (MAD, threshold 3.0)",Medium,4week_rolling_avg,"KPI spike on last day: value=99.03 vs 24-day median=99.60 (z-score=-3.85, impact=degradation, method=robust z-score (MAD, threshold 3.0))"
2026-05-18,LCAIN16546,LCAIN16546-1,1,HO Success Rate,HO SR% Overall,98.0029,99.28805,99.11527916666667,0.419450847318218,24,Spike,-3.691745313208466,,low,degradation,"robust z-score (MAD, threshold 3.0)",Medium,4week_rolling_avg,"KPI spike on last day: value=98.00 vs 24-day median=99.29 (z-score=-3.69, impact=degradation, method=robust z-score (MAD, threshold 3.0))"
2026-05-18,LCAIE10001,LCAIE10001-3,3,RACH Success Rate,(HU) RACH Success Rate(%),74.2045,91.42515,89.63810833333334,7.99433277744911,24,Spike,-3.044884667579105,,low,degradation,"robust z-score (MAD, threshold 3.0)",Medium,4week_rolling_avg,"KPI spike on last day: value=74.20 vs 24-day median=91.43 (z-score=-3.04, impact=degradation, method=robust z-score (MAD, threshold 3.0))"
2026-05-18,LCAIN10106_EL-KATAMYA (BTS10),LCAIN10106-3,3,RACH Success Rate,(HU) RACH Success Rate(%),81.0081,92.00065000000001,89.20118333333335,6.873398139122227,24,Spike,-3.397893447943191,,low,degradation,"robust z-score (MAD, threshold 3.0)",Medium,4week_rolling_avg,"KPI spike on last day: value=81.01 vs 24-day median=92.00 (z-score=-3.40, impact=degradation, method=robust z-score (MAD, threshold 3.0))"
2026-05-18,LCAIN10109,LCAIN10109-7,7,RACH Success Rate,(HU) RACH Success Rate(%),60.6756,89.113,83.42781666666667,12.004098829311964,24,Spike,-3.4456874076707056,,low,degradation,"robust z-score (MAD, threshold 3.0)",Medium,4week_rolling_avg,"KPI spike on last day: value=60.68 vs 24-day median=89.11 (z-score=-3.45, impact=degradation, method=robust z-score (MAD, threshold 3.0))"
2026-05-18,LCAIN10134_03-1-30-301,LCAIN10134-3,3,RACH Success Rate,(HU) RACH Success Rate(%),89.2584,94.63895,93.89846666666666,2.0535675704463414,24,Spike,-3.5096284085893252,,low,degradation,"robust z-score (MAD, threshold 3.0)",Medium,4week_rolling_avg,"KPI spike on last day: value=89.26 vs 24-day median=94.64 (z-score=-3.51, impact=degradation, method=robust z-score (MAD, threshold 3.0))"
2026-05-18,LCAIN10350,LCAIN10350-7,7,RACH Success Rate,(HU) RACH Success Rate(%),91.4116,94.6738,93.48609166666667,3.711943946002403,24,Spike,-3.561258809686096,,low,degradation,"robust z-score (MAD, threshold 3.0)",Medium,4week_rolling_avg,"KPI spike on last day: value=91.41 vs 24-day median=94.67 (z-score=-3.56, impact=degradation, method=robust z-score (MAD, threshold 3.0))"
2026-05-18,LCAIN10369,LCAIN10369-1,1,RACH Success Rate,(HU) RACH Success Rate(%),83.871,93.257,92.6652625,2.5779194393303064,24,Spike,-3.5305302224840864,,low,degradation,"robust z-score (MAD, threshold 3.0)",Medium,4week_rolling_avg,"KPI spike on last day: value=83.87 vs 24-day median=93.26 (z-score=-3.53, impact=degradation, method=robust z-score (MAD, threshold 3.0))"
2026-05-18,LCAIN10493,LCAIN10493-6,6,RACH Success Rate,(HU) RACH Success Rate(%),64.3773,84.9094,83.57149166666667,6.428200963781693,12,Spike,-3.028728957703072,,low,degradation,"robust z-score (MAD, threshold 3.0)",Medium,4week_rolling_avg,"KPI spike on last day: value=64.38 vs 24-day median=84.91 (z-score=-3.03, impact=degradation, method=robust z-score (MAD, threshold 3.0))"
2026-05-18,LCAIN10510,LCAIN10510-2,2,RACH Success Rate,(HU) RACH Success Rate(%),91.5356,95.8711,94.76092105263159,2.3883475667408183,19,Spike,-3.1654629656968782,,low,degradation,"robust z-score (MAD, threshold 3.0)",Medium,4week_rolling_avg,"KPI spike on last day: value=91.54 vs 24-day median=95.87 (z-score=-3.17, impact=degradation, method=robust z-score (MAD, threshold 3.0))"
2026-05-18,LCAIN10510,LCAIN10510-7,7,RACH Success Rate,(HU) RACH Success Rate(%),95.281,97.0613,95.41944736842106,4.576248866572803,19,Spike,-3.685684159288449,,low,degradation,"robust z-score (MAD, threshold 3.0)",Medium,4week_rolling_avg,"KPI spike on last day: value=95.28 vs 24-day median=97.06 (z-score=-3.69, impact=degradation, method=robust z-score (MAD, threshold 3.0))"
2026-05-18,LCAIN10510,LCAIN10510-8,8,RACH Success Rate,(HU) RACH Success Rate(%),73.658,84.0412,83.16338947368422,3.729747836953272,19,Spike,-3.3739810443693177,,low,degradation,"robust z-score (MAD, threshold 3.0)",Medium,4week_rolling_avg,"KPI spike on last day: value=73.66 vs 24-day median=84.04 (z-score=-3.37, impact=degradation, method=robust z-score (MAD, threshold 3.0))"
2026-05-18,LCAIN10545_Cow -Tagamo5,LCAIN10545-5,5,RACH Success Rate,(HU) RACH Success Rate(%),83.8093,87.849,86.91411333333332,2.630454352608225,15,Spike,-3.769180137028042,,low,degradation,"robust z-score (MAD, threshold 3.0)",Medium,4week_rolling_avg,"KPI spike on last day: value=83.81 vs 24-day median=87.85 (z-score=-3.77, impact=degradation, method=robust z-score (MAD, threshold 3.0))"
2026-05-18,LCAIN10586,LCAIN10586-3,3,RACH Success Rate,(HU) RACH Success Rate(%),67.0096,82.3375,82.26106666666666,4.442398946108835,24,Spike,-3.5282666412467774,,low,degradation,"robust z-score (MAD, threshold 3.0)",Medium,4week_rolling_avg,"KPI spike on last day: value=67.01 vs 24-day median=82.34 (z-score=-3.53, impact=degradation, method=robust z-score (MAD, threshold 3.0))"
2026-05-18,LCAIN10612,LCAIN10612-7,7,RACH Success Rate,(HU) RACH Success Rate(%),85.3376,91.89595,90.58599583333334,3.899876020195937,24,Spike,-3.051037329663991,,low,degradation,"robust z-score (MAD, threshold 3.0)",Medium,4week_rolling_avg,"KPI spike on last day: value=85.34 vs 24-day median=91.90 (z-score=-3.05, impact=degradation, method=robust z-score (MAD, threshold 3.0))"
2026-05-18,LCAIN10764,LCAIN10764-7,7,RACH Success Rate,(HU) RACH Success Rate(%),81.1731,88.50385,85.75715,7.778334693268219,20,Spike,-3.283324901247072,,low,degradation,"robust z-score (MAD, threshold 3.0)",Medium,4week_rolling_avg,"KPI spike on last day: value=81.17 vs 24-day median=88.50 (z-score=-3.28, impact=degradation, method=robust z-score (MAD, threshold 3.0))"
2026-05-18,LCAIN10908,LCAIN10908-6,6,RACH Success Rate,(HU) RACH Success Rate(%),89.4542,82.39955,82.30141666666667,2.1672587325672246,24,Spike,3.5650679825740172,,high,enhancement,"robust z-score (MAD, threshold 3.0)",Medium,4week_rolling_avg,"KPI spike on last day: value=89.45 vs 24-day median=82.40 (z-score=+3.57, impact=enhancement, method=robust z-score (MAD, threshold 3.0))"
2026-05-18,LCAIN10971,LCAIN10971-5,5,RACH Success Rate,(HU) RACH Success Rate(%),68.7777,90.54185000000001,87.82075000000002,7.339643680383945,24,Spike,-3.244172435687153,,low,degradation,"robust z-score (MAD, threshold 3.0)",Medium,4week_rolling_avg,"KPI spike on last day: value=68.78 vs 24-day median=90.54 (z-score=-3.24, impact=degradation, method=robust z-score (MAD, threshold 3.0))"
2026-05-18,LCAIN11838,LCAIN11838-1,1,RACH Success Rate,(HU) RACH Success Rate(%),77.9811,90.63705,88.22192083333334,6.960693383683071,24,Spike,-3.3085234399433494,,low,degradation,"robust z-score (MAD, threshold 3.0)",Medium,4week_rolling_avg,"KPI spike on last day: value=77.98 vs 24-day median=90.64 (z-score=-3.31, impact=degradation, method=robust z-score (MAD, threshold 3.0))"
2026-05-18,LCAIN12012,LCAIN12012-5,5,RACH Success Rate,(HU) RACH Success Rate(%),83.0531,93.02435,89.8415375,9.542190630161596,24,Spike,-3.3635147835417976,,low,degradation,"robust z-score (MAD, threshold 3.0)",Medium,4week_rolling_avg,"KPI spike on last day: value=83.05 vs 24-day median=93.02 (z-score=-3.36, impact=degradation, method=robust z-score (MAD, threshold 3.0))"
2026-05-18,LCAIN12012,LCAIN12012-7,7,RACH Success Rate,(HU) RACH Success Rate(%),89.9864,94.70394999999999,92.34848333333332,9.500548502001813,24,Spike,-3.5264810843054035,,low,degradation,"robust z-score (MAD, threshold 3.0)",Medium,4week_rolling_avg,"KPI spike on last day: value=89.99 vs 24-day median=94.70 (z-score=-3.53, impact=degradation, method=robust z-score (MAD, threshold 3.0))"
2026-05-18,LCAIN12055,LCAIN12055-3,3,RACH Success Rate,(HU) RACH Success Rate(%),42.229,61.751400000000004,61.618712499999994,7.275328562873324,24,Spike,-3.939352121942768,,low,degradation,"robust z-score (MAD, threshold 3.0)",Medium,4week_rolling_avg,"KPI spike on last day: value=42.23 vs 24-day median=61.75 (z-score=-3.94, impact=degradation, method=robust z-score (MAD, threshold 3.0))"
2026-05-18,LCAIN12058,LCAIN12058-2,2,RACH Success Rate,(HU) RACH Success Rate(%),82.0475,93.4048,90.946825,6.4679567316019515,24,Spike,-3.6001475244870424,,low,degradation,"robust z-score (MAD, threshold 3.0)",Medium,4week_rolling_avg,"KPI spike on last day: value=82.05 vs 24-day median=93.40 (z-score=-3.60, impact=degradation, method=robust z-score (MAD, threshold 3.0))"
2026-05-18,LCAIN12059,LCAIN12059-6,6,RACH Success Rate,(HU) RACH Success Rate(%),90.3798,94.0579,91.61667916666666,7.579362878510919,24,Spike,-3.69695918699186,,low,degradation,"robust z-score (MAD, threshold 3.0)",Medium,4week_rolling_avg,"KPI spike on last day: value=90.38 vs 24-day median=94.06 (z-score=-3.70, impact=degradation, method=robust z-score (MAD, threshold 3.0))"
2026-05-18,LCAIN12215,LCAIN12215-7,7,RACH Success Rate,(HU) RACH Success Rate(%),67.2621,88.9619,80.2332375,18.991615409653203,24,Spike,-3.6425505724002893,,low,degradation,"robust z-score (MAD, threshold 3.0)",Medium,4week_rolling_avg,"KPI spike on last day: value=67.26 vs 24-day median=88.96 (z-score=-3.64, impact=degradation, method=robust z-score (MAD, threshold 3.0))"
2026-05-18,LCAIN12223,LCAIN12223-3,3,RACH Success Rate,(HU) RACH Success Rate(%),62.5833,85.5781,77.36886666666668,13.779491967221514,24,Spike,-3.4770614078851314,,low,degradation,"robust z-score (MAD, threshold 3.0)",Medium,4week_rolling_avg,"KPI spike on last day: value=62.58 vs 24-day median=85.58 (z-score=-3.48, impact=degradation, method=robust z-score (MAD, threshold 3.0))"
2026-05-18,LCAIN12247,LCAIN12247-6,6,RACH Success Rate,(HU) RACH Success Rate(%),85.0411,92.6948,88.58825833333333,8.25271194077623,24,Spike,-3.0672588014652047,,low,degradation,"robust z-score (MAD, threshold 3.0)",Medium,4week_rolling_avg,"KPI spike on last day: value=85.04 vs 24-day median=92.69 (z-score=-3.07, impact=degradation, method=robust z-score (MAD, threshold 3.0))"
2026-05-18,LCAIN12461,LCAIN12461-6,6,RACH Success Rate,(HU) RACH Success Rate(%),79.5205,90.8684,90.1018,5.688313334104979,23,Spike,-3.708718717639524,,low,degradation,"robust z-score (MAD, threshold 3.0)",Medium,4week_rolling_avg,"KPI spike on last day: value=79.52 vs 24-day median=90.87 (z-score=-3.71, impact=degradation, method=robust z-score (MAD, threshold 3.0))"
2026-05-18,LCAIN12508,LCAIN12508-5,5,RACH Success Rate,(HU) RACH Success Rate(%),50.5006,73.5012,71.22380833333334,6.566868251744045,24,Spike,-3.698447346600399,,low,degradation,"robust z-score (MAD, threshold 3.0)",Medium,4week_rolling_avg,"KPI spike on last day: value=50.50 vs 24-day median=73.50 (z-score=-3.70, impact=degradation, method=robust z-score (MAD, threshold 3.0))"
2026-05-18,LCAIN12585,LCAIN12585-1,1,RACH Success Rate,(HU) RACH Success Rate(%),77.179,88.1321,85.2228695652174,7.007089831544519,23,Spike,-3.8858430136877127,,low,degradation,"robust z-score (MAD, threshold 3.0)",Medium,4week_rolling_avg,"KPI spike on last day: value=77.18 vs 24-day median=88.13 (z-score=-3.89, impact=degradation, method=robust z-score (MAD, threshold 3.0))"
2026-05-18,LCAIN12694,LCAIN12694-5,5,RACH Success Rate,(HU) RACH Success Rate(%),83.8374,91.8988,88.57639565217391,7.8983380402339805,23,Spike,-3.151715632068523,,low,degradation,"robust z-score (MAD, threshold 3.0)",Medium,4week_rolling_avg,"KPI spike on last day: value=83.84 vs 24-day median=91.90 (z-score=-3.15, impact=degradation, method=robust z-score (MAD, threshold 3.0))"
2026-05-18,LCAIN12799,LCAIN12799-3,3,RACH Success Rate,(HU) RACH Success Rate(%),75.3003,85.46975,84.89702916666667,4.428208894075118,24,Spike,-3.2340987571122035,,low,degradation,"robust z-score (MAD, threshold 3.0)",Medium,4week_rolling_avg,"KPI spike on last day: value=75.30 vs 24-day median=85.47 (z-score=-3.23, impact=degradation, method=robust z-score (MAD, threshold 3.0))"
2026-05-18,LCAIN12841,LCAIN12841-7,7,RACH Success Rate,(HU) RACH Success Rate(%),83.2197,92.62845,90.16770000000001,8.381320329558266,24,Spike,-3.6728390388201526,,low,degradation,"robust z-score (MAD, threshold 3.0)",Medium,4week_rolling_avg,"KPI spike on last day: value=83.22 vs 24-day median=92.63 (z-score=-3.67, impact=degradation, method=robust z-score (MAD, threshold 3.0))"
2026-05-18,LCAIN12861,LCAIN12861-1,1,RACH Success Rate,(HU) RACH Success Rate(%),85.9256,90.84575000000001,89.81205416666667,5.116354278192884,24,Spike,-3.7439031027062506,,low,degradation,"robust z-score (MAD, threshold 3.0)",Medium,4week_rolling_avg,"KPI spike on last day: value=85.93 vs 24-day median=90.85 (z-score=-3.74, impact=degradation, method=robust z-score (MAD, threshold 3.0))"
2026-05-18,LCAIN12868,LCAIN12868-6,6,RACH Success Rate,(HU) RACH Success Rate(%),86.0863,94.32900000000001,91.28189166666668,10.893649704488263,24,Spike,-3.1480563874962435,,low,degradation,"robust z-score (MAD, threshold 3.0)",Medium,4week_rolling_avg,"KPI spike on last day: value=86.09 vs 24-day median=94.33 (z-score=-3.15, impact=degradation, method=robust z-score (MAD, threshold 3.0))"
2026-05-18,LCAIN12868,LCAIN12868-7,7,RACH Success Rate,(HU) RACH Success Rate(%),34.7675,68.39330000000001,64.04679166666666,13.305121846238912,24,Spike,-3.2799634667681103,,low,degradation,"robust z-score (MAD, threshold 3.0)",Medium,4week_rolling_avg,"KPI spike on last day: value=34.77 vs 24-day median=68.39 (z-score=-3.28, impact=degradation, method=robust z-score (MAD, threshold 3.0))"
2026-05-18,LCAIN12900,LCAIN12900-1,1,RACH Success Rate,(HU) RACH Success Rate(%),89.6697,94.94475,93.4797125,7.526426485740787,24,Spike,-3.0721171530259563,,low,degradation,"robust z-score (MAD, threshold 3.0)",Medium,4week_rolling_avg,"KPI spike on last day: value=89.67 vs 24-day median=94.94 (z-score=-3.07, impact=degradation, method=robust z-score (MAD, threshold 3.0))"
2026-05-18,LCAIN12916,LCAIN12916-5,5,RACH Success Rate,(HU) RACH Success Rate(%),25.4206,80.6165,72.92723333333333,19.765892683793016,24,Spike,-3.6170943557227515,,low,degradation,"robust z-score (MAD, threshold 3.0)",Medium,4week_rolling_avg,"KPI spike on last day: value=25.42 vs 24-day median=80.62 (z-score=-3.62, impact=degradation, method=robust z-score (MAD, threshold 3.0))"
2026-05-18,LCAIN13989,LCAIN13989-7,7,RACH Success Rate,(HU) RACH Success Rate(%),74.8101,87.97784999999999,86.81053333333334,4.118133222171858,24,Spike,-3.7133228940956124,,low,degradation,"robust z-score (MAD, threshold 3.0)",Medium,4week_rolling_avg,"KPI spike on last day: value=74.81 vs 24-day median=87.98 (z-score=-3.71, impact=degradation, method=robust z-score (MAD, threshold 3.0))"
2026-05-18,LCAIN13992,LCAIN13992-2,2,RACH Success Rate,(HU) RACH Success Rate(%),88.0803,95.90305000000001,95.51705833333334,1.830971533985138,24,Spike,-3.825121493907174,,low,degradation,"robust z-score (MAD, threshold 3.0)",Medium,4week_rolling_avg,"KPI spike on last day: value=88.08 vs 24-day median=95.90 (z-score=-3.83, impact=degradation, method=robust z-score (MAD, threshold 3.0))"
2026-05-18,ICAIN12934,ICAIN12934-3,3,RRC Re-establishment,RRC Reestablish Setup Success Rate(%),0.0,90.29305,64.738805,41.91616241114488,20,Zero,,-100.0,zero,degradation,Zero Detection,Medium,4week_rolling_avg,"KPI dropped to 0 on last day (24-day historical median: 90.29, 15/20 days were non-zero in 24-day lookback)"
2026-05-18,LCAIE10001,LCAIE10001-2,2,RRC Re-establishment,RRC Reestablish Setup Success Rate(%),67.2269,87.8529,86.71603750000001,7.203463804472385,24,Spike,-3.640467461720327,,low,degradation,"robust z-score (MAD, threshold 3.0)",Medium,4week_rolling_avg,"KPI spike on last day: value=67.23 vs 24-day median=87.85 (z-score=-3.64, impact=degradation, method=robust z-score (MAD, threshold 3.0))"
2026-05-18,LCAIN10029,LCAIN10029-3,3,RRC Re-establishment,RRC Reestablish Setup Success Rate(%),0.0,36.666650000000004,40.93034583333334,29.029681201329375,24,Zero,,-100.0,zero,degradation,Zero Detection,Medium,4week_rolling_avg,"KPI dropped to 0 on last day (24-day historical median: 36.67, 20/24 days were non-zero in 24-day lookback)"
2026-05-18,LCAIN10109,LCAIN10109-2,2,RRC Re-establishment,RRC Reestablish Setup Success Rate(%),77.9661,93.3789,92.19305416666667,5.652640709805401,24,Spike,-3.046207160799621,,low,degradation,"robust z-score (MAD, threshold 3.0)",Medium,4week_rolling_avg,"KPI spike on last day: value=77.97 vs 24-day median=93.38 (z-score=-3.05, impact=degradation, method=robust z-score (MAD, threshold 3.0))"
2026-05-18,LCAIN10112_03-2-12-46,LCAIN10112-3,3,RRC Re-establishment,RRC Reestablish Setup Success Rate(%),63.8889,84.466,83.20252608695651,7.261425755930078,23,Spike,-3.6676348519702575,,low,degradation,"robust z-score (MAD, threshold 3.0)",Medium,4week_rolling_avg,"KPI spike on last day: value=63.89 vs 24-day median=84.47 (z-score=-3.67, impact=degradation, method=robust z-score (MAD, threshold 3.0))"
2026-05-18,LCAIN10112_03-2-12-46,LCAIN10112-7,7,RRC Re-establishment,RRC Reestablish Setup Success Rate(%),35.7143,75.0,73.06707391304347,12.597047143856248,23,Spike,-3.1797537145632218,,low,degradation,"robust z-score (MAD, threshold 3.0)",Medium,4week_rolling_avg,"KPI spike on last day: value=35.71 vs 24-day median=75.00 (z-score=-3.18, impact=degradation, method=robust z-score (MAD, threshold 3.0))"
2026-05-18,LCAIN10114_Ganoub_El_Mostasmreen_Tagmou,LCAIN10114-3,3,RRC Re-establishment,RRC Reestablish Setup Success Rate(%),56.7568,78.88125,73.51515416666666,17.55568982030183,24,Spike,-3.370808344947984,,low,degradation,"robust z-score (MAD, threshold 3.0)",Medium,4week_rolling_avg,"KPI spike on last day: value=56.76 vs 24-day median=78.88 (z-score=-3.37, impact=degradation, method=robust z-score (MAD, threshold 3.0))"
2026-05-18,LCAIN10120,LCAIN10120-2,2,RRC Re-establishment,RRC Reestablish Setup Success Rate(%),60.0,87.08335,86.83039583333334,7.237959233299072,24,Spike,-3.321931844713256,,low,degradation,"robust z-score (MAD, threshold 3.0)",Medium,4week_rolling_avg,"KPI spike on last day: value=60.00 vs 24-day median=87.08 (z-score=-3.32, impact=degradation, method=robust z-score (MAD, threshold 3.0))"
2026-05-18,LCAIN10130_Site_144,LCAIN10130-3,3,RRC Re-establishment,RRC Reestablish Setup Success Rate(%),98.4137,94.70984999999999,94.31491666666666,1.9246187435582038,24,Spike,3.404023163220368,,high,enhancement,"robust z-score (MAD, threshold 3.0)",Medium,4week_rolling_avg,"KPI spike on last day: value=98.41 vs 24-day median=94.71 (z-score=+3.40, impact=enhancement, method=robust z-score (MAD, threshold 3.0))"
2026-05-18,LCAIN10134_03-1-30-301,LCAIN10134-1,1,RRC Re-establishment,RRC Reestablish Setup Success Rate(%),75.0,90.8034,89.76531250000001,6.429684833859311,24,Spike,-3.126704194160457,,low,degradation,"robust z-score (MAD, threshold 3.0)",Medium,4week_rolling_avg,"KPI spike on last day: value=75.00 vs 24-day median=90.80 (z-score=-3.13, impact=degradation, method=robust z-score (MAD, threshold 3.0))"
2026-05-18,LCAIN10134_03-1-30-301,LCAIN10134-3,3,RRC Re-establishment,RRC Reestablish Setup Success Rate(%),98.2664,78.9308,78.84299166666666,7.105713223873488,24,Spike,3.0185239214765858,,high,enhancement,"robust z-score (MAD, threshold 3.0)",Medium,4week_rolling_avg,"KPI spike on last day: value=98.27 vs 24-day median=78.93 (z-score=+3.02, impact=enhancement, method=robust z-score (MAD, threshold 3.0))"
2026-05-18,LCAIN10368,LCAIN10368-2,2,RRC Re-establishment,RRC Reestablish Setup Success Rate(%),78.2609,92.1739,91.13645217391304,5.7147902191989335,23,Spike,-3.7258069387373767,,low,degradation,"robust z-score (MAD, threshold 3.0)",Medium,4week_rolling_avg,"KPI spike on last day: value=78.26 vs 24-day median=92.17 (z-score=-3.73, impact=degradation, method=robust z-score (MAD, threshold 3.0))"
2026-05-18,LCAIN10369,LCAIN10369-5,5,RRC Re-establishment,RRC Reestablish Setup Success Rate(%),0.0,86.0753,85.10791250000001,7.262230443265606,24,Zero,,-100.0,zero,degradation,Zero Detection,Medium,4week_rolling_avg,"KPI dropped to 0 on last day (24-day historical median: 86.08, 24/24 days were non-zero in 24-day lookback)"
2026-05-18,LCAIN10446,LCAIN10446-5,5,RRC Re-establishment,RRC Reestablish Setup Success Rate(%),66.4865,78.53195,79.47464166666667,5.560329655613705,24,Spike,-3.1033994991261653,,low,degradation,"robust z-score (MAD, threshold 3.0)",Medium,4week_rolling_avg,"KPI spike on last day: value=66.49 vs 24-day median=78.53 (z-score=-3.10, impact=degradation, method=robust z-score (MAD, threshold 3.0))"
2026-05-18,LCAIN10493,LCAIN10493-1,1,RRC Re-establishment,RRC Reestablish Setup Success Rate(%),80.1418,89.5598,67.83761875,39.24447257422405,16,Spike,-3.8598535456482272,,low,degradation,"robust z-score (MAD, threshold 3.0)",Medium,4week_rolling_avg,"KPI spike on last day: value=80.14 vs 24-day median=89.56 (z-score=-3.86, impact=degradation, method=robust z-score (MAD, threshold 3.0))"
2026-05-18,LCAIN10493,LCAIN10493-2,2,RRC Re-establishment,RRC Reestablish Setup Success Rate(%),0.0,73.1634,56.179012500000006,39.07685869742595,16,Zero,,-100.0,zero,degradation,Zero Detection,Medium,4week_rolling_avg,"KPI dropped to 0 on last day (24-day historical median: 73.16, 11/16 days were non-zero in 24-day lookback)"
2026-05-18,LCAIN10545_Cow -Tagamo5,LCAIN10545-6,6,RRC Re-establishment,RRC Reestablish Setup Success Rate(%),75.6757,87.6543,86.36658666666666,5.791199983177541,15,Spike,-3.944661171500005,,low,degradation,"robust z-score (MAD, threshold 3.0)",Medium,4week_rolling_avg,"KPI spike on last day: value=75.68 vs 24-day median=87.65 (z-score=-3.94, impact=degradation, method=robust z-score (MAD, threshold 3.0))"
2026-05-18,LCAIN10588,LCAIN10588-2,2,RRC Re-establishment,RRC Reestablish Setup Success Rate(%),0.0,92.83269999999999,55.529075,46.96918203053688,24,Zero,,-100.0,zero,degradation,Zero Detection,Medium,4week_rolling_avg,"KPI dropped to 0 on last day (24-day historical median: 92.83, 14/24 days were non-zero in 24-day lookback)"
2026-05-18,LCAIN10592,LCAIN10592-3,3,RRC Re-establishment,RRC Reestablish Setup Success Rate(%),87.9518,96.18430000000001,95.47819583333334,3.2545570083191504,24,Spike,-3.128483394777795,,low,degradation,"robust z-score (MAD, threshold 3.0)",Medium,4week_rolling_avg,"KPI spike on last day: value=87.95 vs 24-day median=96.18 (z-score=-3.13, impact=degradation, method=robust z-score (MAD, threshold 3.0))"
2026-05-18,LCAIN10634,LCAIN10634-7,7,RRC Re-establishment,RRC Reestablish Setup Success Rate(%),85.6698,76.15355,76.17922083333333,3.5824692915617065,24,Spike,3.2712191676829727,,high,enhancement,"robust z-score (MAD, threshold 3.0)",Medium,4week_rolling_avg,"KPI spike on last day: value=85.67 vs 24-day median=76.15 (z-score=+3.27, impact=enhancement, method=robust z-score (MAD, threshold 3.0))"
2026-05-18,LCAIN10693,LCAIN10693-3,3,RRC Re-establishment,RRC Reestablish Setup Success Rate(%),94.4444,86.11914999999999,85.48541666666667,2.9296975504686875,24,Spike,3.4502637144900095,,high,enhancement,"robust z-score (MAD, threshold 3.0)",Medium,4week_rolling_avg,"KPI spike on last day: value=94.44 vs 24-day median=86.12 (z-score=+3.45, impact=enhancement, method=robust z-score (MAD, threshold 3.0))"
2026-05-18,LCAIN10855,LCAIN10855-1,1,RRC Re-establishment,RRC Reestablish Setup Success Rate(%),68.75,91.5549,88.35819090909091,9.239314117347039,22,Spike,-3.5035633830917754,,low,degradation,"robust z-score (MAD, threshold 3.0)",Medium,4week_rolling_avg,"KPI spike on last day: value=68.75 vs 24-day median=91.55 (z-score=-3.50, impact=degradation, method=robust z-score (MAD, threshold 3.0))"
2026-05-18,LCAIN10855,LCAIN10855-3,3,RRC Re-establishment,RRC Reestablish Setup Success Rate(%),0.0,70.83335,58.170995454545455,43.07349001896724,22,Zero,,-100.0,zero,degradation,Zero Detection,Medium,4week_rolling_avg,"KPI dropped to 0 on last day (24-day historical median: 70.83, 15/22 days were non-zero in 24-day lookback)"
2026-05-18,LCAIN10855,LCAIN10855-7,7,RRC Re-establishment,RRC Reestablish Setup Success Rate(%),0.0,62.5,50.22727272727273,47.20548101668417,22,Zero,,-100.0,zero,degradation,Zero Detection,Medium,4week_rolling_avg,"KPI dropped to 0 on last day (24-day historical median: 62.50, 12/22 days were non-zero in 24-day lookback)"
2026-05-18,LCAIN10859,LCAIN10859-5,5,RRC Re-establishment,RRC Reestablish Setup Success Rate(%),55.0,72.29545,72.02699166666666,5.645273201605381,24,Spike,-3.174577844719154,,low,degradation,"robust z-score (MAD, threshold 3.0)",Medium,4week_rolling_avg,"KPI spike on last day: value=55.00 vs 24-day median=72.30 (z-score=-3.17, impact=degradation, method=robust z-score (MAD, threshold 3.0))"
2026-05-18,LCAIN10909,LCAIN10909-3,3,RRC Re-establishment,RRC Reestablish Setup Success Rate(%),66.7637,69.6131,69.5223375,1.0027128339378868,24,Spike,-3.123253384338367,,low,degradation,"robust z-score (MAD, threshold 3.0)",Medium,4week_rolling_avg,"KPI spike on last day: value=66.76 vs 24-day median=69.61 (z-score=-3.12, impact=degradation, method=robust z-score (MAD, threshold 3.0))"
2026-05-18,LCAIN10909,LCAIN10909-6,6,RRC Re-establishment,RRC Reestablish Setup Success Rate(%),86.0656,75.95425,74.94293333333334,3.6704648770814976,24,Spike,3.4388060712636603,,high,enhancement,"robust z-score (MAD, threshold 3.0)",Medium,4week_rolling_avg,"KPI spike on last day: value=86.07 vs 24-day median=75.95 (z-score=+3.44, impact=enhancement, method=robust z-score (MAD, threshold 3.0))"
2026-05-18,LCAIN10985,LCAIN10985-6,6,RRC Re-establishment,RRC Reestablish Setup Success Rate(%),54.5455,81.21695,81.44246666666668,10.284512165090229,24,Spike,-3.6145925851861134,,low,degradation,"robust z-score (MAD, threshold 3.0)",Medium,4week_rolling_avg,"KPI spike on last day: value=54.55 vs 24-day median=81.22 (z-score=-3.61, impact=degradation, method=robust z-score (MAD, threshold 3.0))"
2026-05-18,LCAIN11493,LCAIN11493-1,1,RRC Re-establishment,RRC Reestablish Setup Success Rate(%),81.875,90.81625,91.20953333333334,2.8349918229844837,24,Spike,-3.645083410800897,,low,degradation,"robust z-score (MAD, threshold 3.0)",Medium,4week_rolling_avg,"KPI spike on last day: value=81.88 vs 24-day median=90.82 (z-score=-3.65, impact=degradation, method=robust z-score (MAD, threshold 3.0))"
2026-05-18,LCAIN11677,LCAIN11677-3,3,RRC Re-establishment,RRC Reestablish Setup Success Rate(%),88.5072,85.9947,86.05672916666667,0.7351899745865965,24,Spike,3.770515147813888,,high,enhancement,"robust z-score (MAD, threshold 3.0)",Medium,4week_rolling_avg,"KPI spike on last day: value=88.51 vs 24-day median=85.99 (z-score=+3.77, impact=enhancement, method=robust z-score (MAD, threshold 3.0))"
2026-05-18,LCAIN11826,LCAIN11826-3,3,RRC Re-establishment,RRC Reestablish Setup Success Rate(%),87.6543,91.10114999999999,91.00409166666667,1.7643563873541024,24,Spike,-3.482427313214261,,low,degradation,"robust z-score (MAD, threshold 3.0)",Medium,4week_rolling_avg,"KPI spike on last day: value=87.65 vs 24-day median=91.10 (z-score=-3.48, impact=degradation, method=robust z-score (MAD, threshold 3.0))"
2026-05-18,LCAIN12251,LCAIN12251-6,6,RRC Re-establishment,RRC Reestablish Setup Success Rate(%),79.5181,96.521,94.66356666666667,5.46540056138513,24,Spike,-3.3235184484965474,,low,degradation,"robust z-score (MAD, threshold 3.0)",Medium,4week_rolling_avg,"KPI spike on last day: value=79.52 vs 24-day median=96.52 (z-score=-3.32, impact=degradation, method=robust z-score (MAD, threshold 3.0))"
2026-05-18,LCAIN12256,LCAIN12256-3,3,RRC Re-establishment,RRC Reestablish Setup Success Rate(%),76.3158,86.57660000000001,84.8351,5.927615916622803,24,Spike,-3.4060804098811253,,low,degradation,"robust z-score (MAD, threshold 3.0)",Medium,4week_rolling_avg,"KPI spike on last day: value=76.32 vs 24-day median=86.58 (z-score=-3.41, impact=degradation, method=robust z-score (MAD, threshold 3.0))"
2026-05-18,LCAIN12585,LCAIN12585-2,2,RRC Re-establishment,RRC Reestablish Setup Success Rate(%),0.0,100.0,80.89372173913043,33.043724948934425,23,Zero,,-100.0,zero,degradation,Zero Detection,Medium,4week_rolling_avg,"KPI dropped to 0 on last day (24-day historical median: 100.00, 20/23 days were non-zero in 24-day lookback)"
2026-05-18,LCAIN12837,LCAIN12837-2,2,RRC Re-establishment,RRC Reestablish Setup Success Rate(%),93.0966,82.42654999999999,82.83485833333334,3.676128505293382,24,Spike,3.0249669538084114,,high,enhancement,"robust z-score (MAD, threshold 3.0)",Medium,4week_rolling_avg,"KPI spike on last day: value=93.10 vs 24-day median=82.43 (z-score=+3.02, impact=enhancement, method=robust z-score (MAD, threshold 3.0))"
2026-05-18,LCAIN12889,LCAIN12889-2,2,RRC Re-establishment,RRC Reestablish Setup Success Rate(%),92.5359,94.83175,89.96051000000001,20.67492392520224,20,Spike,-3.15254399459349,,low,degradation,"robust z-score (MAD, threshold 3.0)",Medium,4week_rolling_avg,"KPI spike on last day: value=92.54 vs 24-day median=94.83 (z-score=-3.15, impact=degradation, method=robust z-score (MAD, threshold 3.0))"
2026-05-18,LCAIN12917,LCAIN12917-3,3,RRC Re-establishment,RRC Reestablish Setup Success Rate(%),81.1321,37.89895,43.251583333333336,16.878762339146462,24,Spike,3.0504383306552256,,high,enhancement,"robust z-score (MAD, threshold 3.0)",Medium,4week_rolling_avg,"KPI spike on last day: value=81.13 vs 24-day median=37.90 (z-score=+3.05, impact=enhancement, method=robust z-score (MAD, threshold 3.0))"
2026-05-18,LCAIN12919,LCAIN12919-6,6,RRC Re-establishment,RRC Reestablish Setup Success Rate(%),80.3681,86.53715,85.77482916666666,5.060756428595034,24,Spike,-3.0804865591331447,,low,degradation,"robust z-score (MAD, threshold 3.0)",Medium,4week_rolling_avg,"KPI spike on last day: value=80.37 vs 24-day median=86.54 (z-score=-3.08, impact=degradation, method=robust z-score (MAD, threshold 3.0))"
2026-05-18,LCAIN12921,LCAIN12921-6,6,RRC Re-establishment,RRC Reestablish Setup Success Rate(%),56.8627,81.91055,82.234975,6.648819643318279,24,Spike,-3.793926268457758,,low,degradation,"robust z-score (MAD, threshold 3.0)",Medium,4week_rolling_avg,"KPI spike on last day: value=56.86 vs 24-day median=81.91 (z-score=-3.79, impact=degradation, method=robust z-score (MAD, threshold 3.0))"
2026-05-18,LCAIN10022_Tagmoa1,LCAIN10022-1,1,RRC Setup SR,(TE) RRC Setup SR%,99.7454,99.8828,99.86241249999999,0.056552441094527124,24,Spike,-3.115127070658287,,low,degradation,"robust z-score (MAD, threshold 3.0)",Medium,4week_rolling_avg,"KPI spike on last day: value=99.75 vs 24-day median=99.88 (z-score=-3.12, impact=degradation, method=robust z-score (MAD, threshold 3.0))"
2026-05-18,LCAIN10029,LCAIN10029-2,2,RRC Setup SR,(TE) RRC Setup SR%,99.7805,99.96005,99.95199166666667,0.0478949711753632,24,Spike,-3.031409658673424,,low,degradation,"robust z-score (MAD, threshold 3.0)",Medium,4week_rolling_avg,"KPI spike on last day: value=99.78 vs 24-day median=99.96 (z-score=-3.03, impact=degradation, method=robust z-score (MAD, threshold 3.0))"
2026-05-18,LCAIN10112_03-2-12-46,LCAIN10112-7,7,RRC Setup SR,(TE) RRC Setup SR%,99.948,99.9912,99.98744782608694,0.010244781049508192,23,Spike,-3.3111364556157428,,low,degradation,"robust z-score (MAD, threshold 3.0)",Medium,4week_rolling_avg,"KPI spike on last day: value=99.95 vs 24-day median=99.99 (z-score=-3.31, impact=degradation, method=robust z-score (MAD, threshold 3.0))"
2026-05-18,LCAIN10129_Site_143,LCAIN10129-6,6,RRC Setup SR,(TE) RRC Setup SR%,99.9299,99.96615,99.96250416666665,0.01907051561893892,24,Spike,-3.543520294350369,,low,degradation,"robust z-score (MAD, threshold 3.0)",Medium,4week_rolling_avg,"KPI spike on last day: value=99.93 vs 24-day median=99.97 (z-score=-3.54, impact=degradation, method=robust z-score (MAD, threshold 3.0))"
2026-05-18,LCAIN10369,LCAIN10369-2,2,RRC Setup SR,(TE) RRC Setup SR%,99.5536,99.82939999999999,99.81700416666668,0.06826913943580672,24,Spike,-3.379192578812158,,low,degradation,"robust z-score (MAD, threshold 3.0)",Medium,4week_rolling_avg,"KPI spike on last day: value=99.55 vs 24-day median=99.83 (z-score=-3.38, impact=degradation, method=robust z-score (MAD, threshold 3.0))"
2026-05-18,LCAIN10369,LCAIN10369-7,7,RRC Setup SR,(TE) RRC Setup SR%,100.0,99.9413,99.93343750000001,0.022476057863500005,24,Spike,3.299383965106318,,high,enhancement,"robust z-score (MAD, threshold 3.0)",Medium,4week_rolling_avg,"KPI spike on last day: value=100.00 vs 24-day median=99.94 (z-score=+3.30, impact=enhancement, method=robust z-score (MAD, threshold 3.0))"
2026-05-18,LCAIN10370,LCAIN10370-3,3,RRC Setup SR,(TE) RRC Setup SR%,99.7024,100.0,99.94403684210526,0.09793565132552093,19,Spike,-3.038729982106644,,low,degradation,"robust z-score (std-fallback, threshold 3.0)",Medium,4week_rolling_avg,"KPI spike on last day: value=99.70 vs 24-day median=100.00 (z-score=-3.04, impact=degradation, method=robust z-score (std-fallback, threshold 3.0))"
2026-05-18,LCAIN10496,LCAIN10496-1,1,RRC Setup SR,(TE) RRC Setup SR%,99.8919,99.9656,99.95887916666668,0.025064632771540012,24,Spike,-3.3587816873944214,,low,degradation,"robust z-score (MAD, threshold 3.0)",Medium,4week_rolling_avg,"KPI spike on last day: value=99.89 vs 24-day median=99.97 (z-score=-3.36, impact=degradation, method=robust z-score (MAD, threshold 3.0))"
2026-05-18,LCAIN10498,LCAIN10498-7,7,RRC Setup SR,(TE) RRC Setup SR%,99.9286,99.9572,99.95889583333333,0.010316914879889026,24,Spike,-3.3548583862664416,,low,degradation,"robust z-score (MAD, threshold 3.0)",Medium,4week_rolling_avg,"KPI spike on last day: value=99.93 vs 24-day median=99.96 (z-score=-3.35, impact=degradation, method=robust z-score (MAD, threshold 3.0))"
2026-05-18,LCAIN10510,LCAIN10510-3,3,RRC Setup SR,(TE) RRC Setup SR%,99.652,99.9047,99.87530526315788,0.09396833998569822,19,Spike,-3.705300324342765,,low,degradation,"robust z-score (MAD, threshold 3.0)",Medium,4week_rolling_avg,"KPI spike on last day: value=99.65 vs 24-day median=99.90 (z-score=-3.71, impact=degradation, method=robust z-score (MAD, threshold 3.0))"
2026-05-18,LCAIN10987,LCAIN10987-6,6,RRC Setup SR,(TE) RRC Setup SR%,99.9365,99.98235,99.97475416666668,0.02286274223794994,24,Spike,-3.061920922970181,,low,degradation,"robust z-score (MAD, threshold 3.0)",Medium,4week_rolling_avg,"KPI spike on last day: value=99.94 vs 24-day median=99.98 (z-score=-3.06, impact=degradation, method=robust z-score (MAD, threshold 3.0))"
2026-05-18,LCAIN11489,LCAIN11489-6,6,RRC Setup SR,(TE) RRC Setup SR%,99.9132,99.9591,99.9573125,0.014168901171814607,24,Spike,-3.5790896947939137,,low,degradation,"robust z-score (MAD, threshold 3.0)",Medium,4week_rolling_avg,"KPI spike on last day: value=99.91 vs 24-day median=99.96 (z-score=-3.58, impact=degradation, method=robust z-score (MAD, threshold 3.0))"
2026-05-18,LCAIN11651,LCAIN11651-5,5,RRC Setup SR,(TE) RRC Setup SR%,99.8659,99.96215000000001,99.94235416666668,0.07290412070639304,24,Spike,-3.807609126080156,,low,degradation,"robust z-score (MAD, threshold 3.0)",Medium,4week_rolling_avg,"KPI spike on last day: value=99.87 vs 24-day median=99.96 (z-score=-3.81, impact=degradation, method=robust z-score (MAD, threshold 3.0))"
2026-05-18,LCAIN12008,LCAIN12008-3,3,RRC Setup SR,(TE) RRC Setup SR%,99.9022,99.98315,99.96273333333333,0.045955074680483106,24,Spike,-3.24035768425013,,low,degradation,"robust z-score (MAD, threshold 3.0)",Medium,4week_rolling_avg,"KPI spike on last day: value=99.90 vs 24-day median=99.98 (z-score=-3.24, impact=degradation, method=robust z-score (MAD, threshold 3.0))"
2026-05-18,LCAIN12012,LCAIN12012-7,7,RRC Setup SR,(TE) RRC Setup SR%,99.9176,99.98525000000001,99.96517083333333,0.04464742880956888,24,Spike,-3.093511856177997,,low,degradation,"robust z-score (MAD, threshold 3.0)",Medium,4week_rolling_avg,"KPI spike on last day: value=99.92 vs 24-day median=99.99 (z-score=-3.09, impact=degradation, method=robust z-score (MAD, threshold 3.0))"
2026-05-18,LCAIN12215,LCAIN12215-1,1,RRC Setup SR,(TE) RRC Setup SR%,99.9217,99.96809999999999,99.95542083333333,0.03482179608576944,24,Spike,-3.12963712397144,,low,degradation,"robust z-score (MAD, threshold 3.0)",Medium,4week_rolling_avg,"KPI spike on last day: value=99.92 vs 24-day median=99.97 (z-score=-3.13, impact=degradation, method=robust z-score (MAD, threshold 3.0))"
2026-05-18,LCAIN12262,LCAIN12262-1,1,RRC Setup SR,(TE) RRC Setup SR%,99.8035,99.96979999999999,99.89863333333334,0.12765016538266713,24,Spike,-3.714166003341851,,low,degradation,"robust z-score (MAD, threshold 3.0)",Medium,4week_rolling_avg,"KPI spike on last day: value=99.80 vs 24-day median=99.97 (z-score=-3.71, impact=degradation, method=robust z-score (MAD, threshold 3.0))"
2026-05-18,LCAIN12476,LCAIN12476-5,5,RRC Setup SR,(TE) RRC Setup SR%,99.9666,99.98465,99.98197916666668,0.0055223771426415,24,Spike,-3.5807524142814864,,low,degradation,"robust z-score (MAD, threshold 3.0)",Medium,4week_rolling_avg,"KPI spike on last day: value=99.97 vs 24-day median=99.98 (z-score=-3.58, impact=degradation, method=robust z-score (MAD, threshold 3.0))"
2026-05-18,LCAIN12841,LCAIN12841-5,5,RRC Setup SR,(TE) RRC Setup SR%,99.9323,99.98805,99.98444166666667,0.016586689358907655,24,Spike,-3.1466828318683016,,low,degradation,"robust z-score (MAD, threshold 3.0)",Medium,4week_rolling_avg,"KPI spike on last day: value=99.93 vs 24-day median=99.99 (z-score=-3.15, impact=degradation, method=robust z-score (MAD, threshold 3.0))"
2026-05-18,LCAIN12864,LCAIN12864-7,7,RRC Setup SR,(TE) RRC Setup SR%,99.9057,99.96435,99.96002727272729,0.023813788630237868,22,Spike,-3.216169353115007,,low,degradation,"robust z-score (MAD, threshold 3.0)",Medium,4week_rolling_avg,"KPI spike on last day: value=99.91 vs 24-day median=99.96 (z-score=-3.22, impact=degradation, method=robust z-score (MAD, threshold 3.0))"
2026-05-18,LCAIN12899,LCAIN12899-3,3,RRC Setup SR,(TE) RRC Setup SR%,99.8128,99.89429999999999,99.86379999999998,0.08367446344813528,24,Spike,-3.5811724363057302,,low,degradation,"robust z-score (MAD, threshold 3.0)",Medium,4week_rolling_avg,"KPI spike on last day: value=99.81 vs 24-day median=99.89 (z-score=-3.58, impact=degradation, method=robust z-score (MAD, threshold 3.0))"
2026-05-18,LCAIN12917,LCAIN12917-6,6,RRC Setup SR,(TE) RRC Setup SR%,99.9435,100.0,99.98929166666666,0.01502320196303867,24,Spike,-3.760849394090938,,low,degradation,"robust z-score (std-fallback, threshold 3.0)",Medium,4week_rolling_avg,"KPI spike on last day: value=99.94 vs 24-day median=100.00 (z-score=-3.76, impact=degradation, method=robust z-score (std-fallback, threshold 3.0))"
2026-05-18,LCAIN16565,LCAIN16565-3,3,RRC Setup SR,(TE) RRC Setup SR%,98.8382,99.7576,99.60643478260867,0.35390358255701837,23,Spike,-3.8279432361898484,,low,degradation,"robust z-score (MAD, threshold 3.0)",Medium,4week_rolling_avg,"KPI spike on last day: value=98.84 vs 24-day median=99.76 (z-score=-3.83, impact=degradation, method=robust z-score (MAD, threshold 3.0))"
2026-05-18,LCAIN16565,LCAIN16565-7,7,RRC Setup SR,(TE) RRC Setup SR%,99.9084,99.9619,99.9596,0.020485137772667507,23,Spike,-3.5377701600006177,,low,degradation,"robust z-score (MAD, threshold 3.0)",Medium,4week_rolling_avg,"KPI spike on last day: value=99.91 vs 24-day median=99.96 (z-score=-3.54, impact=degradation, method=robust z-score (MAD, threshold 3.0))"
2026-05-18,LCAIN10022_Tagmoa1,LCAIN10022-5,5,UL Throughput,(HU) User UL Average Throughput (Mbps),3.7794,2.74125,2.9075875,0.4686210456510498,24,Spike,3.099015631558432,,high,enhancement,"robust z-score (MAD, threshold 3.0)",Medium,4week_rolling_avg,"KPI spike on last day: value=3.78 vs 24-day median=2.74 (z-score=+3.10, impact=enhancement, method=robust z-score (MAD, threshold 3.0))"
2026-05-18,LCAIN10104_Site_149,LCAIN10104-3,3,UL Throughput,(HU) User UL Average Throughput (Mbps),6.2146,4.627549999999999,4.363216666666666,0.8620960008735814,24,Spike,3.4447322922842445,,high,enhancement,"robust z-score (MAD, threshold 3.0)",Medium,4week_rolling_avg,"KPI spike on last day: value=6.21 vs 24-day median=4.63 (z-score=+3.44, impact=enhancement, method=robust z-score (MAD, threshold 3.0))"
2026-05-18,LCAIN10119,LCAIN10119-3,3,UL Throughput,(HU) User UL Average Throughput (Mbps),6.7906,3.3047500000000003,3.331891666666667,0.9080206306928763,24,Spike,3.282845034796828,,high,enhancement,"robust z-score (MAD, threshold 3.0)",Medium,4week_rolling_avg,"KPI spike on last day: value=6.79 vs 24-day median=3.30 (z-score=+3.28, impact=enhancement, method=robust z-score (MAD, threshold 3.0))"
2026-05-18,LCAIN10121_Site_137,LCAIN10121-2,2,UL Throughput,(HU) User UL Average Throughput (Mbps),7.8233,3.7195,4.020995833333333,1.0480042960627463,24,Spike,3.428469906162199,,high,enhancement,"robust z-score (MAD, threshold 3.0)",Medium,4week_rolling_avg,"KPI spike on last day: value=7.82 vs 24-day median=3.72 (z-score=+3.43, impact=enhancement, method=robust z-score (MAD, threshold 3.0))"
2026-05-18,LCAIN10369,LCAIN10369-3,3,UL Throughput,(HU) User UL Average Throughput (Mbps),5.8354,3.1493,3.2566249999999997,0.7923415032095272,24,Spike,3.6018879304772997,,high,enhancement,"robust z-score (MAD, threshold 3.0)",Medium,4week_rolling_avg,"KPI spike on last day: value=5.84 vs 24-day median=3.15 (z-score=+3.60, impact=enhancement, method=robust z-score (MAD, threshold 3.0))"
2026-05-18,LCAIN10369,LCAIN10369-7,7,UL Throughput,(HU) User UL Average Throughput (Mbps),2.8988,1.93255,1.9832791666666667,0.250863483756881,24,Spike,3.5516441217670853,,high,enhancement,"robust z-score (MAD, threshold 3.0)",Medium,4week_rolling_avg,"KPI spike on last day: value=2.90 vs 24-day median=1.93 (z-score=+3.55, impact=enhancement, method=robust z-score (MAD, threshold 3.0))"
2026-05-18,LCAIN10458,LCAIN10458-1,1,UL Throughput,(HU) User UL Average Throughput (Mbps),3.6527,2.7052,2.665691666666667,0.26090817177164505,24,Spike,3.98180681996308,,high,enhancement,"robust z-score (MAD, threshold 3.0)",Medium,4week_rolling_avg,"KPI spike on last day: value=3.65 vs 24-day median=2.71 (z-score=+3.98, impact=enhancement, method=robust z-score (MAD, threshold 3.0))"
2026-05-18,LCAIN10499,LCAIN10499-1,1,UL Throughput,(HU) User UL Average Throughput (Mbps),7.0653,3.9350500000000004,4.4482083333333335,2.3645532657559696,24,Spike,3.7963223947704985,,high,enhancement,"robust z-score (MAD, threshold 3.0)",Medium,4week_rolling_avg,"KPI spike on last day: value=7.07 vs 24-day median=3.94 (z-score=+3.80, impact=enhancement, method=robust z-score (MAD, threshold 3.0))"
2026-05-18,LCAIN10510,LCAIN10510-3,3,UL Throughput,(HU) User UL Average Throughput (Mbps),7.6796,4.7594,5.0016,1.3533882225927014,19,Spike,3.6447962913093135,,high,enhancement,"robust z-score (MAD, threshold 3.0)",Medium,4week_rolling_avg,"KPI spike on last day: value=7.68 vs 24-day median=4.76 (z-score=+3.64, impact=enhancement, method=robust z-score (MAD, threshold 3.0))"
2026-05-18,LCAIN10581,LCAIN10581-6,6,UL Throughput,(HU) User UL Average Throughput (Mbps),6.5567,3.60955,3.8873833333333336,0.8186336673927409,24,Spike,3.66994450621517,,high,enhancement,"robust z-score (MAD, threshold 3.0)",Medium,4week_rolling_avg,"KPI spike on last day: value=6.56 vs 24-day median=3.61 (z-score=+3.67, impact=enhancement, method=robust z-score (MAD, threshold 3.0))"
2026-05-18,LCAIN10734,LCAIN10734-5,5,UL Throughput,(HU) User UL Average Throughput (Mbps),6.0771,4.364850000000001,4.842520833333333,1.2782865689987668,24,Spike,3.6118742858914765,,high,enhancement,"robust z-score (MAD, threshold 3.0)",Medium,4week_rolling_avg,"KPI spike on last day: value=6.08 vs 24-day median=4.36 (z-score=+3.61, impact=enhancement, method=robust z-score (MAD, threshold 3.0))"
2026-05-18,LCAIN10753,LCAIN10753-5,5,UL Throughput,(HU) User UL Average Throughput (Mbps),8.0913,3.1044,3.2616750000000003,1.1057361621147848,24,Spike,3.4943049744793613,,high,enhancement,"robust z-score (MAD, threshold 3.0)",Medium,4week_rolling_avg,"KPI spike on last day: value=8.09 vs 24-day median=3.10 (z-score=+3.49, impact=enhancement, method=robust z-score (MAD, threshold 3.0))"
2026-05-18,LCAIN10754,LCAIN10754-6,6,UL Throughput,(HU) User UL Average Throughput (Mbps),5.4102,3.19175,3.5522958333333334,1.346051994872154,24,Spike,3.6278919271689962,,high,enhancement,"robust z-score (MAD, threshold 3.0)",Medium,4week_rolling_avg,"KPI spike on last day: value=5.41 vs 24-day median=3.19 (z-score=+3.63, impact=enhancement, method=robust z-score (MAD, threshold 3.0))"
2026-05-18,LCAIN10754,LCAIN10754-7,7,UL Throughput,(HU) User UL Average Throughput (Mbps),7.6765,4.78735,4.980383333333333,1.0418891906318808,24,Spike,3.20036948224964,,high,enhancement,"robust z-score (MAD, threshold 3.0)",Medium,4week_rolling_avg,"KPI spike on last day: value=7.68 vs 24-day median=4.79 (z-score=+3.20, impact=enhancement, method=robust z-score (MAD, threshold 3.0))"
2026-05-18,LCAIN10760,LCAIN10760-3,3,UL Throughput,(HU) User UL Average Throughput (Mbps),4.0202,2.51795,2.9452374999999997,1.1337862400722118,24,Spike,3.6161803833822814,,high,enhancement,"robust z-score (MAD, threshold 3.0)",Medium,4week_rolling_avg,"KPI spike on last day: value=4.02 vs 24-day median=2.52 (z-score=+3.62, impact=enhancement, method=robust z-score (MAD, threshold 3.0))"
2026-05-18,LCAIN10855,LCAIN10855-3,3,UL Throughput,(HU) User UL Average Throughput (Mbps),6.2403,2.8114,2.8006272727272727,1.2448026167673103,22,Spike,3.7408190297926356,,high,enhancement,"robust z-score (MAD, threshold 3.0)",Medium,4week_rolling_avg,"KPI spike on last day: value=6.24 vs 24-day median=2.81 (z-score=+3.74, impact=enhancement, method=robust z-score (MAD, threshold 3.0))"
2026-05-18,LCAIN10970,LCAIN10970-3,3,UL Throughput,(HU) User UL Average Throughput (Mbps),10.549,4.53795,5.256279166666666,2.395006656563326,24,Spike,3.5940055666623416,,high,enhancement,"robust z-score (MAD, threshold 3.0)",Medium,4week_rolling_avg,"KPI spike on last day: value=10.55 vs 24-day median=4.54 (z-score=+3.59, impact=enhancement, method=robust z-score (MAD, threshold 3.0))"
2026-05-18,LCAIN11493,LCAIN11493-6,6,UL Throughput,(HU) User UL Average Throughput (Mbps),8.5631,3.95085,4.6358125,1.7754589278344581,24,Spike,3.112476243517685,,high,enhancement,"robust z-score (MAD, threshold 3.0)",Medium,4week_rolling_avg,"KPI spike on last day: value=8.56 vs 24-day median=3.95 (z-score=+3.11, impact=enhancement, method=robust z-score (MAD, threshold 3.0))"
2026-05-18,LCAIN12215,LCAIN12215-1,1,UL Throughput,(HU) User UL Average Throughput (Mbps),5.6476,3.8331,4.265554166666667,1.4408201894462656,24,Spike,3.830558632457845,,high,enhancement,"robust z-score (MAD, threshold 3.0)",Medium,4week_rolling_avg,"KPI spike on last day: value=5.65 vs 24-day median=3.83 (z-score=+3.83, impact=enhancement, method=robust z-score (MAD, threshold 3.0))"
2026-05-18,LCAIN12250,LCAIN12250-5,5,UL Throughput,(HU) User UL Average Throughput (Mbps),6.8362,4.3088,4.410045833333333,0.8899533269499618,24,Spike,3.2004279461206195,,high,enhancement,"robust z-score (MAD, threshold 3.0)",Medium,4week_rolling_avg,"KPI spike on last day: value=6.84 vs 24-day median=4.31 (z-score=+3.20, impact=enhancement, method=robust z-score (MAD, threshold 3.0))"
2026-05-18,LCAIN12255,LCAIN12255-1,1,UL Throughput,(HU) User UL Average Throughput (Mbps),6.0647,3.4821999999999997,3.540270833333334,0.5045091983627642,24,Spike,3.8169658953616903,,high,enhancement,"robust z-score (MAD, threshold 3.0)",Medium,4week_rolling_avg,"KPI spike on last day: value=6.06 vs 24-day median=3.48 (z-score=+3.82, impact=enhancement, method=robust z-score (MAD, threshold 3.0))"
2026-05-18,LCAIN12265,LCAIN12265-3,3,UL Throughput,(HU) User UL Average Throughput (Mbps),4.968,3.3281,3.634757894736842,0.6647605950667222,19,Spike,3.5125353968423876,,high,enhancement,"robust z-score (MAD, threshold 3.0)",Medium,4week_rolling_avg,"KPI spike on last day: value=4.97 vs 24-day median=3.33 (z-score=+3.51, impact=enhancement, method=robust z-score (MAD, threshold 3.0))"
2026-05-18,LCAIN12371,LCAIN12371-1,1,UL Throughput,(HU) User UL Average Throughput (Mbps),4.5328,2.9218,2.8703782608695656,0.5264676520526641,23,Spike,3.4605242468687725,,high,enhancement,"robust z-score (MAD, threshold 3.0)",Medium,4week_rolling_avg,"KPI spike on last day: value=4.53 vs 24-day median=2.92 (z-score=+3.46, impact=enhancement, method=robust z-score (MAD, threshold 3.0))"
2026-05-18,LCAIN12508,LCAIN12508-1,1,UL Throughput,(HU) User UL Average Throughput (Mbps),7.1492,3.7157999999999998,4.421279166666667,2.1565795759680744,24,Spike,3.1623604719199006,,high,enhancement,"robust z-score (MAD, threshold 3.0)",Medium,4week_rolling_avg,"KPI spike on last day: value=7.15 vs 24-day median=3.72 (z-score=+3.16, impact=enhancement, method=robust z-score (MAD, threshold 3.0))"
2026-05-18,LCAIN12691,LCAIN12691-7,7,UL Throughput,(HU) User UL Average Throughput (Mbps),5.9124,3.40085,3.6141727272727278,1.4101778676277357,22,Spike,3.431268517244163,,high,enhancement,"robust z-score (MAD, threshold 3.0)",Medium,4week_rolling_avg,"KPI spike on last day: value=5.91 vs 24-day median=3.40 (z-score=+3.43, impact=enhancement, method=robust z-score (MAD, threshold 3.0))"
2026-05-18,LCAIN12840,LCAIN12840-1,1,UL Throughput,(HU) User UL Average Throughput (Mbps),3.4425,2.0744,2.0744,,1,Spike,,65.95160046278443,high,enhancement,"%change (1-week, threshold 50.0%)",Medium,4week_rolling_avg,"KPI spike on last day: value=3.44 vs historical value=2.07 (change=+66.0%, impact=enhancement, method=%change (1-week, threshold 50.0%))"
2026-05-18,LCAIN12868,LCAIN12868-5,5,UL Throughput,(HU) User UL Average Throughput (Mbps),5.7877,4.11845,4.460958333333333,1.2875610755470552,24,Spike,3.2906435781274492,,high,enhancement,"robust z-score (MAD, threshold 3.0)",Medium,4week_rolling_avg,"KPI spike on last day: value=5.79 vs 24-day median=4.12 (z-score=+3.29, impact=enhancement, method=robust z-score (MAD, threshold 3.0))"
2026-05-18,LCAIN12900,LCAIN12900-3,3,UL Throughput,(HU) User UL Average Throughput (Mbps),5.6622,2.6273,2.7548583333333334,0.9608216487797769,24,Spike,3.750480040189664,,high,enhancement,"robust z-score (MAD, threshold 3.0)",Medium,4week_rolling_avg,"KPI spike on last day: value=5.66 vs 24-day median=2.63 (z-score=+3.75, impact=enhancement, method=robust z-score (MAD, threshold 3.0))"
2026-05-18,LCAIN12901,LCAIN12901-1,1,UL Throughput,(HU) User UL Average Throughput (Mbps),4.6602,3.37155,3.946016666666667,2.3180570095927804,24,Spike,3.711283164814322,,high,enhancement,"robust z-score (MAD, threshold 3.0)",Medium,4week_rolling_avg,"KPI spike on last day: value=4.66 vs 24-day median=3.37 (z-score=+3.71, impact=enhancement, method=robust z-score (MAD, threshold 3.0))"
2026-05-18,LCAIN13987,LCAIN13987-7,7,UL Throughput,(HU) User UL Average Throughput (Mbps),3.3781,2.2388500000000002,2.5096625,0.760322114749455,24,Spike,3.9588541871906804,,high,enhancement,"robust z-score (MAD, threshold 3.0)",Medium,4week_rolling_avg,"KPI spike on last day: value=3.38 vs 24-day median=2.24 (z-score=+3.96, impact=enhancement, method=robust z-score (MAD, threshold 3.0))"
2026-05-18,LCAIN13992,LCAIN13992-3,3,UL Throughput,(HU) User UL Average Throughput (Mbps),4.4819,2.02475,2.4036958333333334,1.0742377454421526,24,Spike,3.3262919611598925,,high,enhancement,"robust z-score (MAD, threshold 3.0)",Medium,4week_rolling_avg,"KPI spike on last day: value=4.48 vs 24-day median=2.02 (z-score=+3.33, impact=enhancement, method=robust z-score (MAD, threshold 3.0))"
2026-05-18,LCAIN10021_Site_135,LCAIN10021-5,5,UL Traffic,(HU) UL Traffic Volume (GBytes),10.6358,6.401,6.7114,1.27287091450783,24,Spike,3.829635272818242,,high,enhancement,"robust z-score (MAD, threshold 3.0)",Medium,4week_rolling_avg,"KPI spike on last day: value=10.64 vs 24-day median=6.40 (z-score=+3.83, impact=enhancement, method=robust z-score (MAD, threshold 3.0))"
2026-05-18,LCAIN10108_Site_133,LCAIN10108-2,2,UL Traffic,(HU) UL Traffic Volume (GBytes),2.4062,1.06855,1.2381250000000001,0.6097248957863428,24,Spike,3.9983716570523717,,high,enhancement,"robust z-score (MAD, threshold 3.0)",Medium,4week_rolling_avg,"KPI spike on last day: value=2.41 vs 24-day median=1.07 (z-score=+4.00, impact=enhancement, method=robust z-score (MAD, threshold 3.0))"
2026-05-18,LCAIN10110,LCAIN10110-7,7,UL Traffic,(HU) UL Traffic Volume (GBytes),1.1048,0.49770000000000003,0.6250666666666667,0.36993461321638393,24,Spike,3.4323834038410803,,high,enhancement,"robust z-score (MAD, threshold 3.0)",Medium,4week_rolling_avg,"KPI spike on last day: value=1.10 vs 24-day median=0.50 (z-score=+3.43, impact=enhancement, method=robust z-score (MAD, threshold 3.0))"
2026-05-18,LCAIN10116,LCAIN10116-2,2,UL Traffic,(HU) UL Traffic Volume (GBytes),22.9391,7.8386499999999995,9.4915125,5.526979606915554,24,Spike,3.6067544845562356,,high,enhancement,"robust z-score (MAD, threshold 3.0)",Medium,4week_rolling_avg,"KPI spike on last day: value=22.94 vs 24-day median=7.84 (z-score=+3.61, impact=enhancement, method=robust z-score (MAD, threshold 3.0))"
2026-05-18,LCAIN10119,LCAIN10119-3,3,UL Traffic,(HU) UL Traffic Volume (GBytes),5.133,2.25895,2.3725958333333335,0.949058996005678,24,Spike,3.0568795510111304,,high,enhancement,"robust z-score (MAD, threshold 3.0)",Medium,4week_rolling_avg,"KPI spike on last day: value=5.13 vs 24-day median=2.26 (z-score=+3.06, impact=enhancement, method=robust z-score (MAD, threshold 3.0))"
2026-05-18,LCAIN10129_Site_143,LCAIN10129-3,3,UL Traffic,(HU) UL Traffic Volume (GBytes),2.4235,1.5244,1.5774416666666664,0.3843377149034716,24,Spike,3.291368476772902,,high,enhancement,"robust z-score (MAD, threshold 3.0)",Medium,4week_rolling_avg,"KPI spike on last day: value=2.42 vs 24-day median=1.52 (z-score=+3.29, impact=enhancement, method=robust z-score (MAD, threshold 3.0))"
2026-05-18,LCAIN10446,LCAIN10446-7,7,UL Traffic,(HU) UL Traffic Volume (GBytes),16.6668,11.6585,11.982029166666669,1.7043315225426767,24,Spike,3.183387900566962,,high,enhancement,"robust z-score (MAD, threshold 3.0)",Medium,4week_rolling_avg,"KPI spike on last day: value=16.67 vs 24-day median=11.66 (z-score=+3.18, impact=enhancement, method=robust z-score (MAD, threshold 3.0))"
2026-05-18,LCAIN10494,LCAIN10494-1,1,UL Traffic,(HU) UL Traffic Volume (GBytes),11.606,3.3221499999999997,4.758008333333333,3.7432882733541315,24,Spike,3.6725254882938048,,high,enhancement,"robust z-score (MAD, threshold 3.0)",Medium,4week_rolling_avg,"KPI spike on last day: value=11.61 vs 24-day median=3.32 (z-score=+3.67, impact=enhancement, method=robust z-score (MAD, threshold 3.0))"
2026-05-18,LCAIN10499,LCAIN10499-6,6,UL Traffic,(HU) UL Traffic Volume (GBytes),25.8549,8.2656,7.8668708333333335,3.80166800469206,24,Spike,3.838368188576502,,high,enhancement,"robust z-score (MAD, threshold 3.0)",Medium,4week_rolling_avg,"KPI spike on last day: value=25.85 vs 24-day median=8.27 (z-score=+3.84, impact=enhancement, method=robust z-score (MAD, threshold 3.0))"
2026-05-18,LCAIN10509,LCAIN10509-5,5,UL Traffic,(HU) UL Traffic Volume (GBytes),5.1032,2.74055,3.5678875,3.941779496973469,24,Spike,3.6520811112120515,,high,enhancement,"robust z-score (MAD, threshold 3.0)",Medium,4week_rolling_avg,"KPI spike on last day: value=5.10 vs 24-day median=2.74 (z-score=+3.65, impact=enhancement, method=robust z-score (MAD, threshold 3.0))"
2026-05-18,LCAIN10510,LCAIN10510-2,2,UL Traffic,(HU) UL Traffic Volume (GBytes),7.8912,2.9001,3.2180850000000008,2.4887772908147086,20,Spike,3.4090641312644405,,high,enhancement,"robust z-score (MAD, threshold 3.0)",Medium,4week_rolling_avg,"KPI spike on last day: value=7.89 vs 24-day median=2.90 (z-score=+3.41, impact=enhancement, method=robust z-score (MAD, threshold 3.0))"
2026-05-18,LCAIN10514,LCAIN10514-7,7,UL Traffic,(HU) UL Traffic Volume (GBytes),0.2242,0.08945,0.12047083333333335,0.07318867443786793,24,Spike,3.2002686563194094,,high,enhancement,"robust z-score (MAD, threshold 3.0)",Medium,4week_rolling_avg,"KPI spike on last day: value=0.22 vs 24-day median=0.09 (z-score=+3.20, impact=enhancement, method=robust z-score (MAD, threshold 3.0))"
2026-05-18,LCAIN10545_Cow -Tagamo5,LCAIN10545-5,5,UL Traffic,(HU) UL Traffic Volume (GBytes),0.5514,1.8598,1.81134,0.48624097839103053,15,Spike,-3.4285303407116423,,low,degradation,"robust z-score (MAD, threshold 3.0)",Medium,4week_rolling_avg,"KPI spike on last day: value=0.55 vs 24-day median=1.86 (z-score=-3.43, impact=degradation, method=robust z-score (MAD, threshold 3.0))"
2026-05-18,LCAIN10586,LCAIN10586-5,5,UL Traffic,(HU) UL Traffic Volume (GBytes),6.3384,3.84665,3.9477875,1.2002623072036172,24,Spike,3.0778543172343307,,high,enhancement,"robust z-score (MAD, threshold 3.0)",Medium,4week_rolling_avg,"KPI spike on last day: value=6.34 vs 24-day median=3.85 (z-score=+3.08, impact=enhancement, method=robust z-score (MAD, threshold 3.0))"
2026-05-18,LCAIN10588,LCAIN10588-2,2,UL Traffic,(HU) UL Traffic Volume (GBytes),0.0,0.19979999999999998,0.28043749999999995,0.28487246095475194,24,Zero,,-100.0,zero,degradation,Zero Detection,Medium,4week_rolling_avg,"KPI dropped to 0 on last day (24-day historical median: 0.20, 14/24 days were non-zero in 24-day lookback)"
2026-05-18,LCAIN10691,LCAIN10691-2,2,UL Traffic,(HU) UL Traffic Volume (GBytes),1.8557,0.6543,0.7589750000000001,0.5669448292162121,24,Spike,3.1178653267994667,,high,enhancement,"robust z-score (MAD, threshold 3.0)",Medium,4week_rolling_avg,"KPI spike on last day: value=1.86 vs 24-day median=0.65 (z-score=+3.12, impact=enhancement, method=robust z-score (MAD, threshold 3.0))"
2026-05-18,LCAIN10734,LCAIN10734-1,1,UL Traffic,(HU) UL Traffic Volume (GBytes),0.3391,0.11445,0.2821458333333334,0.3447727161710628,24,Spike,3.0365601025334095,,high,enhancement,"robust z-score (MAD, threshold 3.0)",Medium,4week_rolling_avg,"KPI spike on last day: value=0.34 vs 24-day median=0.11 (z-score=+3.04, impact=enhancement, method=robust z-score (MAD, threshold 3.0))"
2026-05-18,LCAIN10760,LCAIN10760-2,2,UL Traffic,(HU) UL Traffic Volume (GBytes),0.9098,0.42845,0.4518083333333333,0.14529904483703793,24,Spike,3.7147154127466715,,high,enhancement,"robust z-score (MAD, threshold 3.0)",Medium,4week_rolling_avg,"KPI spike on last day: value=0.91 vs 24-day median=0.43 (z-score=+3.71, impact=enhancement, method=robust z-score (MAD, threshold 3.0))"
2026-05-18,LCAIN10764,LCAIN10764-6,6,UL Traffic,(HU) UL Traffic Volume (GBytes),3.2985,1.6244,2.6638800000000002,2.8238342601151363,20,Spike,3.503459449083984,,high,enhancement,"robust z-score (MAD, threshold 3.0)",Medium,4week_rolling_avg,"KPI spike on last day: value=3.30 vs 24-day median=1.62 (z-score=+3.50, impact=enhancement, method=robust z-score (MAD, threshold 3.0))"
2026-05-18,LCAIN10806,LCAIN10806-6,6,UL Traffic,(HU) UL Traffic Volume (GBytes),13.7364,7.0476,7.7764291666666665,3.442523665069853,24,Spike,3.393151167258611,,high,enhancement,"robust z-score (MAD, threshold 3.0)",Medium,4week_rolling_avg,"KPI spike on last day: value=13.74 vs 24-day median=7.05 (z-score=+3.39, impact=enhancement, method=robust z-score (MAD, threshold 3.0))"
2026-05-18,LCAIN10827,LCAIN10827-3,3,UL Traffic,(HU) UL Traffic Volume (GBytes),13.0775,7.27735,7.642754166666667,1.748584124365379,24,Spike,3.1018018462463233,,high,enhancement,"robust z-score (MAD, threshold 3.0)",Medium,4week_rolling_avg,"KPI spike on last day: value=13.08 vs 24-day median=7.28 (z-score=+3.10, impact=enhancement, method=robust z-score (MAD, threshold 3.0))"
2026-05-18,LCAIN10855,LCAIN10855-2,2,UL Traffic,(HU) UL Traffic Volume (GBytes),2.0598,0.7095,0.9715,0.7957584495310119,22,Spike,3.27908144922141,,high,enhancement,"robust z-score (MAD, threshold 3.0)",Medium,4week_rolling_avg,"KPI spike on last day: value=2.06 vs 24-day median=0.71 (z-score=+3.28, impact=enhancement, method=robust z-score (MAD, threshold 3.0))"
2026-05-18,LCAIN10970,LCAIN10970-3,3,UL Traffic,(HU) UL Traffic Volume (GBytes),28.5146,8.14375,8.442466666666666,6.445674463717682,24,Spike,3.581843088551564,,high,enhancement,"robust z-score (MAD, threshold 3.0)",Medium,4week_rolling_avg,"KPI spike on last day: value=28.51 vs 24-day median=8.14 (z-score=+3.58, impact=enhancement, method=robust z-score (MAD, threshold 3.0))"
2026-05-18,LCAIN11827,LCAIN11827-7,7,UL Traffic,(HU) UL Traffic Volume (GBytes),13.613,6.94335,7.279745833333334,3.7633236794952016,24,Spike,3.3168305639925317,,high,enhancement,"robust z-score (MAD, threshold 3.0)",Medium,4week_rolling_avg,"KPI spike on last day: value=13.61 vs 24-day median=6.94 (z-score=+3.32, impact=enhancement, method=robust z-score (MAD, threshold 3.0))"
2026-05-18,LCAIN11837,LCAIN11837-6,6,UL Traffic,(HU) UL Traffic Volume (GBytes),0.5367,1.97065,2.0989999999999998,0.561667554400881,24,Spike,-3.845670077739419,,low,degradation,"robust z-score (MAD, threshold 3.0)",Medium,4week_rolling_avg,"KPI spike on last day: value=0.54 vs 24-day median=1.97 (z-score=-3.85, impact=degradation, method=robust z-score (MAD, threshold 3.0))"
2026-05-18,LCAIN11837,LCAIN11837-7,7,UL Traffic,(HU) UL Traffic Volume (GBytes),2.3554,4.34605,4.5888124999999995,1.0911197552333183,24,Spike,-3.0504942186801864,,low,degradation,"robust z-score (MAD, threshold 3.0)",Medium,4week_rolling_avg,"KPI spike on last day: value=2.36 vs 24-day median=4.35 (z-score=-3.05, impact=degradation, method=robust z-score (MAD, threshold 3.0))"
2026-05-18,LCAIN11838,LCAIN11838-3,3,UL Traffic,(HU) UL Traffic Volume (GBytes),4.5112,1.30985,1.8874166666666667,1.6924746208502575,24,Spike,3.034829223964017,,high,enhancement,"robust z-score (MAD, threshold 3.0)",Medium,4week_rolling_avg,"KPI spike on last day: value=4.51 vs 24-day median=1.31 (z-score=+3.03, impact=enhancement, method=robust z-score (MAD, threshold 3.0))"
2026-05-18,LCAIN12226,LCAIN12226-5,5,UL Traffic,(HU) UL Traffic Volume (GBytes),2.0884,1.01,1.1459583333333334,0.49772969648584253,24,Spike,3.0187625441774655,,high,enhancement,"robust z-score (MAD, threshold 3.0)",Medium,4week_rolling_avg,"KPI spike on last day: value=2.09 vs 24-day median=1.01 (z-score=+3.02, impact=enhancement, method=robust z-score (MAD, threshold 3.0))"
2026-05-18,LCAIN12398,LCAIN12398-1,1,UL Traffic,(HU) UL Traffic Volume (GBytes),12.2563,5.856999999999999,5.733175,1.8682395934519926,24,Spike,3.7180366242730436,,high,enhancement,"robust z-score (MAD, threshold 3.0)",Medium,4week_rolling_avg,"KPI spike on last day: value=12.26 vs 24-day median=5.86 (z-score=+3.72, impact=enhancement, method=robust z-score (MAD, threshold 3.0))"
2026-05-18,LCAIN12461,LCAIN12461-5,5,UL Traffic,(HU) UL Traffic Volume (GBytes),3.3043,1.1662,1.6390999999999998,1.1657349445176484,23,Spike,3.7206622622211265,,high,enhancement,"robust z-score (MAD, threshold 3.0)",Medium,4week_rolling_avg,"KPI spike on last day: value=3.30 vs 24-day median=1.17 (z-score=+3.72, impact=enhancement, method=robust z-score (MAD, threshold 3.0))"
2026-05-18,LCAIN12799,LCAIN12799-1,1,UL Traffic,(HU) UL Traffic Volume (GBytes),2.1284,0.53685,1.198925,1.3382501713213664,24,Spike,3.9633958583901605,,high,enhancement,"robust z-score (MAD, threshold 3.0)",Medium,4week_rolling_avg,"KPI spike on last day: value=2.13 vs 24-day median=0.54 (z-score=+3.96, impact=enhancement, method=robust z-score (MAD, threshold 3.0))"
2026-05-18,LCAIN12837,LCAIN12837-7,7,UL Traffic,(HU) UL Traffic Volume (GBytes),0.7226,0.26305,0.34251666666666664,0.4129278071151044,24,Spike,3.056826711217646,,high,enhancement,"robust z-score (MAD, threshold 3.0)",Medium,4week_rolling_avg,"KPI spike on last day: value=0.72 vs 24-day median=0.26 (z-score=+3.06, impact=enhancement, method=robust z-score (MAD, threshold 3.0))"
2026-05-18,LCAIN12862,LCAIN12862-6,6,UL Traffic,(HU) UL Traffic Volume (GBytes),8.0443,4.10755,4.439783333333334,1.780594017143967,24,Spike,3.748308155518756,,high,enhancement,"robust z-score (MAD, threshold 3.0)",Medium,4week_rolling_avg,"KPI spike on last day: value=8.04 vs 24-day median=4.11 (z-score=+3.75, impact=enhancement, method=robust z-score (MAD, threshold 3.0))"
2026-05-18,LCAIN12891,LCAIN12891-6,6,UL Traffic,(HU) UL Traffic Volume (GBytes),5.798,2.50195,2.7420333333333335,1.3253679616955016,24,Spike,3.575354242156371,,high,enhancement,"robust z-score (MAD, threshold 3.0)",Medium,4week_rolling_avg,"KPI spike on last day: value=5.80 vs 24-day median=2.50 (z-score=+3.58, impact=enhancement, method=robust z-score (MAD, threshold 3.0))"
2026-05-18,LCAIN12920,LCAIN12920-1,1,UL Traffic,(HU) UL Traffic Volume (GBytes),6.059,2.61335,2.9423666666666666,1.3610411981477841,24,Spike,3.7731294510764357,,high,enhancement,"robust z-score (MAD, threshold 3.0)",Medium,4week_rolling_avg,"KPI spike on last day: value=6.06 vs 24-day median=2.61 (z-score=+3.77, impact=enhancement, method=robust z-score (MAD, threshold 3.0))"
2026-05-18,LCAIN13986,LCAIN13986-1,1,UL Traffic,(HU) UL Traffic Volume (GBytes),22.8892,10.251449999999998,11.416070833333334,4.235166860593095,24,Spike,3.76720095265627,,high,enhancement,"robust z-score (MAD, threshold 3.0)",Medium,4week_rolling_avg,"KPI spike on last day: value=22.89 vs 24-day median=10.25 (z-score=+3.77, impact=enhancement, method=robust z-score (MAD, threshold 3.0))"
2026-05-18,LCAIN14374,LCAIN14374-5,5,UL Traffic,(HU) UL Traffic Volume (GBytes),13.8657,4.73405,4.09545625,2.6562874272583787,16,Spike,3.1613270768231025,,high,enhancement,"robust z-score (MAD, threshold 3.0)",Medium,4week_rolling_avg,"KPI spike on last day: value=13.87 vs 24-day median=4.73 (z-score=+3.16, impact=enhancement, method=robust z-score (MAD, threshold 3.0))"
2026-05-18,LCAIN15444,LCAIN15444-1,1,UL Traffic,(HU) UL Traffic Volume (GBytes),12.5861,3.44625,3.8537041666666667,2.112115260917194,24,Spike,3.6892545589480292,,high,enhancement,"robust z-score (MAD, threshold 3.0)",Medium,4week_rolling_avg,"KPI spike on last day: value=12.59 vs 24-day median=3.45 (z-score=+3.69, impact=enhancement, method=robust z-score (MAD, threshold 3.0))"
2026-05-18,LCAIN15458,LCAIN15458-7,7,UL Traffic,(HU) UL Traffic Volume (GBytes),12.3995,7.06235,8.089575,5.155335820960164,24,Spike,3.6063497865563106,,high,enhancement,"robust z-score (MAD, threshold 3.0)",Medium,4week_rolling_avg,"KPI spike on last day: value=12.40 vs 24-day median=7.06 (z-score=+3.61, impact=enhancement, method=robust z-score (MAD, threshold 3.0))"
2026-05-18,LCAIN22701,LCAIN22701-2,2,UL Traffic,(HU) UL Traffic Volume (GBytes),0.757,3.20585,3.1518208333333333,1.3538396870811449,24,Spike,-3.175481488694145,,low,degradation,"robust z-score (MAD, threshold 3.0)",Medium,4week_rolling_avg,"KPI spike on last day: value=0.76 vs 24-day median=3.21 (z-score=-3.18, impact=degradation, method=robust z-score (MAD, threshold 3.0))"
2026-05-18,LCAIN22701,LCAIN22701-6,6,UL Traffic,(HU) UL Traffic Volume (GBytes),2.6814,1.0217,1.5979541666666666,1.1237076488049011,24,Spike,3.470093966222273,,high,enhancement,"robust z-score (MAD, threshold 3.0)",Medium,4week_rolling_avg,"KPI spike on last day: value=2.68 vs 24-day median=1.02 (z-score=+3.47, impact=enhancement, method=robust z-score (MAD, threshold 3.0))"
2026-05-18,LCAIN10115,LCAIN10115-6,6,VoLTE KPIs,BA_Voice E2E VQI,3.6992,3.8402,3.8104521739130433,0.06317917839154467,23,Spike,-3.5223406328222024,,low,degradation,"robust z-score (MAD, threshold 3.0)",Medium,4week_rolling_avg,"KPI spike on last day: value=3.70 vs 24-day median=3.84 (z-score=-3.52, impact=degradation, method=robust z-score (MAD, threshold 3.0))"
2026-05-18,LCAIN10124,LCAIN10124-2,2,VoLTE KPIs,BA_Voice E2E VQI,3.662,3.8166,3.8110708333333334,0.05381364045765305,24,Spike,-3.228367536070667,,low,degradation,"robust z-score (MAD, threshold 3.0)",Medium,4week_rolling_avg,"KPI spike on last day: value=3.66 vs 24-day median=3.82 (z-score=-3.23, impact=degradation, method=robust z-score (MAD, threshold 3.0))"
2026-05-18,LCAIN10369,LCAIN10369-3,3,VoLTE KPIs,BA_Voice E2E VQI,3.5943,3.75935,3.7433374999999995,0.0714538534795943,24,Spike,-3.303403556427649,,low,degradation,"robust z-score (MAD, threshold 3.0)",Medium,4week_rolling_avg,"KPI spike on last day: value=3.59 vs 24-day median=3.76 (z-score=-3.30, impact=degradation, method=robust z-score (MAD, threshold 3.0))"
2026-05-18,LCAIN10369,LCAIN10369-6,6,VoLTE KPIs,BA_Voice E2E VQI,3.9718,3.7226,3.715666666666667,0.05636325388840581,24,Spike,3.9225927015535182,,high,enhancement,"robust z-score (MAD, threshold 3.0)",Medium,4week_rolling_avg,"KPI spike on last day: value=3.97 vs 24-day median=3.72 (z-score=+3.92, impact=enhancement, method=robust z-score (MAD, threshold 3.0))"
2026-05-18,LCAIN10493,LCAIN10493-7,7,VoLTE KPIs,BA_Voice E2E VQI,3.6734,3.76395,3.758741666666667,0.05529739985347914,12,Spike,-3.3743170315251723,,low,degradation,"robust z-score (MAD, threshold 3.0)",Medium,4week_rolling_avg,"KPI spike on last day: value=3.67 vs 24-day median=3.76 (z-score=-3.37, impact=degradation, method=robust z-score (MAD, threshold 3.0))"
2026-05-18,LCAIN10498,LCAIN10498-6,6,VoLTE KPIs,BA_Voice E2E VQI,3.6222,3.78355,3.7638,0.07827383023718719,24,Spike,-3.3956032462261545,,low,degradation,"robust z-score (MAD, threshold 3.0)",Medium,4week_rolling_avg,"KPI spike on last day: value=3.62 vs 24-day median=3.78 (z-score=-3.40, impact=degradation, method=robust z-score (MAD, threshold 3.0))"
2026-05-18,LCAIN10514,LCAIN10514-2,2,VoLTE KPIs,BA_Voice E2E VQI,3.6013,3.79925,3.7892999999999994,0.052253875454362234,24,Spike,-3.6380230473676276,,low,degradation,"robust z-score (MAD, threshold 3.0)",Medium,4week_rolling_avg,"KPI spike on last day: value=3.60 vs 24-day median=3.80 (z-score=-3.64, impact=degradation, method=robust z-score (MAD, threshold 3.0))"
2026-05-18,LCAIN10612,LCAIN10612-7,7,VoLTE KPIs,BA_Voice E2E VQI,3.7345,3.8757,3.81964347826087,0.12576093202057748,23,Spike,-3.9192631785224754,,low,degradation,"robust z-score (MAD, threshold 3.0)",Medium,4week_rolling_avg,"KPI spike on last day: value=3.73 vs 24-day median=3.88 (z-score=-3.92, impact=degradation, method=robust z-score (MAD, threshold 3.0))"
2026-05-18,LCAIN10975,LCAIN10975-6,6,VoLTE KPIs,BA_Voice E2E VQI,3.3997,3.7998,3.7904166666666668,0.10823785022912373,24,Spike,-3.784905369797826,,low,degradation,"robust z-score (MAD, threshold 3.0)",Medium,4week_rolling_avg,"KPI spike on last day: value=3.40 vs 24-day median=3.80 (z-score=-3.78, impact=degradation, method=robust z-score (MAD, threshold 3.0))"
2026-05-18,LCAIN10975,LCAIN10975-7,7,VoLTE KPIs,BA_Voice E2E VQI,3.4953,3.68025,3.6803166666666662,0.09521281718106842,24,Spike,-3.2068654489767585,,low,degradation,"robust z-score (MAD, threshold 3.0)",Medium,4week_rolling_avg,"KPI spike on last day: value=3.50 vs 24-day median=3.68 (z-score=-3.21, impact=degradation, method=robust z-score (MAD, threshold 3.0))"
2026-05-18,LCAIN11651,LCAIN11651-1,1,VoLTE KPIs,BA_Voice E2E VQI,3.4106,3.7014,3.6904083333333335,0.09515702337306596,24,Spike,-3.1841219619447,,low,degradation,"robust z-score (MAD, threshold 3.0)",Medium,4week_rolling_avg,"KPI spike on last day: value=3.41 vs 24-day median=3.70 (z-score=-3.18, impact=degradation, method=robust z-score (MAD, threshold 3.0))"
2026-05-18,LCAIN11651,LCAIN11651-6,6,VoLTE KPIs,BA_Voice E2E VQI,3.6673,3.762,3.763816666666667,0.042590586466443,24,Spike,-3.9186671731554386,,low,degradation,"robust z-score (MAD, threshold 3.0)",Medium,4week_rolling_avg,"KPI spike on last day: value=3.67 vs 24-day median=3.76 (z-score=-3.92, impact=degradation, method=robust z-score (MAD, threshold 3.0))"
2026-05-18,LCAIN11837,LCAIN11837-6,6,VoLTE KPIs,BA_Voice E2E VQI,3.4131,3.8030999999999997,3.6817708333333337,0.19943735958767994,24,Spike,-3.29225777466672,,low,degradation,"robust z-score (MAD, threshold 3.0)",Medium,4week_rolling_avg,"KPI spike on last day: value=3.41 vs 24-day median=3.80 (z-score=-3.29, impact=degradation, method=robust z-score (MAD, threshold 3.0))"
2026-05-18,LCAIN12005,LCAIN12005-5,5,VoLTE KPIs,BA_Voice E2E VQI,4.0284,3.7912,3.7630086956521738,0.09585755243677063,23,Spike,3.77333038084547,,high,enhancement,"robust z-score (MAD, threshold 3.0)",Medium,4week_rolling_avg,"KPI spike on last day: value=4.03 vs 24-day median=3.79 (z-score=+3.77, impact=enhancement, method=robust z-score (MAD, threshold 3.0))"
2026-05-18,LCAIN12012,LCAIN12012-7,7,VoLTE KPIs,BA_Voice E2E VQI,3.7234,3.8698,3.7350117647058823,0.26115816231537664,17,Spike,-3.2697167942839225,,low,degradation,"robust z-score (MAD, threshold 3.0)",Medium,4week_rolling_avg,"KPI spike on last day: value=3.72 vs 24-day median=3.87 (z-score=-3.27, impact=degradation, method=robust z-score (MAD, threshold 3.0))"
2026-05-18,LCAIN12055,LCAIN12055-2,2,VoLTE KPIs,BA_Voice E2E VQI,3.5966,3.8122499999999997,3.802108333333333,0.0720968961228953,24,Spike,-3.9579301300987257,,low,degradation,"robust z-score (MAD, threshold 3.0)",Medium,4week_rolling_avg,"KPI spike on last day: value=3.60 vs 24-day median=3.81 (z-score=-3.96, impact=degradation, method=robust z-score (MAD, threshold 3.0))"
2026-05-18,LCAIN12071,LCAIN12071-1,1,VoLTE KPIs,BA_Voice E2E VQI,3.6877,3.79345,3.792241666666667,0.0408298493411649,24,Spike,-3.8451427393342157,,low,degradation,"robust z-score (MAD, threshold 3.0)",Medium,4week_rolling_avg,"KPI spike on last day: value=3.69 vs 24-day median=3.79 (z-score=-3.85, impact=degradation, method=robust z-score (MAD, threshold 3.0))"
2026-05-18,LCAIN12251,LCAIN12251-5,5,VoLTE KPIs,BA_Voice E2E VQI,3.7107,3.8865,3.827158333333333,0.17390391004964653,24,Spike,-3.5715504673489886,,low,degradation,"robust z-score (MAD, threshold 3.0)",Medium,4week_rolling_avg,"KPI spike on last day: value=3.71 vs 24-day median=3.89 (z-score=-3.57, impact=degradation, method=robust z-score (MAD, threshold 3.0))"
2026-05-18,LCAIN12256,LCAIN12256-6,6,VoLTE KPIs,BA_Voice E2E VQI,4.0777,3.8546,3.7805666666666666,0.15404748636558646,24,Spike,3.314512961216494,,high,enhancement,"robust z-score (MAD, threshold 3.0)",Medium,4week_rolling_avg,"KPI spike on last day: value=4.08 vs 24-day median=3.85 (z-score=+3.31, impact=enhancement, method=robust z-score (MAD, threshold 3.0))"
2026-05-18,LCAIN12476,LCAIN12476-5,5,VoLTE KPIs,BA_Voice E2E VQI,3.6727,3.7725,3.759679166666667,0.03529506550929686,24,Spike,-3.688448098398067,,low,degradation,"robust z-score (MAD, threshold 3.0)",Medium,4week_rolling_avg,"KPI spike on last day: value=3.67 vs 24-day median=3.77 (z-score=-3.69, impact=degradation, method=robust z-score (MAD, threshold 3.0))"
2026-05-18,LCAIN12587,LCAIN12587-7,7,VoLTE KPIs,BA_Voice E2E VQI,3.538,3.8361,3.774458333333333,0.15285674370868374,24,Spike,-3.682521893772404,,low,degradation,"robust z-score (MAD, threshold 3.0)",Medium,4week_rolling_avg,"KPI spike on last day: value=3.54 vs 24-day median=3.84 (z-score=-3.68, impact=degradation, method=robust z-score (MAD, threshold 3.0))"
2026-05-18,LCAIN12839,LCAIN12839-5,5,VoLTE KPIs,BA_Voice E2E VQI,3.6111,3.8137,3.778181818181817,0.10131117965933942,22,Spike,-3.029974010420348,,low,degradation,"robust z-score (MAD, threshold 3.0)",Medium,4week_rolling_avg,"KPI spike on last day: value=3.61 vs 24-day median=3.81 (z-score=-3.03, impact=degradation, method=robust z-score (MAD, threshold 3.0))"
2026-05-18,LCAIN12841,LCAIN12841-7,7,VoLTE KPIs,BA_Voice E2E VQI,3.6359,3.7760499999999997,3.7575791666666665,0.07342937070844938,24,Spike,-3.533827287500699,,low,degradation,"robust z-score (MAD, threshold 3.0)",Medium,4week_rolling_avg,"KPI spike on last day: value=3.64 vs 24-day median=3.78 (z-score=-3.53, impact=degradation, method=robust z-score (MAD, threshold 3.0))"
2026-05-18,LCAIN12862,LCAIN12862-5,5,VoLTE KPIs,BA_Voice E2E VQI,3.5714,3.85245,3.8124625,0.09565281757698865,24,Spike,-3.8647426697430745,,low,degradation,"robust z-score (MAD, threshold 3.0)",Medium,4week_rolling_avg,"KPI spike on last day: value=3.57 vs 24-day median=3.85 (z-score=-3.86, impact=degradation, method=robust z-score (MAD, threshold 3.0))"
2026-05-18,LCAIN12873,LCAIN12873-3,3,VoLTE KPIs,BA_Voice E2E VQI,3.612,3.83785,3.8034458333333334,0.0904626303101943,24,Spike,-3.3224370344119767,,low,degradation,"robust z-score (MAD, threshold 3.0)",Medium,4week_rolling_avg,"KPI spike on last day: value=3.61 vs 24-day median=3.84 (z-score=-3.32, impact=degradation, method=robust z-score (MAD, threshold 3.0))"
2026-05-18,LCAIN12896,LCAIN12896-6,6,VoLTE KPIs,BA_Voice E2E VQI,3.7409,3.81135,3.8094,0.03067076512468078,24,Spike,-3.0362858789218143,,low,degradation,"robust z-score (MAD, threshold 3.0)",Medium,4week_rolling_avg,"KPI spike on last day: value=3.74 vs 24-day median=3.81 (z-score=-3.04, impact=degradation, method=robust z-score (MAD, threshold 3.0))"
2026-05-18,LCAIN12900,LCAIN12900-2,2,VoLTE KPIs,BA_Voice E2E VQI,3.6749,3.8025,3.7965125,0.04251681346342096,24,Spike,-3.4152786075085237,,low,degradation,"robust z-score (MAD, threshold 3.0)",Medium,4week_rolling_avg,"KPI spike on last day: value=3.67 vs 24-day median=3.80 (z-score=-3.42, impact=degradation, method=robust z-score (MAD, threshold 3.0))"
2026-05-18,LCAIN15442,LCAIN15442-5,5,VoLTE KPIs,BA_Voice E2E VQI,3.5924,3.8523,3.308406666666667,1.0052811868438711,15,Spike,-3.6750555217603282,,low,degradation,"robust z-score (MAD, threshold 3.0)",Medium,4week_rolling_avg,"KPI spike on last day: value=3.59 vs 24-day median=3.85 (z-score=-3.68, impact=degradation, method=robust z-score (MAD, threshold 3.0))"
2026-05-18,LCAIN15458,LCAIN15458-2,2,VoLTE KPIs,BA_Voice E2E VQI,3.7332,3.77465,3.7784375000000003,0.01722207431612118,24,Spike,-3.0554799978475122,,low,degradation,"robust z-score (MAD, threshold 3.0)",Medium,4week_rolling_avg,"KPI spike on last day: value=3.73 vs 24-day median=3.77 (z-score=-3.06, impact=degradation, method=robust z-score (MAD, threshold 3.0))"
