Date,eNodeB Name,Cell Name,LocalCell Id,KPI_Name,KPI_Column,Value,Historical_Median,Historical_Mean,Historical_Std,Historical_Days,Anomaly_Type,Z_Score,Pct_Change,Direction,Severity,Baseline_Mode,Description
2026-05-18,LCAIN11489,LCAIN11489-1,1,Availability,Availability,95.3241,100.0,99.94044166666667,0.20318746663419515,24,Spike,-23.012738322182884,,low,Critical,4week_rolling_avg,"KPI spike on last day: value=95.32 vs 24-day median=100.00 (z-score=-23.01, impact=degradation, method=z-score (threshold 3.0))"
2026-05-18,LCAIN11489,LCAIN11489-2,2,Availability,Availability,95.3241,100.0,99.94044166666667,0.20318746663419515,24,Spike,-23.012738322182884,,low,Critical,4week_rolling_avg,"KPI spike on last day: value=95.32 vs 24-day median=100.00 (z-score=-23.01, impact=degradation, method=z-score (threshold 3.0))"
2026-05-18,LCAIN11489,LCAIN11489-3,3,Availability,Availability,95.3241,100.0,99.94044166666667,0.20318746663419515,24,Spike,-23.012738322182884,,low,Critical,4week_rolling_avg,"KPI spike on last day: value=95.32 vs 24-day median=100.00 (z-score=-23.01, impact=degradation, method=z-score (threshold 3.0))"
2026-05-18,LCAIN11489,LCAIN11489-5,5,Availability,Availability,95.3241,100.0,99.94044166666667,0.20318746663419515,24,Spike,-23.012738322182884,,low,Critical,4week_rolling_avg,"KPI spike on last day: value=95.32 vs 24-day median=100.00 (z-score=-23.01, impact=degradation, method=z-score (threshold 3.0))"
2026-05-18,LCAIN11489,LCAIN11489-6,6,Availability,Availability,95.3241,100.0,99.94044166666667,0.20318746663419515,24,Spike,-23.012738322182884,,low,Critical,4week_rolling_avg,"KPI spike on last day: value=95.32 vs 24-day median=100.00 (z-score=-23.01, impact=degradation, method=z-score (threshold 3.0))"
2026-05-18,LCAIN11489,LCAIN11489-7,7,Availability,Availability,95.3241,100.0,99.94044166666667,0.20318746663419515,24,Spike,-23.012738322182884,,low,Critical,4week_rolling_avg,"KPI spike on last day: value=95.32 vs 24-day median=100.00 (z-score=-23.01, impact=degradation, method=z-score (threshold 3.0))"
2026-05-18,LCAIN11826,LCAIN11826-1,1,Availability,Availability,23.8368,100.0,97.69989583333334,7.698316157201693,24,Spike,-9.893488192057447,,low,Critical,4week_rolling_avg,"KPI spike on last day: value=23.84 vs 24-day median=100.00 (z-score=-9.89, impact=degradation, method=z-score (threshold 3.0))"
2026-05-18,LCAIN11826,LCAIN11826-2,2,Availability,Availability,23.8368,100.0,97.7001375,7.698383724837555,24,Spike,-9.89340135829708,,low,Critical,4week_rolling_avg,"KPI spike on last day: value=23.84 vs 24-day median=100.00 (z-score=-9.89, impact=degradation, method=z-score (threshold 3.0))"
2026-05-18,LCAIN11826,LCAIN11826-3,3,Availability,Availability,23.8368,100.0,97.69989583333334,7.698316157201693,24,Spike,-9.893488192057447,,low,Critical,4week_rolling_avg,"KPI spike on last day: value=23.84 vs 24-day median=100.00 (z-score=-9.89, impact=degradation, method=z-score (threshold 3.0))"
2026-05-18,LCAIN11826,LCAIN11826-5,5,Availability,Availability,23.8368,100.0,97.69989583333334,7.698316157201693,24,Spike,-9.893488192057447,,low,Critical,4week_rolling_avg,"KPI spike on last day: value=23.84 vs 24-day median=100.00 (z-score=-9.89, impact=degradation, method=z-score (threshold 3.0))"
2026-05-18,LCAIN11826,LCAIN11826-6,6,Availability,Availability,23.8368,100.0,97.69989583333334,7.698316157201693,24,Spike,-9.893488192057447,,low,Critical,4week_rolling_avg,"KPI spike on last day: value=23.84 vs 24-day median=100.00 (z-score=-9.89, impact=degradation, method=z-score (threshold 3.0))"
2026-05-18,LCAIN11826,LCAIN11826-7,7,Availability,Availability,23.8368,100.0,97.7001375,7.698383724837555,24,Spike,-9.89340135829708,,low,Critical,4week_rolling_avg,"KPI spike on last day: value=23.84 vs 24-day median=100.00 (z-score=-9.89, impact=degradation, method=z-score (threshold 3.0))"
2026-05-18,LCAIN12215,LCAIN12215-1,1,Availability,Availability,99.8438,100.0,99.99349166666667,0.03121287016422662,24,Spike,-5.004345937369794,,low,Critical,4week_rolling_avg,"KPI spike on last day: value=99.84 vs 24-day median=100.00 (z-score=-5.00, impact=degradation, method=z-score (threshold 3.0))"
2026-05-18,LCAIN12215,LCAIN12215-2,2,Availability,Availability,99.8438,100.0,99.99349166666667,0.03121287016422662,24,Spike,-5.004345937369794,,low,Critical,4week_rolling_avg,"KPI spike on last day: value=99.84 vs 24-day median=100.00 (z-score=-5.00, impact=degradation, method=z-score (threshold 3.0))"
2026-05-18,LCAIN12215,LCAIN12215-3,3,Availability,Availability,99.8438,100.0,99.99349166666667,0.03121287016422662,24,Spike,-5.004345937369794,,low,Critical,4week_rolling_avg,"KPI spike on last day: value=99.84 vs 24-day median=100.00 (z-score=-5.00, impact=degradation, method=z-score (threshold 3.0))"
2026-05-18,LCAIN12215,LCAIN12215-5,5,Availability,Availability,99.8438,100.0,99.99349166666667,0.03121287016422662,24,Spike,-5.004345937369794,,low,Critical,4week_rolling_avg,"KPI spike on last day: value=99.84 vs 24-day median=100.00 (z-score=-5.00, impact=degradation, method=z-score (threshold 3.0))"
2026-05-18,LCAIN12215,LCAIN12215-6,6,Availability,Availability,99.8438,100.0,99.99349166666667,0.03121287016422662,24,Spike,-5.004345937369794,,low,Critical,4week_rolling_avg,"KPI spike on last day: value=99.84 vs 24-day median=100.00 (z-score=-5.00, impact=degradation, method=z-score (threshold 3.0))"
2026-05-18,LCAIN12215,LCAIN12215-7,7,Availability,Availability,99.8438,100.0,99.99349166666667,0.03121287016422662,24,Spike,-5.004345937369794,,low,Critical,4week_rolling_avg,"KPI spike on last day: value=99.84 vs 24-day median=100.00 (z-score=-5.00, impact=degradation, method=z-score (threshold 3.0))"
2026-05-18,LCAIN12841,LCAIN12841-1,1,Availability,Availability,99.9769,100.0,99.99830833333333,0.004578929702694499,24,Spike,-5.044847049389319,,low,Critical,4week_rolling_avg,"KPI spike on last day: value=99.98 vs 24-day median=100.00 (z-score=-5.04, impact=degradation, method=z-score (threshold 3.0))"
2026-05-18,LCAIN12841,LCAIN12841-2,2,Availability,Availability,99.9769,100.0,99.99830833333333,0.004578929702694499,24,Spike,-5.044847049389319,,low,Critical,4week_rolling_avg,"KPI spike on last day: value=99.98 vs 24-day median=100.00 (z-score=-5.04, impact=degradation, method=z-score (threshold 3.0))"
2026-05-18,LCAIN12841,LCAIN12841-3,3,Availability,Availability,99.9769,100.0,99.99830833333333,0.004578929702694499,24,Spike,-5.044847049389319,,low,Critical,4week_rolling_avg,"KPI spike on last day: value=99.98 vs 24-day median=100.00 (z-score=-5.04, impact=degradation, method=z-score (threshold 3.0))"
2026-05-18,LCAIN12841,LCAIN12841-5,5,Availability,Availability,99.9769,100.0,99.99830833333333,0.004578929702694499,24,Spike,-5.044847049389319,,low,Critical,4week_rolling_avg,"KPI spike on last day: value=99.98 vs 24-day median=100.00 (z-score=-5.04, impact=degradation, method=z-score (threshold 3.0))"
2026-05-18,LCAIN12841,LCAIN12841-6,6,Availability,Availability,99.9769,100.0,99.99830833333333,0.004578929702694499,24,Spike,-5.044847049389319,,low,Critical,4week_rolling_avg,"KPI spike on last day: value=99.98 vs 24-day median=100.00 (z-score=-5.04, impact=degradation, method=z-score (threshold 3.0))"
2026-05-18,LCAIN12841,LCAIN12841-7,7,Availability,Availability,99.9769,100.0,99.99830833333333,0.004578929702694499,24,Spike,-5.044847049389319,,low,Critical,4week_rolling_avg,"KPI spike on last day: value=99.98 vs 24-day median=100.00 (z-score=-5.04, impact=degradation, method=z-score (threshold 3.0))"
2026-05-18,LCAIN10109,LCAIN10109-3,3,CSFB KPI,CSFB SR%,88.8889,100.0,100.17482727272727,0.8011592108154153,22,Spike,-13.868778951803074,,low,Critical,4week_rolling_avg,"KPI spike on last day: value=88.89 vs 24-day median=100.00 (z-score=-13.87, impact=degradation, method=z-score (threshold 3.0))"
2026-05-18,LCAIN10130_Site_144,LCAIN10130-6,6,CSFB KPI,CSFB SR%,99.4413,100.0,100.02181666666667,0.1046290577336062,24,Spike,-5.3398167975716255,,low,Critical,4week_rolling_avg,"KPI spike on last day: value=99.44 vs 24-day median=100.00 (z-score=-5.34, impact=degradation, method=z-score (threshold 3.0))"
2026-05-18,LCAIN10350,LCAIN10350-5,5,CSFB KPI,CSFB SR%,100.9732,100.0,100.05467916666665,0.15698141604227783,24,Spike,6.1994599394995005,,high,Critical,4week_rolling_avg,"KPI spike on last day: value=100.97 vs 24-day median=100.00 (z-score=+6.20, impact=enhancement, method=z-score (threshold 3.0))"
2026-05-18,LCAIN10446,LCAIN10446-5,5,CSFB KPI,CSFB SR%,103.7321,100.223,100.40942916666667,0.4688170071921868,24,Spike,7.48501002772172,,high,Critical,4week_rolling_avg,"KPI spike on last day: value=103.73 vs 24-day median=100.22 (z-score=+7.49, impact=enhancement, method=z-score (threshold 3.0))"
2026-05-18,LCAIN10493,LCAIN10493-5,5,CSFB KPI,CSFB SR%,102.0408,100.0,99.98330833333334,0.33326136504334825,12,Spike,6.1237221414326015,,high,Critical,4week_rolling_avg,"KPI spike on last day: value=102.04 vs 24-day median=100.00 (z-score=+6.12, impact=enhancement, method=z-score (threshold 3.0))"
2026-05-18,LCAIN10582,LCAIN10582-3,3,CSFB KPI,CSFB SR%,103.7037,100.0,100.07093333333334,0.5782188899735308,24,Spike,6.405359742172282,,high,Critical,4week_rolling_avg,"KPI spike on last day: value=103.70 vs 24-day median=100.00 (z-score=+6.41, impact=enhancement, method=z-score (threshold 3.0))"
2026-05-18,LCAIN10691,LCAIN10691-7,7,CSFB KPI,CSFB SR%,101.4572,100.0,99.97263333333332,0.1917872425081732,24,Spike,7.598002770898071,,high,Critical,4week_rolling_avg,"KPI spike on last day: value=101.46 vs 24-day median=100.00 (z-score=+7.60, impact=enhancement, method=z-score (threshold 3.0))"
2026-05-18,LCAIN10753,LCAIN10753-7,7,CSFB KPI,CSFB SR%,102.8571,100.0,100.21831250000001,0.528847798924308,24,Spike,5.402499558117531,,high,Critical,4week_rolling_avg,"KPI spike on last day: value=102.86 vs 24-day median=100.00 (z-score=+5.40, impact=enhancement, method=z-score (threshold 3.0))"
2026-05-18,LCAIN10985,LCAIN10985-5,5,CSFB KPI,CSFB SR%,98.0263,100.0,100.07698749999999,0.20541453679592278,24,Spike,-9.608375486886034,,low,Critical,4week_rolling_avg,"KPI spike on last day: value=98.03 vs 24-day median=100.00 (z-score=-9.61, impact=degradation, method=z-score (threshold 3.0))"
2026-05-18,LCAIN10990,LCAIN10990-5,5,CSFB KPI,CSFB SR%,103.0864,100.0,100.12293333333332,0.31935682194407816,24,Spike,9.66442483117035,,high,Critical,4week_rolling_avg,"KPI spike on last day: value=103.09 vs 24-day median=100.00 (z-score=+9.66, impact=enhancement, method=z-score (threshold 3.0))"
2026-05-18,LCAIN11980,LCAIN11980-7,7,CSFB KPI,CSFB SR%,99.3631,100.0,99.96998571428571,0.10821804613928195,14,Spike,-5.885340040054646,,low,Critical,4week_rolling_avg,"KPI spike on last day: value=99.36 vs 24-day median=100.00 (z-score=-5.89, impact=degradation, method=z-score (threshold 3.0))"
2026-05-18,LCAIN12058,LCAIN12058-1,1,CSFB KPI,CSFB SR%,105.8824,100.0,100.10964999999999,0.5258629265312408,24,Spike,11.186185036473642,,high,Critical,4week_rolling_avg,"KPI spike on last day: value=105.88 vs 24-day median=100.00 (z-score=+11.19, impact=enhancement, method=z-score (threshold 3.0))"
2026-05-18,LCAIN12265,LCAIN12265-3,3,CSFB KPI,CSFB SR%,98.6486,100.0,99.9388,0.2596496100517012,19,Spike,-5.204706449321872,,low,Critical,4week_rolling_avg,"KPI spike on last day: value=98.65 vs 24-day median=100.00 (z-score=-5.20, impact=degradation, method=z-score (threshold 3.0))"
2026-05-18,LCAIN12582,LCAIN12582-5,5,CSFB KPI,CSFB SR%,97.541,100.0,99.91134583333333,0.4251704471730206,24,Spike,-5.783562842502381,,low,Critical,4week_rolling_avg,"KPI spike on last day: value=97.54 vs 24-day median=100.00 (z-score=-5.78, impact=degradation, method=z-score (threshold 3.0))"
2026-05-18,LCAIN12891,LCAIN12891-1,1,CSFB KPI,CSFB SR%,108.1081,100.0,100.1068,0.9701894943772575,24,Spike,8.357233351825148,,high,Critical,4week_rolling_avg,"KPI spike on last day: value=108.11 vs 24-day median=100.00 (z-score=+8.36, impact=enhancement, method=z-score (threshold 3.0))"
2026-05-18,LCAIN12891,LCAIN12891-5,5,CSFB KPI,CSFB SR%,102.0747,100.0,100.13508333333334,0.2519264834342661,24,Spike,8.235339023185103,,high,Critical,4week_rolling_avg,"KPI spike on last day: value=102.07 vs 24-day median=100.00 (z-score=+8.24, impact=enhancement, method=z-score (threshold 3.0))"
2026-05-18,LCAIN12896,LCAIN12896-3,3,CSFB KPI,CSFB SR%,103.4483,100.0,99.94047499999999,0.28547187142519026,24,Spike,12.079298681108945,,high,Critical,4week_rolling_avg,"KPI spike on last day: value=103.45 vs 24-day median=100.00 (z-score=+12.08, impact=enhancement, method=z-score (threshold 3.0))"
2026-05-18,LCAIN12898,LCAIN12898-5,5,CSFB KPI,CSFB SR%,101.8018,100.0,99.99283913043477,0.3244974452088485,23,Spike,5.552586088437001,,high,Critical,4week_rolling_avg,"KPI spike on last day: value=101.80 vs 24-day median=100.00 (z-score=+5.55, impact=enhancement, method=z-score (threshold 3.0))"
2026-05-18,LCAIN15458,LCAIN15458-5,5,CSFB KPI,CSFB SR%,100.2741,100.0,99.99444583333333,0.04136098180619145,24,Spike,6.6270187029016165,,high,Critical,4week_rolling_avg,"KPI spike on last day: value=100.27 vs 24-day median=100.00 (z-score=+6.63, impact=enhancement, method=z-score (threshold 3.0))"
2026-05-18,LCAIN12255,LCAIN12255-3,3,DL Throughput,(HU) User DL Average Throughput (Mbps),21.7403,9.71995,9.802845833333334,1.5717276563756115,24,Spike,7.647858044133937,,high,Critical,4week_rolling_avg,"KPI spike on last day: value=21.74 vs 24-day median=9.72 (z-score=+7.65, impact=enhancement, method=z-score (threshold 3.0))"
2026-05-18,LCAIN10370,LCAIN10370-6,6,DL Traffic,(HU) DL Traffic Volume (GBytes),18.0798,3.5498,3.716795,2.0958105962789197,20,Spike,6.93287839359043,,high,Critical,4week_rolling_avg,"KPI spike on last day: value=18.08 vs 24-day median=3.55 (z-score=+6.93, impact=enhancement, method=z-score (threshold 3.0))"
2026-05-18,LCAIN10498,LCAIN10498-6,6,DL Traffic,(HU) DL Traffic Volume (GBytes),29.9517,2.7494500000000004,4.24235,4.371459771822985,24,Spike,6.222692514600477,,high,Critical,4week_rolling_avg,"KPI spike on last day: value=29.95 vs 24-day median=2.75 (z-score=+6.22, impact=enhancement, method=z-score (threshold 3.0))"
2026-05-18,LCAIN10498,LCAIN10498-7,7,DL Traffic,(HU) DL Traffic Volume (GBytes),184.271,80.35704999999999,82.11232083333333,8.570008530381752,24,Spike,12.125302983259823,,high,Critical,4week_rolling_avg,"KPI spike on last day: value=184.27 vs 24-day median=80.36 (z-score=+12.13, impact=enhancement, method=z-score (threshold 3.0))"
2026-05-18,LCAIN10509,LCAIN10509-1,1,DL Traffic,(HU) DL Traffic Volume (GBytes),19.0094,6.023,5.688562500000001,2.301880040280933,24,Spike,5.641649335651338,,high,Critical,4week_rolling_avg,"KPI spike on last day: value=19.01 vs 24-day median=6.02 (z-score=+5.64, impact=enhancement, method=z-score (threshold 3.0))"
2026-05-18,LCAIN10510,LCAIN10510-8,8,DL Traffic,(HU) DL Traffic Volume (GBytes),43.0181,12.874300000000002,12.6808,5.173957526014299,20,Spike,5.826062515673749,,high,Critical,4week_rolling_avg,"KPI spike on last day: value=43.02 vs 24-day median=12.87 (z-score=+5.83, impact=enhancement, method=z-score (threshold 3.0))"
2026-05-18,LCAIN10585,LCAIN10585-3,3,DL Traffic,(HU) DL Traffic Volume (GBytes),51.2539,16.5462,17.110145833333334,5.705303491998999,24,Spike,6.083409944567081,,high,Critical,4week_rolling_avg,"KPI spike on last day: value=51.25 vs 24-day median=16.55 (z-score=+6.08, impact=enhancement, method=z-score (threshold 3.0))"
2026-05-18,LCAIN10594,LCAIN10594-7,7,DL Traffic,(HU) DL Traffic Volume (GBytes),25.2313,8.66515,9.192495833333334,3.0176155620620904,24,Spike,5.489814610009337,,high,Critical,4week_rolling_avg,"KPI spike on last day: value=25.23 vs 24-day median=8.67 (z-score=+5.49, impact=enhancement, method=z-score (threshold 3.0))"
2026-05-18,LCAIN10693,LCAIN10693-6,6,DL Traffic,(HU) DL Traffic Volume (GBytes),10.9563,2.9165,3.1185833333333335,1.4868323537156283,24,Spike,5.407334579388426,,high,Critical,4week_rolling_avg,"KPI spike on last day: value=10.96 vs 24-day median=2.92 (z-score=+5.41, impact=enhancement, method=z-score (threshold 3.0))"
2026-05-18,LCAIN10764,LCAIN10764-2,2,DL Traffic,(HU) DL Traffic Volume (GBytes),37.3245,3.7933000000000003,5.50001,6.097914854021823,20,Spike,5.498797671450727,,high,Critical,4week_rolling_avg,"KPI spike on last day: value=37.32 vs 24-day median=3.79 (z-score=+5.50, impact=enhancement, method=z-score (threshold 3.0))"
2026-05-18,LCAIN10971,LCAIN10971-3,3,DL Traffic,(HU) DL Traffic Volume (GBytes),31.7311,6.69555,7.542158333333333,4.733749365717471,24,Spike,5.288735855199948,,high,Critical,4week_rolling_avg,"KPI spike on last day: value=31.73 vs 24-day median=6.70 (z-score=+5.29, impact=enhancement, method=z-score (threshold 3.0))"
2026-05-18,LCAIN11651,LCAIN11651-3,3,DL Traffic,(HU) DL Traffic Volume (GBytes),16.2603,2.3419,2.8552416666666667,2.0735391192589594,24,Spike,6.712388433247478,,high,Critical,4week_rolling_avg,"KPI spike on last day: value=16.26 vs 24-day median=2.34 (z-score=+6.71, impact=enhancement, method=z-score (threshold 3.0))"
2026-05-18,LCAIN12000,LCAIN12000-1,1,DL Traffic,(HU) DL Traffic Volume (GBytes),37.8974,9.0948,7.286123529411765,5.681870465066879,17,Spike,5.069210953872208,,high,Critical,4week_rolling_avg,"KPI spike on last day: value=37.90 vs 24-day median=9.09 (z-score=+5.07, impact=enhancement, method=z-score (threshold 3.0))"
2026-05-18,LCAIN12461,LCAIN12461-1,1,DL Traffic,(HU) DL Traffic Volume (GBytes),31.7513,4.5444,5.726978260869566,4.30970702403373,23,Spike,6.3129349276590325,,high,Critical,4week_rolling_avg,"KPI spike on last day: value=31.75 vs 24-day median=4.54 (z-score=+6.31, impact=enhancement, method=z-score (threshold 3.0))"
2026-05-18,LCAIN12461,LCAIN12461-2,2,DL Traffic,(HU) DL Traffic Volume (GBytes),7.4647,0.6591,1.140791304347826,1.1239685075709827,23,Spike,6.054973919783248,,high,Critical,4week_rolling_avg,"KPI spike on last day: value=7.46 vs 24-day median=0.66 (z-score=+6.05, impact=enhancement, method=z-score (threshold 3.0))"
2026-05-18,LCAIN12840,LCAIN12840-1,1,DL Traffic,(HU) DL Traffic Volume (GBytes),13.7239,2.9279,2.9279,,1,Spike,,368.7284401789678,high,Critical,4week_rolling_avg,"KPI spike on last day: value=13.72 vs historical value=2.93 (change=+368.7%, impact=enhancement, method=%change (1-week, threshold 50.0%))"
2026-05-18,LCAIN12840,LCAIN12840-2,2,DL Traffic,(HU) DL Traffic Volume (GBytes),13.717,6.2569,6.2569,,1,Spike,,119.22997011299526,high,Critical,4week_rolling_avg,"KPI spike on last day: value=13.72 vs historical value=6.26 (change=+119.2%, impact=enhancement, method=%change (1-week, threshold 50.0%))"
2026-05-18,LCAIN12840,LCAIN12840-3,3,DL Traffic,(HU) DL Traffic Volume (GBytes),27.8242,8.8622,8.8622,,1,Spike,,213.9649297014286,high,Critical,4week_rolling_avg,"KPI spike on last day: value=27.82 vs historical value=8.86 (change=+214.0%, impact=enhancement, method=%change (1-week, threshold 50.0%))"
2026-05-18,LCAIN12840,LCAIN12840-5,5,DL Traffic,(HU) DL Traffic Volume (GBytes),27.608,7.2671,7.2671,,1,Spike,,279.9039506818401,high,Critical,4week_rolling_avg,"KPI spike on last day: value=27.61 vs historical value=7.27 (change=+279.9%, impact=enhancement, method=%change (1-week, threshold 50.0%))"
2026-05-18,LCAIN12840,LCAIN12840-6,6,DL Traffic,(HU) DL Traffic Volume (GBytes),40.0438,13.1491,13.1491,,1,Spike,,204.53643215124987,high,Critical,4week_rolling_avg,"KPI spike on last day: value=40.04 vs historical value=13.15 (change=+204.5%, impact=enhancement, method=%change (1-week, threshold 50.0%))"
2026-05-18,LCAIN12840,LCAIN12840-7,7,DL Traffic,(HU) DL Traffic Volume (GBytes),26.1302,9.6736,9.6736,,1,Spike,,170.11867350314253,high,Critical,4week_rolling_avg,"KPI spike on last day: value=26.13 vs historical value=9.67 (change=+170.1%, impact=enhancement, method=%change (1-week, threshold 50.0%))"
2026-05-18,LCAIN12861,LCAIN12861-2,2,DL Traffic,(HU) DL Traffic Volume (GBytes),22.0732,5.8187,5.510441666666668,2.602940806235111,24,Spike,6.244667554891684,,high,Critical,4week_rolling_avg,"KPI spike on last day: value=22.07 vs 24-day median=5.82 (z-score=+6.24, impact=enhancement, method=z-score (threshold 3.0))"
2026-05-18,LCAIN12901,LCAIN12901-1,1,DL Traffic,(HU) DL Traffic Volume (GBytes),13.2174,1.3664,1.7513666666666667,1.714287142582077,24,Spike,6.9130775735445935,,high,Critical,4week_rolling_avg,"KPI spike on last day: value=13.22 vs 24-day median=1.37 (z-score=+6.91, impact=enhancement, method=z-score (threshold 3.0))"
2026-05-18,LCAIN13991,LCAIN13991-5,5,DL Traffic,(HU) DL Traffic Volume (GBytes),6.2632,0.8766499999999999,1.0516,0.6688910985105623,24,Spike,8.052955125272822,,high,Critical,4week_rolling_avg,"KPI spike on last day: value=6.26 vs 24-day median=0.88 (z-score=+8.05, impact=enhancement, method=z-score (threshold 3.0))"
2026-05-18,ICAIN12934,ICAIN12934-1,1,E-RAB Drop Rate,E-RAB Drop Rate (E-NodeB + MME) %,4.2105,0.46885,0.56558,0.5673903176826337,20,Spike,6.59449039469311,,high,Critical,4week_rolling_avg,"KPI spike on last day: value=4.21 vs 24-day median=0.47 (z-score=+6.59, impact=degradation, method=z-score (threshold 3.0))"
2026-05-18,ICAIN12934,ICAIN12934-3,3,E-RAB Drop Rate,E-RAB Drop Rate (E-NodeB + MME) %,0.0,2.0423,2.24419,2.267310600667672,20,Zero,,-100.0,zero,Critical,4week_rolling_avg,"KPI dropped to 0 on last day (24-day historical median: 2.04, 12/20 days were non-zero in 24-day lookback)"
2026-05-18,LCAIN10134_03-1-30-301,LCAIN10134-2,2,E-RAB Drop Rate,E-RAB Drop Rate (E-NodeB + MME) %,1.7658,0.68645,0.7187416666666667,0.15336154156292106,24,Spike,7.037944382928396,,high,Critical,4week_rolling_avg,"KPI spike on last day: value=1.77 vs 24-day median=0.69 (z-score=+7.04, impact=degradation, method=z-score (threshold 3.0))"
2026-05-18,LCAIN10369,LCAIN10369-1,1,E-RAB Drop Rate,E-RAB Drop Rate (E-NodeB + MME) %,0.0,4.9510000000000005,5.5983875,3.4386800038086927,24,Zero,,-100.0,zero,Critical,4week_rolling_avg,"KPI dropped to 0 on last day (24-day historical median: 4.95, 24/24 days were non-zero in 24-day lookback)"
2026-05-18,LCAIN10496,LCAIN10496-5,5,E-RAB Drop Rate,E-RAB Drop Rate (E-NodeB + MME) %,1.3488,0.6977500000000001,0.6672291666666667,0.11726943861313097,24,Spike,5.551744833944316,,high,Critical,4week_rolling_avg,"KPI spike on last day: value=1.35 vs 24-day median=0.70 (z-score=+5.55, impact=degradation, method=z-score (threshold 3.0))"
2026-05-18,LCAIN10855,LCAIN10855-3,3,E-RAB Drop Rate,E-RAB Drop Rate (E-NodeB + MME) %,0.0,2.0204,2.749636363636363,2.3489122760324332,22,Zero,,-100.0,zero,Critical,4week_rolling_avg,"KPI dropped to 0 on last day (24-day historical median: 2.02, 17/22 days were non-zero in 24-day lookback)"
2026-05-18,LCAIN12312,LCAIN12312-5,5,E-RAB Drop Rate,E-RAB Drop Rate (E-NodeB + MME) %,1.1058,0.51705,0.49185000000000006,0.11056671063208855,24,Spike,5.324839607095388,,high,Critical,4week_rolling_avg,"KPI spike on last day: value=1.11 vs 24-day median=0.52 (z-score=+5.32, impact=degradation, method=z-score (threshold 3.0))"
2026-05-18,LCAIN12476,LCAIN12476-3,3,E-RAB Drop Rate,E-RAB Drop Rate (E-NodeB + MME) %,2.0728,0.6870499999999999,0.6952958333333333,0.2494714821363467,24,Spike,5.554743123875895,,high,Critical,4week_rolling_avg,"KPI spike on last day: value=2.07 vs 24-day median=0.69 (z-score=+5.55, impact=degradation, method=z-score (threshold 3.0))"
2026-05-18,LCAIN12582,LCAIN12582-7,7,E-RAB Drop Rate,E-RAB Drop Rate (E-NodeB + MME) %,1.1248,0.4294,0.42451250000000007,0.06892242808948333,24,Spike,10.089603910894558,,high,Critical,4week_rolling_avg,"KPI spike on last day: value=1.12 vs 24-day median=0.43 (z-score=+10.09, impact=degradation, method=z-score (threshold 3.0))"
2026-05-18,LCAIN12839,LCAIN12839-3,3,E-RAB Drop Rate,E-RAB Drop Rate (E-NodeB + MME) %,2.7335,0.91415,0.8735181818181819,0.32979820777445057,22,Spike,5.516555145273123,,high,Critical,4week_rolling_avg,"KPI spike on last day: value=2.73 vs 24-day median=0.91 (z-score=+5.52, impact=degradation, method=z-score (threshold 3.0))"
2026-05-18,LCAIN12899,LCAIN12899-7,7,E-RAB Drop Rate,E-RAB Drop Rate (E-NodeB + MME) %,1.5323,0.89015,0.9000125,0.11728594087563665,24,Spike,5.4750807744374015,,high,Critical,4week_rolling_avg,"KPI spike on last day: value=1.53 vs 24-day median=0.89 (z-score=+5.48, impact=degradation, method=z-score (threshold 3.0))"
2026-05-18,LCAIN10112_03-2-12-46,LCAIN10112-2,2,ERAB Setup SR,ERAB Setup Success Rate,86.4639,99.9155,99.71150869565216,0.6458021610592014,23,Spike,-20.829289233002235,,low,Critical,4week_rolling_avg,"KPI spike on last day: value=86.46 vs 24-day median=99.92 (z-score=-20.83, impact=degradation, method=z-score (threshold 3.0))"
2026-05-18,LCAIN10112_03-2-12-46,LCAIN10112-3,3,ERAB Setup SR,ERAB Setup Success Rate,89.5137,99.9323,99.8329347826087,0.35091858539094056,23,Spike,-29.689507577357766,,low,Critical,4week_rolling_avg,"KPI spike on last day: value=89.51 vs 24-day median=99.93 (z-score=-29.69, impact=degradation, method=z-score (threshold 3.0))"
2026-05-18,LCAIN10112_03-2-12-46,LCAIN10112-7,7,ERAB Setup SR,ERAB Setup Success Rate,97.0434,99.9559,99.90667826086958,0.1681241594943184,23,Spike,-17.323506679588306,,low,Critical,4week_rolling_avg,"KPI spike on last day: value=97.04 vs 24-day median=99.96 (z-score=-17.32, impact=degradation, method=z-score (threshold 3.0))"
2026-05-18,LCAIN10369,LCAIN10369-3,3,ERAB Setup SR,ERAB Setup Success Rate,76.1905,99.75614999999999,99.64700416666666,0.4033401774341846,24,Spike,-58.4262399791435,,low,Critical,4week_rolling_avg,"KPI spike on last day: value=76.19 vs 24-day median=99.76 (z-score=-58.43, impact=degradation, method=z-score (threshold 3.0))"
2026-05-18,LCAIN10369,LCAIN10369-5,5,ERAB Setup SR,ERAB Setup Success Rate,97.9798,99.9176,99.86193333333334,0.17230368942332364,24,Spike,-11.246421980199852,,low,Critical,4week_rolling_avg,"KPI spike on last day: value=97.98 vs 24-day median=99.92 (z-score=-11.25, impact=degradation, method=z-score (threshold 3.0))"
2026-05-18,LCAIN10369,LCAIN10369-6,6,ERAB Setup SR,ERAB Setup Success Rate,96.0563,99.8375,99.7622625,0.30495655539286964,24,Spike,-12.399143199688774,,low,Critical,4week_rolling_avg,"KPI spike on last day: value=96.06 vs 24-day median=99.84 (z-score=-12.40, impact=degradation, method=z-score (threshold 3.0))"
2026-05-18,LCAIN10369,LCAIN10369-7,7,ERAB Setup SR,ERAB Setup Success Rate,93.5011,99.82265000000001,99.78167499999999,0.1486738551606605,24,Spike,-42.519580817816276,,low,Critical,4week_rolling_avg,"KPI spike on last day: value=93.50 vs 24-day median=99.82 (z-score=-42.52, impact=degradation, method=z-score (threshold 3.0))"
2026-05-18,LCAIN10458,LCAIN10458-1,1,ERAB Setup SR,ERAB Setup Success Rate,95.7705,99.9288,99.80511249999999,0.5096767548427965,24,Spike,-8.158700510645366,,low,Critical,4week_rolling_avg,"KPI spike on last day: value=95.77 vs 24-day median=99.93 (z-score=-8.16, impact=degradation, method=z-score (threshold 3.0))"
2026-05-18,LCAIN10458,LCAIN10458-3,3,ERAB Setup SR,ERAB Setup Success Rate,97.8025,99.952,99.8838625,0.2348531417228295,24,Spike,-9.152528189453877,,low,Critical,4week_rolling_avg,"KPI spike on last day: value=97.80 vs 24-day median=99.95 (z-score=-9.15, impact=degradation, method=z-score (threshold 3.0))"
2026-05-18,LCAIN10458,LCAIN10458-5,5,ERAB Setup SR,ERAB Setup Success Rate,99.2355,99.8934,99.86132083333332,0.11831704575407659,24,Spike,-5.560483663253823,,low,Critical,4week_rolling_avg,"KPI spike on last day: value=99.24 vs 24-day median=99.89 (z-score=-5.56, impact=degradation, method=z-score (threshold 3.0))"
2026-05-18,LCAIN10458,LCAIN10458-7,7,ERAB Setup SR,ERAB Setup Success Rate,98.9916,99.9305,99.88369166666666,0.1257386208127359,24,Spike,-7.4670772904238,,low,Critical,4week_rolling_avg,"KPI spike on last day: value=98.99 vs 24-day median=99.93 (z-score=-7.47, impact=degradation, method=z-score (threshold 3.0))"
2026-05-18,LCAIN10497,LCAIN10497-1,1,ERAB Setup SR,ERAB Setup Success Rate,99.2303,99.8904,99.85375833333335,0.1315241705184094,24,Spike,-5.018849367368608,,low,Critical,4week_rolling_avg,"KPI spike on last day: value=99.23 vs 24-day median=99.89 (z-score=-5.02, impact=degradation, method=z-score (threshold 3.0))"
2026-05-18,LCAIN10512_Site_512,LCAIN10512-6,6,ERAB Setup SR,ERAB Setup Success Rate,99.7338,99.9503,99.9445,0.03955151703790892,24,Spike,-5.473873474751619,,low,Critical,4week_rolling_avg,"KPI spike on last day: value=99.73 vs 24-day median=99.95 (z-score=-5.47, impact=degradation, method=z-score (threshold 3.0))"
2026-05-18,LCAIN10985,LCAIN10985-3,3,ERAB Setup SR,ERAB Setup Success Rate,99.8753,99.99074999999999,99.98288333333335,0.02034034715097528,24,Spike,-5.67591099321331,,low,Critical,4week_rolling_avg,"KPI spike on last day: value=99.88 vs 24-day median=99.99 (z-score=-5.68, impact=degradation, method=z-score (threshold 3.0))"
2026-05-18,LCAIN11489,LCAIN11489-2,2,ERAB Setup SR,ERAB Setup Success Rate,99.5108,99.91805,99.90096249999999,0.06969194604651358,24,Spike,-5.84357336970021,,low,Critical,4week_rolling_avg,"KPI spike on last day: value=99.51 vs 24-day median=99.92 (z-score=-5.84, impact=degradation, method=z-score (threshold 3.0))"
2026-05-18,LCAIN11489,LCAIN11489-6,6,ERAB Setup SR,ERAB Setup Success Rate,98.4653,99.9188,99.89286249999999,0.11621784434307117,24,Spike,-12.506685253164068,,low,Critical,4week_rolling_avg,"KPI spike on last day: value=98.47 vs 24-day median=99.92 (z-score=-12.51, impact=degradation, method=z-score (threshold 3.0))"
2026-05-18,LCAIN12215,LCAIN12215-2,2,ERAB Setup SR,ERAB Setup Success Rate,83.7768,100.0,99.96010833333332,0.060976593300671136,24,Spike,-266.0561884788248,,low,Critical,4week_rolling_avg,"KPI spike on last day: value=83.78 vs 24-day median=100.00 (z-score=-266.06, impact=degradation, method=z-score (threshold 3.0))"
2026-05-18,LCAIN12215,LCAIN12215-6,6,ERAB Setup SR,ERAB Setup Success Rate,99.3244,99.97865,99.97022083333333,0.028922179769838748,24,Spike,-22.62104741781198,,low,Critical,4week_rolling_avg,"KPI spike on last day: value=99.32 vs 24-day median=99.98 (z-score=-22.62, impact=degradation, method=z-score (threshold 3.0))"
2026-05-18,LCAIN12226,LCAIN12226-1,1,ERAB Setup SR,ERAB Setup Success Rate,86.7798,99.9539,99.75399583333335,0.8625793555180715,24,Spike,-15.27291363481282,,low,Critical,4week_rolling_avg,"KPI spike on last day: value=86.78 vs 24-day median=99.95 (z-score=-15.27, impact=degradation, method=z-score (threshold 3.0))"
2026-05-18,LCAIN12226,LCAIN12226-3,3,ERAB Setup SR,ERAB Setup Success Rate,92.8075,99.9639,99.8919,0.15648135405429903,24,Spike,-45.733244342432776,,low,Critical,4week_rolling_avg,"KPI spike on last day: value=92.81 vs 24-day median=99.96 (z-score=-45.73, impact=degradation, method=z-score (threshold 3.0))"
2026-05-18,LCAIN12226,LCAIN12226-5,5,ERAB Setup SR,ERAB Setup Success Rate,96.6808,99.96685,99.91755416666666,0.22850075670765743,24,Spike,-14.380915176592358,,low,Critical,4week_rolling_avg,"KPI spike on last day: value=96.68 vs 24-day median=99.97 (z-score=-14.38, impact=degradation, method=z-score (threshold 3.0))"
2026-05-18,LCAIN12226,LCAIN12226-7,7,ERAB Setup SR,ERAB Setup Success Rate,98.8878,99.9669,99.93698333333333,0.07222317072026758,24,Spike,-14.941188392012469,,low,Critical,4week_rolling_avg,"KPI spike on last day: value=98.89 vs 24-day median=99.97 (z-score=-14.94, impact=degradation, method=z-score (threshold 3.0))"
2026-05-18,LCAIN12371,LCAIN12371-7,7,ERAB Setup SR,ERAB Setup Success Rate,94.8233,99.8738,99.6148695652174,0.7008673045869248,23,Spike,-7.206071630030808,,low,Critical,4week_rolling_avg,"KPI spike on last day: value=94.82 vs 24-day median=99.87 (z-score=-7.21, impact=degradation, method=z-score (threshold 3.0))"
2026-05-18,LCAIN12799,LCAIN12799-2,2,ERAB Setup SR,ERAB Setup Success Rate,98.8014,99.93235,99.86860833333333,0.15702269983632583,24,Spike,-7.202461817169463,,low,Critical,4week_rolling_avg,"KPI spike on last day: value=98.80 vs 24-day median=99.93 (z-score=-7.20, impact=degradation, method=z-score (threshold 3.0))"
2026-05-18,LCAIN12799,LCAIN12799-3,3,ERAB Setup SR,ERAB Setup Success Rate,98.6252,99.84795,99.79854583333334,0.15154208705605704,24,Spike,-8.068715587556099,,low,Critical,4week_rolling_avg,"KPI spike on last day: value=98.63 vs 24-day median=99.85 (z-score=-8.07, impact=degradation, method=z-score (threshold 3.0))"
2026-05-18,LCAIN12919,LCAIN12919-1,1,ERAB Setup SR,ERAB Setup Success Rate,87.5076,99.91775,99.90635833333333,0.06734907148992907,24,Spike,-184.2660889817276,,low,Critical,4week_rolling_avg,"KPI spike on last day: value=87.51 vs 24-day median=99.92 (z-score=-184.27, impact=degradation, method=z-score (threshold 3.0))"
2026-05-18,LCAIN12919,LCAIN12919-2,2,ERAB Setup SR,ERAB Setup Success Rate,99.3408,99.922,99.91543333333334,0.03528145956290619,24,Spike,-16.473241390813968,,low,Critical,4week_rolling_avg,"KPI spike on last day: value=99.34 vs 24-day median=99.92 (z-score=-16.47, impact=degradation, method=z-score (threshold 3.0))"
2026-05-18,LCAIN12919,LCAIN12919-3,3,ERAB Setup SR,ERAB Setup Success Rate,99.4921,99.86834999999999,99.85836666666667,0.03894532135642722,24,Spike,-9.660980751874208,,low,Critical,4week_rolling_avg,"KPI spike on last day: value=99.49 vs 24-day median=99.87 (z-score=-9.66, impact=degradation, method=z-score (threshold 3.0))"
2026-05-18,LCAIN12919,LCAIN12919-5,5,ERAB Setup SR,ERAB Setup Success Rate,96.6227,99.9541,99.94498333333333,0.033921129927458465,24,Spike,-98.21017186409529,,low,Critical,4week_rolling_avg,"KPI spike on last day: value=96.62 vs 24-day median=99.95 (z-score=-98.21, impact=degradation, method=z-score (threshold 3.0))"
2026-05-18,LCAIN12919,LCAIN12919-6,6,ERAB Setup SR,ERAB Setup Success Rate,98.2756,99.91525,99.90488333333333,0.037232654425321914,24,Spike,-44.037956071294175,,low,Critical,4week_rolling_avg,"KPI spike on last day: value=98.28 vs 24-day median=99.92 (z-score=-44.04, impact=degradation, method=z-score (threshold 3.0))"
2026-05-18,LCAIN12919,LCAIN12919-7,7,ERAB Setup SR,ERAB Setup Success Rate,99.2401,99.85464999999999,99.86767083333335,0.03394454397944174,24,Spike,-18.10452956363744,,low,Critical,4week_rolling_avg,"KPI spike on last day: value=99.24 vs 24-day median=99.85 (z-score=-18.10, impact=degradation, method=z-score (threshold 3.0))"
2026-05-18,ICAIN12934,ICAIN12934-6,6,HO Success Rate,HO SR% Overall,99.8594,100.0,99.99596,0.017609951731903543,20,Spike,-7.98412182727818,,low,Critical,4week_rolling_avg,"KPI spike on last day: value=99.86 vs 24-day median=100.00 (z-score=-7.98, impact=degradation, method=z-score (threshold 3.0))"
2026-05-18,LCAIN10110,LCAIN10110-3,3,HO Success Rate,HO SR% Overall,97.4684,99.67135,99.60758333333332,0.35837202000466,24,Spike,-6.147103783301374,,low,Critical,4week_rolling_avg,"KPI spike on last day: value=97.47 vs 24-day median=99.67 (z-score=-6.15, impact=degradation, method=z-score (threshold 3.0))"
2026-05-18,LCAIN10119,LCAIN10119-2,2,HO Success Rate,HO SR% Overall,91.6022,99.39525,99.0872,1.4404296147330493,24,Spike,-5.410226171616356,,low,Critical,4week_rolling_avg,"KPI spike on last day: value=91.60 vs 24-day median=99.40 (z-score=-5.41, impact=degradation, method=z-score (threshold 3.0))"
2026-05-18,LCAIN10120,LCAIN10120-3,3,HO Success Rate,HO SR% Overall,79.8263,99.6137,99.33452083333334,0.8272563825578126,24,Spike,-23.919307746915027,,low,Critical,4week_rolling_avg,"KPI spike on last day: value=79.83 vs 24-day median=99.61 (z-score=-23.92, impact=degradation, method=z-score (threshold 3.0))"
2026-05-18,LCAIN10120,LCAIN10120-7,7,HO Success Rate,HO SR% Overall,91.9802,99.80799999999999,99.78867500000001,0.1311992767065925,24,Spike,-59.66343867509038,,low,Critical,4week_rolling_avg,"KPI spike on last day: value=91.98 vs 24-day median=99.81 (z-score=-59.66, impact=degradation, method=z-score (threshold 3.0))"
2026-05-18,LCAIN10128_03-1-30-115,LCAIN10128-1,1,HO Success Rate,HO SR% Overall,94.8394,99.4453,99.11877083333333,0.8526308738639317,24,Spike,-5.4019859486522,,low,Critical,4week_rolling_avg,"KPI spike on last day: value=94.84 vs 24-day median=99.45 (z-score=-5.40, impact=degradation, method=z-score (threshold 3.0))"
2026-05-18,LCAIN10128_03-1-30-115,LCAIN10128-5,5,HO Success Rate,HO SR% Overall,95.6731,99.34505,99.1761125,0.5040128407032409,24,Spike,-7.285429464210838,,low,Critical,4week_rolling_avg,"KPI spike on last day: value=95.67 vs 24-day median=99.35 (z-score=-7.29, impact=degradation, method=z-score (threshold 3.0))"
2026-05-18,LCAIN10457,LCAIN10457-1,1,HO Success Rate,HO SR% Overall,92.759,99.215,99.13890833333335,0.2808753221577534,24,Spike,-22.98528738802477,,low,Critical,4week_rolling_avg,"KPI spike on last day: value=92.76 vs 24-day median=99.22 (z-score=-22.99, impact=degradation, method=z-score (threshold 3.0))"
2026-05-18,LCAIN10458,LCAIN10458-1,1,HO Success Rate,HO SR% Overall,94.1112,99.37010000000001,99.22612500000001,0.706427905763686,24,Spike,-7.444354840873482,,low,Critical,4week_rolling_avg,"KPI spike on last day: value=94.11 vs 24-day median=99.37 (z-score=-7.44, impact=degradation, method=z-score (threshold 3.0))"
2026-05-18,LCAIN10458,LCAIN10458-2,2,HO Success Rate,HO SR% Overall,90.2543,99.589,98.98263750000001,1.6861816995835353,24,Spike,-5.535998879780006,,low,Critical,4week_rolling_avg,"KPI spike on last day: value=90.25 vs 24-day median=99.59 (z-score=-5.54, impact=degradation, method=z-score (threshold 3.0))"
2026-05-18,LCAIN10493,LCAIN10493-2,2,HO Success Rate,HO SR% Overall,97.541,99.91105,99.77226666666667,0.29652964532328885,12,Spike,-7.992624135155458,,low,Critical,4week_rolling_avg,"KPI spike on last day: value=97.54 vs 24-day median=99.91 (z-score=-7.99, impact=degradation, method=z-score (threshold 3.0))"
2026-05-18,LCAIN10514,LCAIN10514-3,3,HO Success Rate,HO SR% Overall,96.3768,99.81415000000001,99.67627499999999,0.653185290997127,24,Spike,-5.262442445316988,,low,Critical,4week_rolling_avg,"KPI spike on last day: value=96.38 vs 24-day median=99.81 (z-score=-5.26, impact=degradation, method=z-score (threshold 3.0))"
2026-05-18,LCAIN10575,LCAIN10575-2,2,HO Success Rate,HO SR% Overall,93.7095,99.8367,99.69334210526316,0.408676783000928,19,Spike,-14.992777311712553,,low,Critical,4week_rolling_avg,"KPI spike on last day: value=93.71 vs 24-day median=99.84 (z-score=-14.99, impact=degradation, method=z-score (threshold 3.0))"
2026-05-18,LCAIN10575,LCAIN10575-6,6,HO Success Rate,HO SR% Overall,96.6582,99.8213,99.69136842105263,0.3765862689346749,19,Spike,-8.39940343270639,,low,Critical,4week_rolling_avg,"KPI spike on last day: value=96.66 vs 24-day median=99.82 (z-score=-8.40, impact=degradation, method=z-score (threshold 3.0))"
2026-05-18,LCAIN11826,LCAIN11826-3,3,HO Success Rate,HO SR% Overall,96.1692,99.39585,99.252475,0.45604029906906124,24,Spike,-7.075361555956174,,low,Critical,4week_rolling_avg,"KPI spike on last day: value=96.17 vs 24-day median=99.40 (z-score=-7.08, impact=degradation, method=z-score (threshold 3.0))"
2026-05-18,LCAIN12000,LCAIN12000-1,1,HO Success Rate,HO SR% Overall,94.8434,99.53175,99.38477142857144,0.4699253381861728,14,Spike,-9.976797629377012,,low,Critical,4week_rolling_avg,"KPI spike on last day: value=94.84 vs 24-day median=99.53 (z-score=-9.98, impact=degradation, method=z-score (threshold 3.0))"
2026-05-18,LCAIN12000,LCAIN12000-2,2,HO Success Rate,HO SR% Overall,98.0625,99.6542,99.62224285714285,0.2538751653703801,14,Spike,-6.26961679248091,,low,Critical,4week_rolling_avg,"KPI spike on last day: value=98.06 vs 24-day median=99.65 (z-score=-6.27, impact=degradation, method=z-score (threshold 3.0))"
2026-05-18,LCAIN12059,LCAIN12059-3,3,HO Success Rate,HO SR% Overall,92.9761,99.21525,98.99004583333334,0.8906676208417902,24,Spike,-7.005026178119322,,low,Critical,4week_rolling_avg,"KPI spike on last day: value=92.98 vs 24-day median=99.22 (z-score=-7.01, impact=degradation, method=z-score (threshold 3.0))"
2026-05-18,LCAIN12524,LCAIN12524-2,2,HO Success Rate,HO SR% Overall,83.6882,99.7757,98.53972727272729,2.465703719424429,22,Spike,-6.524506522525473,,low,Critical,4week_rolling_avg,"KPI spike on last day: value=83.69 vs 24-day median=99.78 (z-score=-6.52, impact=degradation, method=z-score (threshold 3.0))"
2026-05-18,LCAIN12591,LCAIN12591-1,1,HO Success Rate,HO SR% Overall,93.5154,99.2923,98.92147083333333,0.9986421287090965,24,Spike,-5.784754952675147,,low,Critical,4week_rolling_avg,"KPI spike on last day: value=93.52 vs 24-day median=99.29 (z-score=-5.78, impact=degradation, method=z-score (threshold 3.0))"
2026-05-18,LCAIN12591,LCAIN12591-3,3,HO Success Rate,HO SR% Overall,77.3102,99.5645,98.792325,2.573813002507174,24,Spike,-8.646432346997194,,low,Critical,4week_rolling_avg,"KPI spike on last day: value=77.31 vs 24-day median=99.56 (z-score=-8.65, impact=degradation, method=z-score (threshold 3.0))"
2026-05-18,LCAIN12591,LCAIN12591-5,5,HO Success Rate,HO SR% Overall,96.1111,99.507,99.32390833333334,0.5712453004304612,24,Spike,-5.944731619570499,,low,Critical,4week_rolling_avg,"KPI spike on last day: value=96.11 vs 24-day median=99.51 (z-score=-5.94, impact=degradation, method=z-score (threshold 3.0))"
2026-05-18,LCAIN12591,LCAIN12591-6,6,HO Success Rate,HO SR% Overall,92.7294,99.25999999999999,98.89292499999999,1.1192404263048223,24,Spike,-5.834849998727083,,low,Critical,4week_rolling_avg,"KPI spike on last day: value=92.73 vs 24-day median=99.26 (z-score=-5.83, impact=degradation, method=z-score (threshold 3.0))"
2026-05-18,LCAIN12591,LCAIN12591-7,7,HO Success Rate,HO SR% Overall,81.1406,99.83615,99.10164583333334,2.4144251267087657,24,Spike,-7.7432718013024155,,low,Critical,4week_rolling_avg,"KPI spike on last day: value=81.14 vs 24-day median=99.84 (z-score=-7.74, impact=degradation, method=z-score (threshold 3.0))"
2026-05-18,LCAIN12916,LCAIN12916-1,1,HO Success Rate,HO SR% Overall,97.0522,99.58009999999999,99.53269999999999,0.3273048782608233,24,Spike,-7.72338015073992,,low,Critical,4week_rolling_avg,"KPI spike on last day: value=97.05 vs 24-day median=99.58 (z-score=-7.72, impact=degradation, method=z-score (threshold 3.0))"
2026-05-18,LCAIN12920,LCAIN12920-6,6,HO Success Rate,HO SR% Overall,99.1284,99.87295,99.85662500000001,0.08564722825832319,24,Spike,-8.693217692396818,,low,Critical,4week_rolling_avg,"KPI spike on last day: value=99.13 vs 24-day median=99.87 (z-score=-8.69, impact=degradation, method=z-score (threshold 3.0))"
2026-05-18,LCAIN12932,LCAIN12932-2,2,HO Success Rate,HO SR% Overall,91.9941,99.4489,99.33329166666665,0.4198168508574765,24,Spike,-17.757267210150218,,low,Critical,4week_rolling_avg,"KPI spike on last day: value=91.99 vs 24-day median=99.45 (z-score=-17.76, impact=degradation, method=z-score (threshold 3.0))"
2026-05-18,ICAIN17528,ICAIN17528-2,2,RACH Success Rate,(HU) RACH Success Rate(%),61.3543,96.99055,96.58912500000001,2.5507681144199807,24,Spike,-13.970791699387117,,low,Critical,4week_rolling_avg,"KPI spike on last day: value=61.35 vs 24-day median=96.99 (z-score=-13.97, impact=degradation, method=z-score (threshold 3.0))"
2026-05-18,LCAIN10022_Tagmoa1,LCAIN10022-2,2,RACH Success Rate,(HU) RACH Success Rate(%),78.1288,90.52664999999999,90.24157916666665,1.8713967613298828,24,Spike,-6.624917952294428,,low,Critical,4week_rolling_avg,"KPI spike on last day: value=78.13 vs 24-day median=90.53 (z-score=-6.62, impact=degradation, method=z-score (threshold 3.0))"
2026-05-18,LCAIN10112_03-2-12-46,LCAIN10112-2,2,RACH Success Rate,(HU) RACH Success Rate(%),45.1142,85.4852,83.6207,7.7483081080014955,23,Spike,-5.210298743581173,,low,Critical,4week_rolling_avg,"KPI spike on last day: value=45.11 vs 24-day median=85.49 (z-score=-5.21, impact=degradation, method=z-score (threshold 3.0))"
2026-05-18,LCAIN10112_03-2-12-46,LCAIN10112-3,3,RACH Success Rate,(HU) RACH Success Rate(%),25.596,91.0779,90.43983043478262,2.2447472332642793,23,Spike,-29.171168597355685,,low,Critical,4week_rolling_avg,"KPI spike on last day: value=25.60 vs 24-day median=91.08 (z-score=-29.17, impact=degradation, method=z-score (threshold 3.0))"
2026-05-18,LCAIN10514,LCAIN10514-5,5,RACH Success Rate,(HU) RACH Success Rate(%),54.7918,92.3395,92.00697500000001,1.3064788824195874,24,Spike,-28.739614933891612,,low,Critical,4week_rolling_avg,"KPI spike on last day: value=54.79 vs 24-day median=92.34 (z-score=-28.74, impact=degradation, method=z-score (threshold 3.0))"
2026-05-18,LCAIN10594,LCAIN10594-1,1,RACH Success Rate,(HU) RACH Success Rate(%),23.7455,92.3167,91.03800833333334,5.178872862563554,24,Spike,-13.240564466387982,,low,Critical,4week_rolling_avg,"KPI spike on last day: value=23.75 vs 24-day median=92.32 (z-score=-13.24, impact=degradation, method=z-score (threshold 3.0))"
2026-05-18,LCAIN10634,LCAIN10634-3,3,RACH Success Rate,(HU) RACH Success Rate(%),75.9587,93.03935,92.73481249999999,2.069950906485565,24,Spike,-8.25171744241999,,low,Critical,4week_rolling_avg,"KPI spike on last day: value=75.96 vs 24-day median=93.04 (z-score=-8.25, impact=degradation, method=z-score (threshold 3.0))"
2026-05-18,LCAIN10650_Site_0650,LCAIN10650-1,1,RACH Success Rate,(HU) RACH Success Rate(%),82.6067,97.3921,96.96750416666667,1.69433864395501,24,Spike,-8.726354706451819,,low,Critical,4week_rolling_avg,"KPI spike on last day: value=82.61 vs 24-day median=97.39 (z-score=-8.73, impact=degradation, method=z-score (threshold 3.0))"
2026-05-18,LCAIN10692,LCAIN10692-6,6,RACH Success Rate,(HU) RACH Success Rate(%),13.1144,91.6429,91.01658333333334,4.040026440988833,24,Spike,-19.437620309430308,,low,Critical,4week_rolling_avg,"KPI spike on last day: value=13.11 vs 24-day median=91.64 (z-score=-19.44, impact=degradation, method=z-score (threshold 3.0))"
2026-05-18,LCAIN10764,LCAIN10764-1,1,RACH Success Rate,(HU) RACH Success Rate(%),65.5816,92.15025,91.48715999999999,4.474641906164111,20,Spike,-5.937603624415164,,low,Critical,4week_rolling_avg,"KPI spike on last day: value=65.58 vs 24-day median=92.15 (z-score=-5.94, impact=degradation, method=z-score (threshold 3.0))"
2026-05-18,LCAIN10806,LCAIN10806-5,5,RACH Success Rate,(HU) RACH Success Rate(%),68.7685,92.89275,92.20657083333333,4.185409184046321,24,Spike,-5.763892833215758,,low,Critical,4week_rolling_avg,"KPI spike on last day: value=68.77 vs 24-day median=92.89 (z-score=-5.76, impact=degradation, method=z-score (threshold 3.0))"
2026-05-18,LCAIN12056,LCAIN12056-2,2,RACH Success Rate,(HU) RACH Success Rate(%),69.7372,94.2255,92.66544166666667,4.838240535731684,24,Spike,-5.061406066760723,,low,Critical,4week_rolling_avg,"KPI spike on last day: value=69.74 vs 24-day median=94.23 (z-score=-5.06, impact=degradation, method=z-score (threshold 3.0))"
2026-05-18,LCAIN12256,LCAIN12256-2,2,RACH Success Rate,(HU) RACH Success Rate(%),33.9588,85.61250000000001,83.5504625,7.624929623927275,24,Spike,-6.774318262283895,,low,Critical,4week_rolling_avg,"KPI spike on last day: value=33.96 vs 24-day median=85.61 (z-score=-6.77, impact=degradation, method=z-score (threshold 3.0))"
2026-05-18,LCAIN12591,LCAIN12591-5,5,RACH Success Rate,(HU) RACH Success Rate(%),94.6075,97.29794999999999,97.16859583333333,0.5258270925243758,24,Spike,-5.116605892411797,,low,Critical,4week_rolling_avg,"KPI spike on last day: value=94.61 vs 24-day median=97.30 (z-score=-5.12, impact=degradation, method=z-score (threshold 3.0))"
2026-05-18,LCAIN12873,LCAIN12873-7,7,RACH Success Rate,(HU) RACH Success Rate(%),49.3815,93.51945,91.33387083333332,6.752895722359851,24,Spike,-6.536151573295087,,low,Critical,4week_rolling_avg,"KPI spike on last day: value=49.38 vs 24-day median=93.52 (z-score=-6.54, impact=degradation, method=z-score (threshold 3.0))"
2026-05-18,LCAIN10112_03-2-12-46,LCAIN10112-2,2,RRC Re-establishment,RRC Reestablish Setup Success Rate(%),55.102,88.5942,88.62981304347826,5.665639801800226,23,Spike,-5.911459459416753,,low,Critical,4week_rolling_avg,"KPI spike on last day: value=55.10 vs 24-day median=88.59 (z-score=-5.91, impact=degradation, method=z-score (threshold 3.0))"
2026-05-18,LCAIN10545_Cow -Tagamo5,LCAIN10545-5,5,RRC Re-establishment,RRC Reestablish Setup Success Rate(%),72.619,88.0392,87.75698666666663,2.3048255514222515,15,Spike,-6.6903978873735435,,low,Critical,4week_rolling_avg,"KPI spike on last day: value=72.62 vs 24-day median=88.04 (z-score=-6.69, impact=degradation, method=z-score (threshold 3.0))"
2026-05-18,LCAIN11826,LCAIN11826-2,2,RRC Re-establishment,RRC Reestablish Setup Success Rate(%),50.0,84.6614,84.11487916666667,3.6579419787610945,24,Spike,-9.475656038628433,,low,Critical,4week_rolling_avg,"KPI spike on last day: value=50.00 vs 24-day median=84.66 (z-score=-9.48, impact=degradation, method=z-score (threshold 3.0))"
2026-05-18,LCAIN11826,LCAIN11826-6,6,RRC Re-establishment,RRC Reestablish Setup Success Rate(%),58.3333,82.8588,82.91295000000001,3.3982494484905996,24,Spike,-7.217098206517327,,low,Critical,4week_rolling_avg,"KPI spike on last day: value=58.33 vs 24-day median=82.86 (z-score=-7.22, impact=degradation, method=z-score (threshold 3.0))"
2026-05-18,LCAIN11826,LCAIN11826-7,7,RRC Re-establishment,RRC Reestablish Setup Success Rate(%),82.3529,89.75255,89.78980833333334,1.1575316957203465,24,Spike,-6.392611128799457,,low,Critical,4week_rolling_avg,"KPI spike on last day: value=82.35 vs 24-day median=89.75 (z-score=-6.39, impact=degradation, method=z-score (threshold 3.0))"
2026-05-18,ICAIN12708,ICAIN12708-2,2,RRC Setup SR,(TE) RRC Setup SR%,99.8335,100.0,99.99511,0.021315015833915325,20,Spike,-7.811394619518565,,low,Critical,4week_rolling_avg,"KPI spike on last day: value=99.83 vs 24-day median=100.00 (z-score=-7.81, impact=degradation, method=z-score (threshold 3.0))"
2026-05-18,ICAIN12934,ICAIN12934-1,1,RRC Setup SR,(TE) RRC Setup SR%,99.7199,100.0,99.98866000000001,0.049429914019750644,20,Spike,-5.666609087931759,,low,Critical,4week_rolling_avg,"KPI spike on last day: value=99.72 vs 24-day median=100.00 (z-score=-5.67, impact=degradation, method=z-score (threshold 3.0))"
2026-05-18,ICAIN17528,ICAIN17528-3,3,RRC Setup SR,(TE) RRC Setup SR%,99.8527,100.0,99.98302083333333,0.02824206347463955,24,Spike,-5.215624564128322,,low,Critical,4week_rolling_avg,"KPI spike on last day: value=99.85 vs 24-day median=100.00 (z-score=-5.22, impact=degradation, method=z-score (threshold 3.0))"
2026-05-18,LCAIN10446,LCAIN10446-5,5,RRC Setup SR,(TE) RRC Setup SR%,99.9008,99.98665,99.98581250000001,0.009871732054202617,24,Spike,-8.696548845594455,,low,Critical,4week_rolling_avg,"KPI spike on last day: value=99.90 vs 24-day median=99.99 (z-score=-8.70, impact=degradation, method=z-score (threshold 3.0))"
2026-05-18,LCAIN10493,LCAIN10493-6,6,RRC Setup SR,(TE) RRC Setup SR%,99.7743,99.98415,99.98313333333334,0.009546494411854197,12,Spike,-21.981891042582635,,low,Critical,4week_rolling_avg,"KPI spike on last day: value=99.77 vs 24-day median=99.98 (z-score=-21.98, impact=degradation, method=z-score (threshold 3.0))"
2026-05-18,LCAIN10692,LCAIN10692-1,1,RRC Setup SR,(TE) RRC Setup SR%,99.8568,99.97255000000001,99.96679999999999,0.022874822403683003,24,Spike,-5.060148575464744,,low,Critical,4week_rolling_avg,"KPI spike on last day: value=99.86 vs 24-day median=99.97 (z-score=-5.06, impact=degradation, method=z-score (threshold 3.0))"
2026-05-18,LCAIN10692,LCAIN10692-3,3,RRC Setup SR,(TE) RRC Setup SR%,99.7164,100.0,99.989625,0.034409982199936615,12,Spike,-8.241794440699518,,low,Critical,4week_rolling_avg,"KPI spike on last day: value=99.72 vs 24-day median=100.00 (z-score=-8.24, impact=degradation, method=z-score (threshold 3.0))"
2026-05-18,LCAIN10827,LCAIN10827-5,5,RRC Setup SR,(TE) RRC Setup SR%,99.8479,99.9718,99.96640416666666,0.014570760651805573,24,Spike,-8.503330948933865,,low,Critical,4week_rolling_avg,"KPI spike on last day: value=99.85 vs 24-day median=99.97 (z-score=-8.50, impact=degradation, method=z-score (threshold 3.0))"
2026-05-18,LCAIN10931,LCAIN10931-3,3,RRC Setup SR,(TE) RRC Setup SR%,99.8919,100.0,99.995625,0.010457782189993334,24,Spike,-10.336799718723354,,low,Critical,4week_rolling_avg,"KPI spike on last day: value=99.89 vs 24-day median=100.00 (z-score=-10.34, impact=degradation, method=z-score (threshold 3.0))"
2026-05-18,LCAIN10975,LCAIN10975-2,2,RRC Setup SR,(TE) RRC Setup SR%,99.76,99.96725,99.9623375,0.030702630350128757,24,Spike,-6.7502359777175505,,low,Critical,4week_rolling_avg,"KPI spike on last day: value=99.76 vs 24-day median=99.97 (z-score=-6.75, impact=degradation, method=z-score (threshold 3.0))"
2026-05-18,LCAIN10984,LCAIN10984-1,1,RRC Setup SR,(TE) RRC Setup SR%,99.8849,99.9696,99.96702499999999,0.012591837633958797,24,Spike,-6.726579746515429,,low,Critical,4week_rolling_avg,"KPI spike on last day: value=99.88 vs 24-day median=99.97 (z-score=-6.73, impact=degradation, method=z-score (threshold 3.0))"
2026-05-18,LCAIN10985,LCAIN10985-3,3,RRC Setup SR,(TE) RRC Setup SR%,99.9083,100.0,99.99050833333332,0.01585454500205625,24,Spike,-5.7838304403002425,,low,Critical,4week_rolling_avg,"KPI spike on last day: value=99.91 vs 24-day median=100.00 (z-score=-5.78, impact=degradation, method=z-score (threshold 3.0))"
2026-05-18,LCAIN10989,LCAIN10989-6,6,RRC Setup SR,(TE) RRC Setup SR%,99.8334,99.9839,99.98166666666667,0.017593362068942502,24,Spike,-8.554362685781655,,low,Critical,4week_rolling_avg,"KPI spike on last day: value=99.83 vs 24-day median=99.98 (z-score=-8.55, impact=degradation, method=z-score (threshold 3.0))"
2026-05-18,LCAIN11025,LCAIN11025-6,6,RRC Setup SR,(TE) RRC Setup SR%,99.8336,99.97755000000001,99.96590833333333,0.02502190568060089,24,Spike,-5.752959100617428,,low,Critical,4week_rolling_avg,"KPI spike on last day: value=99.83 vs 24-day median=99.98 (z-score=-5.75, impact=degradation, method=z-score (threshold 3.0))"
2026-05-18,LCAIN11826,LCAIN11826-6,6,RRC Setup SR,(TE) RRC Setup SR%,99.4638,99.882,99.88973749999998,0.04742325214227747,24,Spike,-8.818458901665597,,low,Critical,4week_rolling_avg,"KPI spike on last day: value=99.46 vs 24-day median=99.88 (z-score=-8.82, impact=degradation, method=z-score (threshold 3.0))"
2026-05-18,LCAIN11826,LCAIN11826-7,7,RRC Setup SR,(TE) RRC Setup SR%,99.6825,99.93695,99.9289875,0.03557745438359197,24,Spike,-7.152001299939594,,low,Critical,4week_rolling_avg,"KPI spike on last day: value=99.68 vs 24-day median=99.94 (z-score=-7.15, impact=degradation, method=z-score (threshold 3.0))"
2026-05-18,LCAIN12257,LCAIN12257-2,2,RRC Setup SR,(TE) RRC Setup SR%,99.8869,99.9722,99.97477083333332,0.009610388440238649,24,Spike,-8.875811891520746,,low,Critical,4week_rolling_avg,"KPI spike on last day: value=99.89 vs 24-day median=99.97 (z-score=-8.88, impact=degradation, method=z-score (threshold 3.0))"
2026-05-18,LCAIN12312,LCAIN12312-2,2,RRC Setup SR,(TE) RRC Setup SR%,98.8,100.0,99.94559583333334,0.10355396129219462,24,Spike,-11.588161235223097,,low,Critical,4week_rolling_avg,"KPI spike on last day: value=98.80 vs 24-day median=100.00 (z-score=-11.59, impact=degradation, method=z-score (threshold 3.0))"
2026-05-18,LCAIN12839,LCAIN12839-2,2,RRC Setup SR,(TE) RRC Setup SR%,99.3127,99.9213,99.9069409090909,0.09336888063964892,22,Spike,-6.5182317259306926,,low,Critical,4week_rolling_avg,"KPI spike on last day: value=99.31 vs 24-day median=99.92 (z-score=-6.52, impact=degradation, method=z-score (threshold 3.0))"
2026-05-18,LCAIN12864,LCAIN12864-5,5,RRC Setup SR,(TE) RRC Setup SR%,99.9152,99.982,99.98239090909091,0.008815168182323184,22,Spike,-7.577847480431837,,low,Critical,4week_rolling_avg,"KPI spike on last day: value=99.92 vs 24-day median=99.98 (z-score=-7.58, impact=degradation, method=z-score (threshold 3.0))"
2026-05-18,LCAIN12929,LCAIN12929-3,3,RRC Setup SR,(TE) RRC Setup SR%,99.1198,99.8888,99.92092083333334,0.07505702820282074,24,Spike,-10.24554286804424,,low,Critical,4week_rolling_avg,"KPI spike on last day: value=99.12 vs 24-day median=99.89 (z-score=-10.25, impact=degradation, method=z-score (threshold 3.0))"
2026-05-18,LCAIN10022_Tagmoa1,LCAIN10022-3,3,UL Throughput,(HU) User UL Average Throughput (Mbps),18.8683,4.0165500000000005,5.493087499999999,2.9655846912697923,24,Spike,5.008034349422284,,high,Critical,4week_rolling_avg,"KPI spike on last day: value=18.87 vs 24-day median=4.02 (z-score=+5.01, impact=enhancement, method=z-score (threshold 3.0))"
2026-05-18,LCAIN10112_03-2-12-46,LCAIN10112-6,6,UL Throughput,(HU) User UL Average Throughput (Mbps),5.9537,2.8937,2.833421739130434,0.4330657294789664,23,Spike,7.065901990632168,,high,Critical,4week_rolling_avg,"KPI spike on last day: value=5.95 vs 24-day median=2.89 (z-score=+7.07, impact=enhancement, method=z-score (threshold 3.0))"
2026-05-18,LCAIN10493,LCAIN10493-2,2,UL Throughput,(HU) User UL Average Throughput (Mbps),13.7338,4.9602,4.976841666666666,1.289080841438538,12,Spike,6.806089826150221,,high,Critical,4week_rolling_avg,"KPI spike on last day: value=13.73 vs 24-day median=4.96 (z-score=+6.81, impact=enhancement, method=z-score (threshold 3.0))"
2026-05-18,LCAIN10510,LCAIN10510-4,4,UL Throughput,(HU) User UL Average Throughput (Mbps),30.6788,2.2148,2.6208578947368424,1.1770149238045904,19,Spike,24.18321078546123,,high,Critical,4week_rolling_avg,"KPI spike on last day: value=30.68 vs 24-day median=2.21 (z-score=+24.18, impact=enhancement, method=z-score (threshold 3.0))"
2026-05-18,LCAIN10545_Cow -Tagamo5,LCAIN10545-7,7,UL Throughput,(HU) User UL Average Throughput (Mbps),3.6123,2.5203,2.52804,0.17675032409211214,15,Spike,6.178206493306976,,high,Critical,4week_rolling_avg,"KPI spike on last day: value=3.61 vs 24-day median=2.52 (z-score=+6.18, impact=enhancement, method=z-score (threshold 3.0))"
2026-05-18,LCAIN10634,LCAIN10634-1,1,UL Throughput,(HU) User UL Average Throughput (Mbps),13.0823,2.88305,3.236566666666667,0.9983907199700036,24,Spike,10.215689905757971,,high,Critical,4week_rolling_avg,"KPI spike on last day: value=13.08 vs 24-day median=2.88 (z-score=+10.22, impact=enhancement, method=z-score (threshold 3.0))"
2026-05-18,LCAIN10752,LCAIN10752-5,5,UL Throughput,(HU) User UL Average Throughput (Mbps),3.3122,1.3266499999999999,1.4108958333333337,0.2993688311530982,24,Spike,6.632453994466054,,high,Critical,4week_rolling_avg,"KPI spike on last day: value=3.31 vs 24-day median=1.33 (z-score=+6.63, impact=enhancement, method=z-score (threshold 3.0))"
2026-05-18,LCAIN10760,LCAIN10760-1,1,UL Throughput,(HU) User UL Average Throughput (Mbps),7.6979,1.869,2.0478083333333332,0.7926558836787598,24,Spike,7.353632414797393,,high,Critical,4week_rolling_avg,"KPI spike on last day: value=7.70 vs 24-day median=1.87 (z-score=+7.35, impact=enhancement, method=z-score (threshold 3.0))"
2026-05-18,LCAIN10827,LCAIN10827-3,3,UL Throughput,(HU) User UL Average Throughput (Mbps),7.4247,4.38875,4.471125,0.6062835786233479,24,Spike,5.007475226186318,,high,Critical,4week_rolling_avg,"KPI spike on last day: value=7.42 vs 24-day median=4.39 (z-score=+5.01, impact=enhancement, method=z-score (threshold 3.0))"
2026-05-18,LCAIN10859,LCAIN10859-4,4,UL Throughput,(HU) User UL Average Throughput (Mbps),7.0134,2.73405,2.791391666666667,0.41824814795033927,24,Spike,10.231605378221804,,high,Critical,4week_rolling_avg,"KPI spike on last day: value=7.01 vs 24-day median=2.73 (z-score=+10.23, impact=enhancement, method=z-score (threshold 3.0))"
2026-05-18,LCAIN12058,LCAIN12058-5,5,UL Throughput,(HU) User UL Average Throughput (Mbps),3.8591,1.4195,1.5441291666666668,0.47765557716759216,24,Spike,5.107445859768601,,high,Critical,4week_rolling_avg,"KPI spike on last day: value=3.86 vs 24-day median=1.42 (z-score=+5.11, impact=enhancement, method=z-score (threshold 3.0))"
2026-05-18,LCAIN12255,LCAIN12255-1,1,UL Throughput,(HU) User UL Average Throughput (Mbps),6.0647,3.4821999999999997,3.540270833333333,0.5045091983627642,24,Spike,5.118836303442519,,high,Critical,4week_rolling_avg,"KPI spike on last day: value=6.06 vs 24-day median=3.48 (z-score=+5.12, impact=enhancement, method=z-score (threshold 3.0))"
2026-05-18,LCAIN12522,LCAIN12522-3,3,UL Throughput,(HU) User UL Average Throughput (Mbps),11.5119,4.3128,4.212265217391304,1.247375182780328,23,Spike,5.771399094179201,,high,Critical,4week_rolling_avg,"KPI spike on last day: value=11.51 vs 24-day median=4.31 (z-score=+5.77, impact=enhancement, method=z-score (threshold 3.0))"
2026-05-18,LCAIN12581,LCAIN12581-6,6,UL Throughput,(HU) User UL Average Throughput (Mbps),6.0237,2.4596999999999998,2.445075,0.3456395452032845,24,Spike,10.311320129483068,,high,Critical,4week_rolling_avg,"KPI spike on last day: value=6.02 vs 24-day median=2.46 (z-score=+10.31, impact=enhancement, method=z-score (threshold 3.0))"
2026-05-18,LCAIN12841,LCAIN12841-7,7,UL Throughput,(HU) User UL Average Throughput (Mbps),8.8461,4.0115,4.1247,0.5952256049880023,24,Spike,8.12229843522516,,high,Critical,4week_rolling_avg,"KPI spike on last day: value=8.85 vs 24-day median=4.01 (z-score=+8.12, impact=enhancement, method=z-score (threshold 3.0))"
2026-05-18,LCAIN12889,LCAIN12889-5,5,UL Throughput,(HU) User UL Average Throughput (Mbps),13.7545,4.3982,4.868573684210526,1.4377242294104235,19,Spike,6.507715324403204,,high,Critical,4week_rolling_avg,"KPI spike on last day: value=13.75 vs 24-day median=4.40 (z-score=+6.51, impact=enhancement, method=z-score (threshold 3.0))"
2026-05-18,LCAIN12896,LCAIN12896-2,2,UL Throughput,(HU) User UL Average Throughput (Mbps),9.9465,3.7769500000000003,3.754383333333333,0.825492896530444,24,Spike,7.473777213505638,,high,Critical,4week_rolling_avg,"KPI spike on last day: value=9.95 vs 24-day median=3.78 (z-score=+7.47, impact=enhancement, method=z-score (threshold 3.0))"
2026-05-18,LCAIN12917,LCAIN12917-7,7,UL Throughput,(HU) User UL Average Throughput (Mbps),13.4846,3.9204499999999998,4.675195833333333,1.6645628496392997,24,Spike,5.74574279491609,,high,Critical,4week_rolling_avg,"KPI spike on last day: value=13.48 vs 24-day median=3.92 (z-score=+5.75, impact=enhancement, method=z-score (threshold 3.0))"
2026-05-18,LCAIN13991,LCAIN13991-3,3,UL Throughput,(HU) User UL Average Throughput (Mbps),6.2403,2.1669,2.369104166666667,0.8118542369575786,24,Spike,5.0174031427920545,,high,Critical,4week_rolling_avg,"KPI spike on last day: value=6.24 vs 24-day median=2.17 (z-score=+5.02, impact=enhancement, method=z-score (threshold 3.0))"
2026-05-18,LCAIN15444,LCAIN15444-1,1,UL Throughput,(HU) User UL Average Throughput (Mbps),5.697,2.9381500000000003,3.108920833333334,0.4492825669694284,24,Spike,6.140567657920559,,high,Critical,4week_rolling_avg,"KPI spike on last day: value=5.70 vs 24-day median=2.94 (z-score=+6.14, impact=enhancement, method=z-score (threshold 3.0))"
2026-05-18,LCAIN10022_Tagmoa1,LCAIN10022-3,3,UL Traffic,(HU) UL Traffic Volume (GBytes),6.3313,0.7773,1.077175,0.9174995509762752,24,Spike,6.053408957083637,,high,Critical,4week_rolling_avg,"KPI spike on last day: value=6.33 vs 24-day median=0.78 (z-score=+6.05, impact=enhancement, method=z-score (threshold 3.0))"
2026-05-18,LCAIN10498,LCAIN10498-6,6,UL Traffic,(HU) UL Traffic Volume (GBytes),3.1671,0.5964499999999999,0.6857541666666668,0.43381014278442004,24,Spike,5.925748954370283,,high,Critical,4week_rolling_avg,"KPI spike on last day: value=3.17 vs 24-day median=0.60 (z-score=+5.93, impact=enhancement, method=z-score (threshold 3.0))"
2026-05-18,LCAIN10510,LCAIN10510-4,4,UL Traffic,(HU) UL Traffic Volume (GBytes),9.3284,0.18295,0.2359,0.15359847004446367,20,Spike,59.5412831739312,,high,Critical,4week_rolling_avg,"KPI spike on last day: value=9.33 vs 24-day median=0.18 (z-score=+59.54, impact=enhancement, method=z-score (threshold 3.0))"
2026-05-18,LCAIN10514,LCAIN10514-3,3,UL Traffic,(HU) UL Traffic Volume (GBytes),16.1391,0.763,1.7974166666666667,2.947719530934983,24,Spike,5.216269675128446,,high,Critical,4week_rolling_avg,"KPI spike on last day: value=16.14 vs 24-day median=0.76 (z-score=+5.22, impact=enhancement, method=z-score (threshold 3.0))"
2026-05-18,LCAIN10576,LCAIN10576-2,2,UL Traffic,(HU) UL Traffic Volume (GBytes),27.359,0.95885,2.2339583333333337,2.528242582459976,24,Spike,10.442095304918368,,high,Critical,4week_rolling_avg,"KPI spike on last day: value=27.36 vs 24-day median=0.96 (z-score=+10.44, impact=enhancement, method=z-score (threshold 3.0))"
2026-05-18,LCAIN10581,LCAIN10581-6,6,UL Traffic,(HU) UL Traffic Volume (GBytes),5.7347,1.5874000000000001,1.7108291666666666,0.521984831739364,24,Spike,7.945250029929639,,high,Critical,4week_rolling_avg,"KPI spike on last day: value=5.73 vs 24-day median=1.59 (z-score=+7.95, impact=enhancement, method=z-score (threshold 3.0))"
2026-05-18,LCAIN10634,LCAIN10634-1,1,UL Traffic,(HU) UL Traffic Volume (GBytes),1.373,0.11285,0.14052499999999998,0.11606416418659696,24,Spike,10.857356435825016,,high,Critical,4week_rolling_avg,"KPI spike on last day: value=1.37 vs 24-day median=0.11 (z-score=+10.86, impact=enhancement, method=z-score (threshold 3.0))"
2026-05-18,LCAIN10753,LCAIN10753-5,5,UL Traffic,(HU) UL Traffic Volume (GBytes),5.7516,1.4966,1.5576625000000002,0.7446301782386676,24,Spike,5.714245976525805,,high,Critical,4week_rolling_avg,"KPI spike on last day: value=5.75 vs 24-day median=1.50 (z-score=+5.71, impact=enhancement, method=z-score (threshold 3.0))"
2026-05-18,LCAIN10760,LCAIN10760-1,1,UL Traffic,(HU) UL Traffic Volume (GBytes),0.8567,0.10325000000000001,0.11424583333333332,0.048681241931284196,24,Spike,15.477214017331956,,high,Critical,4week_rolling_avg,"KPI spike on last day: value=0.86 vs 24-day median=0.10 (z-score=+15.48, impact=enhancement, method=z-score (threshold 3.0))"
2026-05-18,LCAIN10971,LCAIN10971-3,3,UL Traffic,(HU) UL Traffic Volume (GBytes),7.1575,0.63775,0.9618916666666668,1.019839570682838,24,Spike,6.392917266031041,,high,Critical,4week_rolling_avg,"KPI spike on last day: value=7.16 vs 24-day median=0.64 (z-score=+6.39, impact=enhancement, method=z-score (threshold 3.0))"
2026-05-18,LCAIN11651,LCAIN11651-3,3,UL Traffic,(HU) UL Traffic Volume (GBytes),8.7726,0.79415,1.0231125,1.0338853532156018,24,Spike,7.716958147424505,,high,Critical,4week_rolling_avg,"KPI spike on last day: value=8.77 vs 24-day median=0.79 (z-score=+7.72, impact=enhancement, method=z-score (threshold 3.0))"
2026-05-18,LCAIN11838,LCAIN11838-2,2,UL Traffic,(HU) UL Traffic Volume (GBytes),5.3355,1.2052,1.4610375,0.8212214296463632,24,Spike,5.029459596273081,,high,Critical,4week_rolling_avg,"KPI spike on last day: value=5.34 vs 24-day median=1.21 (z-score=+5.03, impact=enhancement, method=z-score (threshold 3.0))"
2026-05-18,LCAIN12250,LCAIN12250-5,5,UL Traffic,(HU) UL Traffic Volume (GBytes),5.7067,2.128,2.1360958333333335,0.44486048887934765,24,Spike,8.044544502064316,,high,Critical,4week_rolling_avg,"KPI spike on last day: value=5.71 vs 24-day median=2.13 (z-score=+8.04, impact=enhancement, method=z-score (threshold 3.0))"
2026-05-18,LCAIN12461,LCAIN12461-2,2,UL Traffic,(HU) UL Traffic Volume (GBytes),2.222,0.14,0.2580608695652174,0.28378236415947256,23,Spike,7.33660812984845,,high,Critical,4week_rolling_avg,"KPI spike on last day: value=2.22 vs 24-day median=0.14 (z-score=+7.34, impact=enhancement, method=z-score (threshold 3.0))"
2026-05-18,LCAIN12522,LCAIN12522-3,3,UL Traffic,(HU) UL Traffic Volume (GBytes),2.7364,0.3761,0.39959999999999996,0.3496217086086543,23,Spike,6.751010998124201,,high,Critical,4week_rolling_avg,"KPI spike on last day: value=2.74 vs 24-day median=0.38 (z-score=+6.75, impact=enhancement, method=z-score (threshold 3.0))"
2026-05-18,LCAIN12581,LCAIN12581-3,3,UL Traffic,(HU) UL Traffic Volume (GBytes),25.0929,4.63385,5.966574999999999,3.710084353516552,24,Spike,5.51444335237504,,high,Critical,4week_rolling_avg,"KPI spike on last day: value=25.09 vs 24-day median=4.63 (z-score=+5.51, impact=enhancement, method=z-score (threshold 3.0))"
2026-05-18,LCAIN12581,LCAIN12581-6,6,UL Traffic,(HU) UL Traffic Volume (GBytes),29.7488,10.3055,10.531979166666668,2.3650468610542665,24,Spike,8.22110560267409,,high,Critical,4week_rolling_avg,"KPI spike on last day: value=29.75 vs 24-day median=10.31 (z-score=+8.22, impact=enhancement, method=z-score (threshold 3.0))"
2026-05-18,LCAIN12840,LCAIN12840-1,1,UL Traffic,(HU) UL Traffic Volume (GBytes),1.1229,0.2417,0.2417,,1,Spike,,364.5841952834092,high,Critical,4week_rolling_avg,"KPI spike on last day: value=1.12 vs historical value=0.24 (change=+364.6%, impact=enhancement, method=%change (1-week, threshold 50.0%))"
2026-05-18,LCAIN12840,LCAIN12840-2,2,UL Traffic,(HU) UL Traffic Volume (GBytes),1.8703,0.4646,0.4646,,1,Spike,,302.5613430908308,high,Critical,4week_rolling_avg,"KPI spike on last day: value=1.87 vs historical value=0.46 (change=+302.6%, impact=enhancement, method=%change (1-week, threshold 50.0%))"
2026-05-18,LCAIN12840,LCAIN12840-3,3,UL Traffic,(HU) UL Traffic Volume (GBytes),2.9659,0.884,0.884,,1,Spike,,235.50904977375566,high,Critical,4week_rolling_avg,"KPI spike on last day: value=2.97 vs historical value=0.88 (change=+235.5%, impact=enhancement, method=%change (1-week, threshold 50.0%))"
2026-05-18,LCAIN12840,LCAIN12840-5,5,UL Traffic,(HU) UL Traffic Volume (GBytes),2.5744,0.8038,0.8038,,1,Spike,,220.27867628763374,high,Critical,4week_rolling_avg,"KPI spike on last day: value=2.57 vs historical value=0.80 (change=+220.3%, impact=enhancement, method=%change (1-week, threshold 50.0%))"
2026-05-18,LCAIN12840,LCAIN12840-6,6,UL Traffic,(HU) UL Traffic Volume (GBytes),5.2747,1.4691,1.4691,,1,Spike,,259.04295146688446,high,Critical,4week_rolling_avg,"KPI spike on last day: value=5.27 vs historical value=1.47 (change=+259.0%, impact=enhancement, method=%change (1-week, threshold 50.0%))"
2026-05-18,LCAIN12840,LCAIN12840-7,7,UL Traffic,(HU) UL Traffic Volume (GBytes),2.6946,0.5756,0.5756,,1,Spike,,368.13759555246696,high,Critical,4week_rolling_avg,"KPI spike on last day: value=2.69 vs historical value=0.58 (change=+368.1%, impact=enhancement, method=%change (1-week, threshold 50.0%))"
2026-05-18,LCAIN12861,LCAIN12861-2,2,UL Traffic,(HU) UL Traffic Volume (GBytes),2.4676,0.6449499999999999,0.7368041666666668,0.3451368019582557,24,Spike,5.280949437030623,,high,Critical,4week_rolling_avg,"KPI spike on last day: value=2.47 vs 24-day median=0.64 (z-score=+5.28, impact=enhancement, method=z-score (threshold 3.0))"
2026-05-18,LCAIN12889,LCAIN12889-5,5,UL Traffic,(HU) UL Traffic Volume (GBytes),56.6558,10.38825,10.999179999999999,5.21734403787981,20,Spike,8.86802742239745,,high,Critical,4week_rolling_avg,"KPI spike on last day: value=56.66 vs 24-day median=10.39 (z-score=+8.87, impact=enhancement, method=z-score (threshold 3.0))"
2026-05-18,LCAIN12896,LCAIN12896-2,2,UL Traffic,(HU) UL Traffic Volume (GBytes),9.9515,0.4649,0.6229333333333333,0.4127335335567274,24,Spike,22.984805519070164,,high,Critical,4week_rolling_avg,"KPI spike on last day: value=9.95 vs 24-day median=0.46 (z-score=+22.98, impact=enhancement, method=z-score (threshold 3.0))"
2026-05-18,LCAIN12930,LCAIN12930-6,6,UL Traffic,(HU) UL Traffic Volume (GBytes),14.0303,3.5825500000000003,4.409411111111111,1.7543686005350216,18,Spike,5.955276443510102,,high,Critical,4week_rolling_avg,"KPI spike on last day: value=14.03 vs 24-day median=3.58 (z-score=+5.96, impact=enhancement, method=z-score (threshold 3.0))"
2026-05-18,LCAIN10112_03-2-12-46,LCAIN10112-6,6,VoLTE KPIs,BA_Voice E2E VQI,3.2756,3.8289,3.810891304347826,0.08876031189593629,23,Spike,-6.233641907981306,,low,Critical,4week_rolling_avg,"KPI spike on last day: value=3.28 vs 24-day median=3.83 (z-score=-6.23, impact=degradation, method=z-score (threshold 3.0))"
2026-05-18,LCAIN10514,LCAIN10514-7,7,VoLTE KPIs,BA_Voice E2E VQI,3.28,3.9,3.8804000000000003,0.03394819582834991,4,Spike,-18.263120760080046,,low,Critical,4week_rolling_avg,"KPI spike on last day: value=3.28 vs 24-day median=3.90 (z-score=-18.26, impact=degradation, method=z-score (threshold 3.0))"
2026-05-18,LCAIN12005,LCAIN12005-7,7,VoLTE KPIs,BA_Voice E2E VQI,2.76,3.8749,3.845880952380953,0.06982037237864727,21,Spike,-15.968118788506532,,low,Critical,4week_rolling_avg,"KPI spike on last day: value=2.76 vs 24-day median=3.87 (z-score=-15.97, impact=degradation, method=z-score (threshold 3.0))"
2026-05-18,LCAIN12837,LCAIN12837-6,6,VoLTE KPIs,BA_Voice E2E VQI,1.0,3.7658,3.7318714285714285,0.15893340666801947,21,Spike,-17.402257070958093,,low,Critical,4week_rolling_avg,"KPI spike on last day: value=1.00 vs 24-day median=3.77 (z-score=-17.40, impact=degradation, method=z-score (threshold 3.0))"
2026-05-18,LCAIN12868,LCAIN12868-7,7,VoLTE KPIs,BA_Voice E2E VQI,1.0,3.8148,3.719234782608696,0.19179748288844675,23,Spike,-14.67589645916857,,low,Critical,4week_rolling_avg,"KPI spike on last day: value=1.00 vs 24-day median=3.81 (z-score=-14.68, impact=degradation, method=z-score (threshold 3.0))"
2026-05-18,LCAIN10458,LCAIN10458-1,1,Availability,Availability,99.6759,100.0,99.97974583333333,0.07229340091579689,24,Spike,-4.483120117387949,,low,High,4week_rolling_avg,"KPI spike on last day: value=99.68 vs 24-day median=100.00 (z-score=-4.48, impact=degradation, method=z-score (threshold 3.0))"
2026-05-18,LCAIN10458,LCAIN10458-2,2,Availability,Availability,99.6759,100.0,99.97974583333333,0.07229340091579689,24,Spike,-4.483120117387949,,low,High,4week_rolling_avg,"KPI spike on last day: value=99.68 vs 24-day median=100.00 (z-score=-4.48, impact=degradation, method=z-score (threshold 3.0))"
2026-05-18,LCAIN10458,LCAIN10458-3,3,Availability,Availability,99.6701,100.0,99.97974583333333,0.07229340091579689,24,Spike,-4.563348740284651,,low,High,4week_rolling_avg,"KPI spike on last day: value=99.67 vs 24-day median=100.00 (z-score=-4.56, impact=degradation, method=z-score (threshold 3.0))"
2026-05-18,LCAIN10458,LCAIN10458-5,5,Availability,Availability,99.6701,100.0,99.97950833333334,0.07272894836690218,24,Spike,-4.536020489884154,,low,High,4week_rolling_avg,"KPI spike on last day: value=99.67 vs 24-day median=100.00 (z-score=-4.54, impact=degradation, method=z-score (threshold 3.0))"
2026-05-18,LCAIN10458,LCAIN10458-6,6,Availability,Availability,99.6701,100.0,99.97950833333334,0.07272894836690218,24,Spike,-4.536020489884154,,low,High,4week_rolling_avg,"KPI spike on last day: value=99.67 vs 24-day median=100.00 (z-score=-4.54, impact=degradation, method=z-score (threshold 3.0))"
2026-05-18,LCAIN10458,LCAIN10458-7,7,Availability,Availability,99.6701,100.0,99.97950833333334,0.07272894836690218,24,Spike,-4.536020489884154,,low,High,4week_rolling_avg,"KPI spike on last day: value=99.67 vs 24-day median=100.00 (z-score=-4.54, impact=degradation, method=z-score (threshold 3.0))"
2026-05-18,LCAIN10497,LCAIN10497-1,1,Availability,Availability,99.4907,100.0,99.97395833333333,0.12489144591960206,24,Spike,-4.077941417443867,,low,High,4week_rolling_avg,"KPI spike on last day: value=99.49 vs 24-day median=100.00 (z-score=-4.08, impact=degradation, method=z-score (threshold 3.0))"
2026-05-18,LCAIN10497,LCAIN10497-2,2,Availability,Availability,99.4907,100.0,99.97395833333333,0.12489144591960206,24,Spike,-4.077941417443867,,low,High,4week_rolling_avg,"KPI spike on last day: value=99.49 vs 24-day median=100.00 (z-score=-4.08, impact=degradation, method=z-score (threshold 3.0))"
2026-05-18,LCAIN10497,LCAIN10497-3,3,Availability,Availability,99.4907,100.0,99.97395833333333,0.12489144591960206,24,Spike,-4.077941417443867,,low,High,4week_rolling_avg,"KPI spike on last day: value=99.49 vs 24-day median=100.00 (z-score=-4.08, impact=degradation, method=z-score (threshold 3.0))"
2026-05-18,LCAIN15442,LCAIN15442-1,1,Availability,Availability,99.3576,100.0,99.96889583333332,0.1491703430063722,24,Spike,-4.306486041749956,,low,High,4week_rolling_avg,"KPI spike on last day: value=99.36 vs 24-day median=100.00 (z-score=-4.31, impact=degradation, method=z-score (threshold 3.0))"
2026-05-18,LCAIN15442,LCAIN15442-2,2,Availability,Availability,99.3576,100.0,99.96889583333332,0.1491703430063722,24,Spike,-4.306486041749956,,low,High,4week_rolling_avg,"KPI spike on last day: value=99.36 vs 24-day median=100.00 (z-score=-4.31, impact=degradation, method=z-score (threshold 3.0))"
2026-05-18,LCAIN15442,LCAIN15442-3,3,Availability,Availability,99.3576,100.0,99.96889583333332,0.1491703430063722,24,Spike,-4.306486041749956,,low,High,4week_rolling_avg,"KPI spike on last day: value=99.36 vs 24-day median=100.00 (z-score=-4.31, impact=degradation, method=z-score (threshold 3.0))"
2026-05-18,LCAIN15442,LCAIN15442-5,5,Availability,Availability,99.3576,100.0,99.96889583333332,0.1491703430063722,24,Spike,-4.306486041749956,,low,High,4week_rolling_avg,"KPI spike on last day: value=99.36 vs 24-day median=100.00 (z-score=-4.31, impact=degradation, method=z-score (threshold 3.0))"
2026-05-18,LCAIN15442,LCAIN15442-6,6,Availability,Availability,99.3576,100.0,99.96889583333332,0.1491703430063722,24,Spike,-4.306486041749956,,low,High,4week_rolling_avg,"KPI spike on last day: value=99.36 vs 24-day median=100.00 (z-score=-4.31, impact=degradation, method=z-score (threshold 3.0))"
2026-05-18,LCAIN10120,LCAIN10120-5,5,CSFB KPI,CSFB SR%,100.8547,100.0,100.044325,0.2125752322708364,24,Spike,4.02069418374688,,high,High,4week_rolling_avg,"KPI spike on last day: value=100.85 vs 24-day median=100.00 (z-score=+4.02, impact=enhancement, method=z-score (threshold 3.0))"
2026-05-18,LCAIN10457,LCAIN10457-2,2,CSFB KPI,CSFB SR%,100.8054,100.0,100.07130416666666,0.18115739123564836,24,Spike,4.4458577952933025,,high,High,4week_rolling_avg,"KPI spike on last day: value=100.81 vs 24-day median=100.00 (z-score=+4.45, impact=enhancement, method=z-score (threshold 3.0))"
2026-05-18,LCAIN10495,LCAIN10495-3,3,CSFB KPI,CSFB SR%,102.0833,100.16499999999999,100.2539875,0.40496249241184756,24,Spike,4.73698190806542,,high,High,4week_rolling_avg,"KPI spike on last day: value=102.08 vs 24-day median=100.16 (z-score=+4.74, impact=enhancement, method=z-score (threshold 3.0))"
2026-05-18,LCAIN10495,LCAIN10495-6,6,CSFB KPI,CSFB SR%,99.359,100.0,100.01618333333334,0.14632888660669796,24,Spike,-4.380543137206271,,low,High,4week_rolling_avg,"KPI spike on last day: value=99.36 vs 24-day median=100.00 (z-score=-4.38, impact=degradation, method=z-score (threshold 3.0))"
2026-05-18,LCAIN10764,LCAIN10764-6,6,CSFB KPI,CSFB SR%,100.7813,100.0,100.096385,0.18482253454327424,20,Spike,4.227298375334575,,high,High,4week_rolling_avg,"KPI spike on last day: value=100.78 vs 24-day median=100.00 (z-score=+4.23, impact=enhancement, method=z-score (threshold 3.0))"
2026-05-18,LCAIN10931,LCAIN10931-7,7,CSFB KPI,CSFB SR%,101.0989,100.0,100.05120833333335,0.24248004199085907,24,Spike,4.5319193735599335,,high,High,4week_rolling_avg,"KPI spike on last day: value=101.10 vs 24-day median=100.00 (z-score=+4.53, impact=enhancement, method=z-score (threshold 3.0))"
2026-05-18,LCAIN12839,LCAIN12839-3,3,CSFB KPI,CSFB SR%,110.0,100.0,101.14664545454546,2.313334186982321,22,Spike,4.3227649754507445,,high,High,4week_rolling_avg,"KPI spike on last day: value=110.00 vs 24-day median=100.00 (z-score=+4.32, impact=enhancement, method=z-score (threshold 3.0))"
2026-05-18,LCAIN12892,LCAIN12892-7,7,CSFB KPI,CSFB SR%,101.0417,100.0,100.01842916666668,0.22482685278373465,24,Spike,4.633343335558042,,high,High,4week_rolling_avg,"KPI spike on last day: value=101.04 vs 24-day median=100.00 (z-score=+4.63, impact=enhancement, method=z-score (threshold 3.0))"
2026-05-18,LCAIN12893,LCAIN12893-6,6,CSFB KPI,CSFB SR%,100.6711,100.0,100.03083478260871,0.1446279502985546,23,Spike,4.640181919294631,,high,High,4week_rolling_avg,"KPI spike on last day: value=100.67 vs 24-day median=100.00 (z-score=+4.64, impact=enhancement, method=z-score (threshold 3.0))"
2026-05-18,LCAIN10751,LCAIN10751-6,6,DL Throughput,(HU) User DL Average Throughput (Mbps),15.8377,10.2614,10.785689473684211,1.2144212097233968,19,Spike,4.591734692504332,,high,High,4week_rolling_avg,"KPI spike on last day: value=15.84 vs 24-day median=10.26 (z-score=+4.59, impact=enhancement, method=z-score (threshold 3.0))"
2026-05-18,LCAIN10752,LCAIN10752-6,6,DL Throughput,(HU) User DL Average Throughput (Mbps),49.0476,33.753299999999996,34.32007083333333,3.7726279486231666,24,Spike,4.054017572971041,,high,High,4week_rolling_avg,"KPI spike on last day: value=49.05 vs 24-day median=33.75 (z-score=+4.05, impact=enhancement, method=z-score (threshold 3.0))"
2026-05-18,LCAIN10968,LCAIN10968-5,5,DL Throughput,(HU) User DL Average Throughput (Mbps),23.5015,13.835650000000001,14.101454166666665,2.1530132295574282,24,Spike,4.48945220925879,,high,High,4week_rolling_avg,"KPI spike on last day: value=23.50 vs 24-day median=13.84 (z-score=+4.49, impact=enhancement, method=z-score (threshold 3.0))"
2026-05-18,LCAIN11826,LCAIN11826-6,6,DL Throughput,(HU) User DL Average Throughput (Mbps),10.646,18.558950000000003,18.580358333333333,1.6419916749983505,24,Spike,-4.819117003140684,,low,High,4week_rolling_avg,"KPI spike on last day: value=10.65 vs 24-day median=18.56 (z-score=-4.82, impact=degradation, method=z-score (threshold 3.0))"
2026-05-18,LCAIN12005,LCAIN12005-1,1,DL Throughput,(HU) User DL Average Throughput (Mbps),13.8188,21.4297,21.518921739130434,1.580259030763634,23,Spike,-4.816235725811458,,low,High,4week_rolling_avg,"KPI spike on last day: value=13.82 vs 24-day median=21.43 (z-score=-4.82, impact=degradation, method=z-score (threshold 3.0))"
2026-05-18,LCAIN12840,LCAIN12840-1,1,DL Throughput,(HU) User DL Average Throughput (Mbps),12.5003,6.6665,6.6665,,1,Spike,,87.50918772969322,high,High,4week_rolling_avg,"KPI spike on last day: value=12.50 vs historical value=6.67 (change=+87.5%, impact=enhancement, method=%change (1-week, threshold 50.0%))"
2026-05-18,LCAIN16565,LCAIN16565-1,1,DL Throughput,(HU) User DL Average Throughput (Mbps),24.2042,12.9497,13.334500000000002,2.72435219902784,23,Spike,4.131073803165415,,high,High,4week_rolling_avg,"KPI spike on last day: value=24.20 vs 24-day median=12.95 (z-score=+4.13, impact=enhancement, method=z-score (threshold 3.0))"
2026-05-18,LCAIE10001,LCAIE10001-2,2,DL Traffic,(HU) DL Traffic Volume (GBytes),15.9675,3.43365,4.402633333333333,2.793064211528661,24,Spike,4.4874908168116,,high,High,4week_rolling_avg,"KPI spike on last day: value=15.97 vs 24-day median=3.43 (z-score=+4.49, impact=enhancement, method=z-score (threshold 3.0))"
2026-05-18,LCAIN10110,LCAIN10110-7,7,DL Traffic,(HU) DL Traffic Volume (GBytes),9.7224,3.5111499999999998,3.8270625000000003,1.4808394088636856,24,Spike,4.194411603866061,,high,High,4week_rolling_avg,"KPI spike on last day: value=9.72 vs 24-day median=3.51 (z-score=+4.19, impact=enhancement, method=z-score (threshold 3.0))"
2026-05-18,LCAIN10369,LCAIN10369-7,7,DL Traffic,(HU) DL Traffic Volume (GBytes),0.9742,26.947000000000003,26.20423333333333,6.238780853437811,24,Spike,-4.163121066464128,,low,High,4week_rolling_avg,"KPI spike on last day: value=0.97 vs 24-day median=26.95 (z-score=-4.16, impact=degradation, method=z-score (threshold 3.0))"
2026-05-18,LCAIN10989,LCAIN10989-3,3,DL Traffic,(HU) DL Traffic Volume (GBytes),24.1445,10.5671,10.816820833333333,3.265505938847655,24,Spike,4.157824317046335,,high,High,4week_rolling_avg,"KPI spike on last day: value=24.14 vs 24-day median=10.57 (z-score=+4.16, impact=enhancement, method=z-score (threshold 3.0))"
2026-05-18,LCAIN12215,LCAIN12215-6,6,DL Traffic,(HU) DL Traffic Volume (GBytes),7.2847,2.75415,2.6454291666666667,0.9353684694988595,24,Spike,4.843599231463643,,high,High,4week_rolling_avg,"KPI spike on last day: value=7.28 vs 24-day median=2.75 (z-score=+4.84, impact=enhancement, method=z-score (threshold 3.0))"
2026-05-18,LCAIN12930,LCAIN12930-6,6,DL Traffic,(HU) DL Traffic Volume (GBytes),64.4265,20.40775,25.249738888888892,10.871783571456836,18,Spike,4.04889866604486,,high,High,4week_rolling_avg,"KPI spike on last day: value=64.43 vs 24-day median=20.41 (z-score=+4.05, impact=enhancement, method=z-score (threshold 3.0))"
2026-05-18,LCAIN10457,LCAIN10457-7,7,E-RAB Drop Rate,E-RAB Drop Rate (E-NodeB + MME) %,0.6804,0.29974999999999996,0.3171083333333333,0.09367598374479745,24,Spike,4.063474807342394,,high,High,4week_rolling_avg,"KPI spike on last day: value=0.68 vs 24-day median=0.30 (z-score=+4.06, impact=degradation, method=z-score (threshold 3.0))"
2026-05-18,LCAIN10494,LCAIN10494-7,7,E-RAB Drop Rate,E-RAB Drop Rate (E-NodeB + MME) %,2.5973,0.4781,0.6051958333333333,0.48823091060068313,24,Spike,4.340569091360261,,high,High,4week_rolling_avg,"KPI spike on last day: value=2.60 vs 24-day median=0.48 (z-score=+4.34, impact=degradation, method=z-score (threshold 3.0))"
2026-05-18,LCAIN10545_Cow -Tagamo5,LCAIN10545-3,3,E-RAB Drop Rate,E-RAB Drop Rate (E-NodeB + MME) %,2.8258,1.9585,1.9430133333333335,0.2167186190022034,15,Spike,4.001963486077688,,high,High,4week_rolling_avg,"KPI spike on last day: value=2.83 vs 24-day median=1.96 (z-score=+4.00, impact=degradation, method=z-score (threshold 3.0))"
2026-05-18,LCAIN11826,LCAIN11826-7,7,E-RAB Drop Rate,E-RAB Drop Rate (E-NodeB + MME) %,3.6213,2.2939,2.3104375000000004,0.29585053350819457,24,Spike,4.486725050854889,,high,High,4week_rolling_avg,"KPI spike on last day: value=3.62 vs 24-day median=2.29 (z-score=+4.49, impact=degradation, method=z-score (threshold 3.0))"
2026-05-18,LCAIN10458,LCAIN10458-6,6,ERAB Setup SR,ERAB Setup Success Rate,99.3334,99.9547,99.914225,0.1267541690635859,24,Spike,-4.901613923943848,,low,High,4week_rolling_avg,"KPI spike on last day: value=99.33 vs 24-day median=99.95 (z-score=-4.90, impact=degradation, method=z-score (threshold 3.0))"
2026-05-18,LCAIN10581,LCAIN10581-1,1,ERAB Setup SR,ERAB Setup Success Rate,99.5726,99.89654999999999,99.8852,0.06657118996482769,24,Spike,-4.866219158334898,,low,High,4week_rolling_avg,"KPI spike on last day: value=99.57 vs 24-day median=99.90 (z-score=-4.87, impact=degradation, method=z-score (threshold 3.0))"
2026-05-18,LCAIN11489,LCAIN11489-7,7,ERAB Setup SR,ERAB Setup Success Rate,99.553,99.9053,99.88277916666668,0.08265007047368678,24,Spike,-4.262549299485002,,low,High,4week_rolling_avg,"KPI spike on last day: value=99.55 vs 24-day median=99.91 (z-score=-4.26, impact=degradation, method=z-score (threshold 3.0))"
2026-05-18,LCAIN12215,LCAIN12215-7,7,ERAB Setup SR,ERAB Setup Success Rate,99.5907,99.97874999999999,99.95884583333333,0.09252315916914539,24,Spike,-4.194085064589965,,low,High,4week_rolling_avg,"KPI spike on last day: value=99.59 vs 24-day median=99.98 (z-score=-4.19, impact=degradation, method=z-score (threshold 3.0))"
2026-05-18,LCAIN12262,LCAIN12262-2,2,ERAB Setup SR,ERAB Setup Success Rate,99.646,99.8968,99.89134583333333,0.05118701804141507,24,Spike,-4.899679832825534,,low,High,4week_rolling_avg,"KPI spike on last day: value=99.65 vs 24-day median=99.90 (z-score=-4.90, impact=degradation, method=z-score (threshold 3.0))"
2026-05-18,LCAIN12371,LCAIN12371-2,2,ERAB Setup SR,ERAB Setup Success Rate,96.0117,99.38,99.05951739130434,0.7882363779499308,23,Spike,-4.273210542198481,,low,High,4week_rolling_avg,"KPI spike on last day: value=96.01 vs 24-day median=99.38 (z-score=-4.27, impact=degradation, method=z-score (threshold 3.0))"
2026-05-18,LCAIN12371,LCAIN12371-6,6,ERAB Setup SR,ERAB Setup Success Rate,98.026,99.8693,99.72402173913042,0.42611452630414953,23,Spike,-4.325832343683818,,low,High,4week_rolling_avg,"KPI spike on last day: value=98.03 vs 24-day median=99.87 (z-score=-4.33, impact=degradation, method=z-score (threshold 3.0))"
2026-05-18,LCAIN12838,LCAIN12838-3,3,ERAB Setup SR,ERAB Setup Success Rate,99.4745,99.88935000000001,99.85747916666668,0.09436033320542464,24,Spike,-4.396444839770364,,low,High,4week_rolling_avg,"KPI spike on last day: value=99.47 vs 24-day median=99.89 (z-score=-4.40, impact=degradation, method=z-score (threshold 3.0))"
2026-05-18,LCAIN16565,LCAIN16565-7,7,ERAB Setup SR,ERAB Setup Success Rate,99.6399,99.9327,99.92466521739131,0.06075178729663351,23,Spike,-4.819611290945919,,low,High,4week_rolling_avg,"KPI spike on last day: value=99.64 vs 24-day median=99.93 (z-score=-4.82, impact=degradation, method=z-score (threshold 3.0))"
2026-05-18,LCAIN10545_Cow -Tagamo5,LCAIN10545-2,2,HO Success Rate,HO SR% Overall,97.0509,99.4778,99.37976,0.4894469474825638,15,Spike,-4.958453643408329,,low,High,4week_rolling_avg,"KPI spike on last day: value=97.05 vs 24-day median=99.48 (z-score=-4.96, impact=degradation, method=z-score (threshold 3.0))"
2026-05-18,LCAIN10595,LCAIN10595-5,5,HO Success Rate,HO SR% Overall,99.4734,99.7875,99.77245416666665,0.07472791746934696,24,Spike,-4.203248406177499,,low,High,4week_rolling_avg,"KPI spike on last day: value=99.47 vs 24-day median=99.79 (z-score=-4.20, impact=degradation, method=z-score (threshold 3.0))"
2026-05-18,LCAIN10634,LCAIN10634-1,1,HO Success Rate,HO SR% Overall,89.6694,99.80565,99.04419166666666,2.2818331280129196,24,Spike,-4.442152178247547,,low,High,4week_rolling_avg,"KPI spike on last day: value=89.67 vs 24-day median=99.81 (z-score=-4.44, impact=degradation, method=z-score (threshold 3.0))"
2026-05-18,LCAIN12070,LCAIN12070-6,6,HO Success Rate,HO SR% Overall,98.6392,99.6448,99.61242916666667,0.20719232707633245,24,Spike,-4.853461584171138,,low,High,4week_rolling_avg,"KPI spike on last day: value=98.64 vs 24-day median=99.64 (z-score=-4.85, impact=degradation, method=z-score (threshold 3.0))"
2026-05-18,LCAIN12591,LCAIN12591-2,2,HO Success Rate,HO SR% Overall,74.6134,98.96090000000001,97.22664999999999,5.011755867790583,24,Spike,-4.858077815895994,,low,High,4week_rolling_avg,"KPI spike on last day: value=74.61 vs 24-day median=98.96 (z-score=-4.86, impact=degradation, method=z-score (threshold 3.0))"
2026-05-18,LCAIN12893,LCAIN12893-6,6,HO Success Rate,HO SR% Overall,98.071,99.8424,99.66437391304348,0.442404201585315,23,Spike,-4.004030688796241,,low,High,4week_rolling_avg,"KPI spike on last day: value=98.07 vs 24-day median=99.84 (z-score=-4.00, impact=degradation, method=z-score (threshold 3.0))"
2026-05-18,LCAIN10108_Site_133,LCAIN10108-2,2,RACH Success Rate,(HU) RACH Success Rate(%),44.496,91.3086,88.30492500000001,11.295287813776223,24,Spike,-4.144436226131867,,low,High,4week_rolling_avg,"KPI spike on last day: value=44.50 vs 24-day median=91.31 (z-score=-4.14, impact=degradation, method=z-score (threshold 3.0))"
2026-05-18,LCAIN10120,LCAIN10120-6,6,RACH Success Rate,(HU) RACH Success Rate(%),49.2151,92.8628,89.54760416666666,10.136215892550796,24,Spike,-4.306113885367923,,low,High,4week_rolling_avg,"KPI spike on last day: value=49.22 vs 24-day median=92.86 (z-score=-4.31, impact=degradation, method=z-score (threshold 3.0))"
2026-05-18,LCAIN11489,LCAIN11489-6,6,RACH Success Rate,(HU) RACH Success Rate(%),78.8666,90.6106,89.68044583333334,2.8634270372200232,24,Spike,-4.101379168159891,,low,High,4week_rolling_avg,"KPI spike on last day: value=78.87 vs 24-day median=90.61 (z-score=-4.10, impact=degradation, method=z-score (threshold 3.0))"
2026-05-18,LCAIN12059,LCAIN12059-1,1,RACH Success Rate,(HU) RACH Success Rate(%),61.4237,90.9999,88.43977083333333,7.084513977947436,24,Spike,-4.174767682308812,,low,High,4week_rolling_avg,"KPI spike on last day: value=61.42 vs 24-day median=91.00 (z-score=-4.17, impact=degradation, method=z-score (threshold 3.0))"
2026-05-18,LCAIN12581,LCAIN12581-5,5,RACH Success Rate,(HU) RACH Success Rate(%),78.4687,95.34725,93.53530416666666,4.004666748045249,24,Spike,-4.214720240638933,,low,High,4week_rolling_avg,"KPI spike on last day: value=78.47 vs 24-day median=95.35 (z-score=-4.21, impact=degradation, method=z-score (threshold 3.0))"
2026-05-18,LCAIN12583,LCAIN12583-5,5,RACH Success Rate,(HU) RACH Success Rate(%),72.9547,93.9933,92.2553375,5.019579361013273,24,Spike,-4.1913073759537225,,low,High,4week_rolling_avg,"KPI spike on last day: value=72.95 vs 24-day median=93.99 (z-score=-4.19, impact=degradation, method=z-score (threshold 3.0))"
2026-05-18,LCAIN13992,LCAIN13992-2,2,RACH Success Rate,(HU) RACH Success Rate(%),88.0803,95.90305000000001,95.51705833333331,1.830971533985138,24,Spike,-4.272458558093296,,low,High,4week_rolling_avg,"KPI spike on last day: value=88.08 vs 24-day median=95.90 (z-score=-4.27, impact=degradation, method=z-score (threshold 3.0))"
2026-05-18,LCAIN10112_03-2-12-46,LCAIN10112-6,6,RRC Re-establishment,RRC Reestablish Setup Success Rate(%),52.0833,81.203,80.30775217391304,6.3722578923677515,23,Spike,-4.569761690730935,,low,High,4week_rolling_avg,"KPI spike on last day: value=52.08 vs 24-day median=81.20 (z-score=-4.57, impact=degradation, method=z-score (threshold 3.0))"
2026-05-18,LCAIN10990,LCAIN10990-2,2,RRC Re-establishment,RRC Reestablish Setup Success Rate(%),70.9091,90.8856,89.79248333333334,4.275866503281982,24,Spike,-4.671918542046822,,low,High,4week_rolling_avg,"KPI spike on last day: value=70.91 vs 24-day median=90.89 (z-score=-4.67, impact=degradation, method=z-score (threshold 3.0))"
2026-05-18,LCAIN10112_03-2-12-46,LCAIN10112-5,5,RRC Setup SR,(TE) RRC Setup SR%,99.9218,99.9939,99.98696956521736,0.017135582982751658,23,Spike,-4.2076187353862595,,low,High,4week_rolling_avg,"KPI spike on last day: value=99.92 vs 24-day median=99.99 (z-score=-4.21, impact=degradation, method=z-score (threshold 3.0))"
2026-05-18,LCAIN10112_03-2-12-46,LCAIN10112-7,7,RRC Setup SR,(TE) RRC Setup SR%,99.948,99.9912,99.98744782608695,0.01024478104950819,23,Spike,-4.216781187538103,,low,High,4week_rolling_avg,"KPI spike on last day: value=99.95 vs 24-day median=99.99 (z-score=-4.22, impact=degradation, method=z-score (threshold 3.0))"
2026-05-18,LCAIN10120,LCAIN10120-2,2,RRC Setup SR,(TE) RRC Setup SR%,99.8163,100.0,99.98256249999999,0.04378447986539663,24,Spike,-4.195550582414979,,low,High,4week_rolling_avg,"KPI spike on last day: value=99.82 vs 24-day median=100.00 (z-score=-4.20, impact=degradation, method=z-score (threshold 3.0))"
2026-05-18,LCAIN10369,LCAIN10369-2,2,RRC Setup SR,(TE) RRC Setup SR%,99.5536,99.82939999999999,99.81700416666666,0.06826913943580672,24,Spike,-4.039892728680484,,low,High,4week_rolling_avg,"KPI spike on last day: value=99.55 vs 24-day median=99.83 (z-score=-4.04, impact=degradation, method=z-score (threshold 3.0))"
2026-05-18,LCAIN10369,LCAIN10369-3,3,RRC Setup SR,(TE) RRC Setup SR%,99.6078,99.91145,99.89800416666667,0.07236765782658354,24,Spike,-4.195935161086032,,low,High,4week_rolling_avg,"KPI spike on last day: value=99.61 vs 24-day median=99.91 (z-score=-4.20, impact=degradation, method=z-score (threshold 3.0))"
2026-05-18,LCAIN10446,LCAIN10446-7,7,RRC Setup SR,(TE) RRC Setup SR%,99.6467,99.97915,99.94223749999999,0.08084364442397422,24,Spike,-4.112258945879738,,low,High,4week_rolling_avg,"KPI spike on last day: value=99.65 vs 24-day median=99.98 (z-score=-4.11, impact=degradation, method=z-score (threshold 3.0))"
2026-05-18,LCAIN10734,LCAIN10734-6,6,RRC Setup SR,(TE) RRC Setup SR%,99.9494,99.98825,99.98476249999999,0.009695394632676962,24,Spike,-4.007057110296269,,low,High,4week_rolling_avg,"KPI spike on last day: value=99.95 vs 24-day median=99.99 (z-score=-4.01, impact=degradation, method=z-score (threshold 3.0))"
2026-05-18,LCAIN11980,LCAIN11980-6,6,RRC Setup SR,(TE) RRC Setup SR%,99.7959,99.9697,99.96313571428571,0.037204370080155716,14,Spike,-4.671494225693191,,low,High,4week_rolling_avg,"KPI spike on last day: value=99.80 vs 24-day median=99.97 (z-score=-4.67, impact=degradation, method=z-score (threshold 3.0))"
2026-05-18,LCAIN12059,LCAIN12059-2,2,RRC Setup SR,(TE) RRC Setup SR%,98.6799,99.88335000000001,99.7509875,0.2753865545502958,24,Spike,-4.370039060059518,,low,High,4week_rolling_avg,"KPI spike on last day: value=98.68 vs 24-day median=99.88 (z-score=-4.37, impact=degradation, method=z-score (threshold 3.0))"
2026-05-18,LCAIN12070,LCAIN12070-3,3,RRC Setup SR,(TE) RRC Setup SR%,99.8933,100.0,99.98128333333334,0.026011050002301504,24,Spike,-4.102102759810256,,low,High,4week_rolling_avg,"KPI spike on last day: value=99.89 vs 24-day median=100.00 (z-score=-4.10, impact=degradation, method=z-score (threshold 3.0))"
2026-05-18,LCAIN12251,LCAIN12251-6,6,RRC Setup SR,(TE) RRC Setup SR%,99.4462,99.96725,99.93562083333332,0.10491133152638357,24,Spike,-4.96657503454683,,low,High,4week_rolling_avg,"KPI spike on last day: value=99.45 vs 24-day median=99.97 (z-score=-4.97, impact=degradation, method=z-score (threshold 3.0))"
2026-05-18,LCAIN12891,LCAIN12891-5,5,RRC Setup SR,(TE) RRC Setup SR%,99.9621,99.9898,99.98990416666668,0.006428937131352037,24,Spike,-4.308643782641936,,low,High,4week_rolling_avg,"KPI spike on last day: value=99.96 vs 24-day median=99.99 (z-score=-4.31, impact=degradation, method=z-score (threshold 3.0))"
2026-05-18,LCAIN10494,LCAIN10494-2,2,UL Throughput,(HU) User UL Average Throughput (Mbps),13.4198,5.49195,4.903191666666667,1.8911713838951478,24,Spike,4.192031493027045,,high,High,4week_rolling_avg,"KPI spike on last day: value=13.42 vs 24-day median=5.49 (z-score=+4.19, impact=enhancement, method=z-score (threshold 3.0))"
2026-05-18,LCAIN10513_Site_513,LCAIN10513-6,6,UL Throughput,(HU) User UL Average Throughput (Mbps),14.7437,5.77,6.414337499999999,1.969928742749447,24,Spike,4.555342437145888,,high,High,4week_rolling_avg,"KPI spike on last day: value=14.74 vs 24-day median=5.77 (z-score=+4.56, impact=enhancement, method=z-score (threshold 3.0))"
2026-05-18,LCAIN10514,LCAIN10514-3,3,UL Throughput,(HU) User UL Average Throughput (Mbps),21.9045,4.699999999999999,6.419745833333334,4.207816361445603,24,Spike,4.088700295392493,,high,High,4week_rolling_avg,"KPI spike on last day: value=21.90 vs 24-day median=4.70 (z-score=+4.09, impact=enhancement, method=z-score (threshold 3.0))"
2026-05-18,LCAIN10575,LCAIN10575-6,6,UL Throughput,(HU) User UL Average Throughput (Mbps),12.7646,4.15,4.759731578947368,1.8186960968471286,19,Spike,4.736690211703964,,high,High,4week_rolling_avg,"KPI spike on last day: value=12.76 vs 24-day median=4.15 (z-score=+4.74, impact=enhancement, method=z-score (threshold 3.0))"
2026-05-18,LCAIN10576,LCAIN10576-2,2,UL Throughput,(HU) User UL Average Throughput (Mbps),20.8333,4.35475,6.122262500000001,3.9414641083414366,24,Spike,4.180819499313963,,high,High,4week_rolling_avg,"KPI spike on last day: value=20.83 vs 24-day median=4.35 (z-score=+4.18, impact=enhancement, method=z-score (threshold 3.0))"
2026-05-18,LCAIN10753,LCAIN10753-5,5,UL Throughput,(HU) User UL Average Throughput (Mbps),8.0913,3.1044,3.2616750000000003,1.1057361621147848,24,Spike,4.510027048823531,,high,High,4week_rolling_avg,"KPI spike on last day: value=8.09 vs 24-day median=3.10 (z-score=+4.51, impact=enhancement, method=z-score (threshold 3.0))"
2026-05-18,LCAIN10760,LCAIN10760-2,2,UL Throughput,(HU) User UL Average Throughput (Mbps),5.0058,2.3772,2.4117583333333332,0.5916173009335417,24,Spike,4.443074933495359,,high,High,4week_rolling_avg,"KPI spike on last day: value=5.01 vs 24-day median=2.38 (z-score=+4.44, impact=enhancement, method=z-score (threshold 3.0))"
2026-05-18,LCAIN10987,LCAIN10987-5,5,UL Throughput,(HU) User UL Average Throughput (Mbps),8.4034,3.5237499999999997,3.7897875000000005,1.0219925955017564,24,Spike,4.7746432033632225,,high,High,4week_rolling_avg,"KPI spike on last day: value=8.40 vs 24-day median=3.52 (z-score=+4.77, impact=enhancement, method=z-score (threshold 3.0))"
2026-05-18,LCAIN12898,LCAIN12898-7,7,UL Throughput,(HU) User UL Average Throughput (Mbps),7.0006,3.8717,3.976721739130434,0.7739105953063379,23,Spike,4.042973463571053,,high,High,4week_rolling_avg,"KPI spike on last day: value=7.00 vs 24-day median=3.87 (z-score=+4.04, impact=enhancement, method=z-score (threshold 3.0))"
2026-05-18,LCAIN12919,LCAIN12919-1,1,UL Throughput,(HU) User UL Average Throughput (Mbps),6.5194,3.2681,3.4490833333333337,0.6674033348649742,24,Spike,4.871566907375114,,high,High,4week_rolling_avg,"KPI spike on last day: value=6.52 vs 24-day median=3.27 (z-score=+4.87, impact=enhancement, method=z-score (threshold 3.0))"
2026-05-18,LCAIN12930,LCAIN12930-6,6,UL Throughput,(HU) User UL Average Throughput (Mbps),3.1405,2.101,2.089916666666666,0.22180316160956765,18,Spike,4.686587839671084,,high,High,4week_rolling_avg,"KPI spike on last day: value=3.14 vs 24-day median=2.10 (z-score=+4.69, impact=enhancement, method=z-score (threshold 3.0))"
2026-05-18,LCAIN10499,LCAIN10499-6,6,UL Traffic,(HU) UL Traffic Volume (GBytes),25.8549,8.2656,7.8668708333333335,3.80166800469206,24,Spike,4.62673226023185,,high,High,4week_rolling_avg,"KPI spike on last day: value=25.85 vs 24-day median=8.27 (z-score=+4.63, impact=enhancement, method=z-score (threshold 3.0))"
2026-05-18,LCAIN10509,LCAIN10509-1,1,UL Traffic,(HU) UL Traffic Volume (GBytes),3.2018,0.9259,1.0139541666666665,0.4579934506256309,24,Spike,4.969285034297022,,high,High,4week_rolling_avg,"KPI spike on last day: value=3.20 vs 24-day median=0.93 (z-score=+4.97, impact=enhancement, method=z-score (threshold 3.0))"
2026-05-18,LCAIN10510,LCAIN10510-3,3,UL Traffic,(HU) UL Traffic Volume (GBytes),20.9403,6.63905,7.159139999999999,3.5439783312542983,20,Spike,4.035366095181075,,high,High,4week_rolling_avg,"KPI spike on last day: value=20.94 vs 24-day median=6.64 (z-score=+4.04, impact=enhancement, method=z-score (threshold 3.0))"
2026-05-18,LCAIN10575,LCAIN10575-6,6,UL Traffic,(HU) UL Traffic Volume (GBytes),18.9088,3.1706,4.1114999999999995,3.428184886772406,19,Spike,4.590825909280908,,high,High,4week_rolling_avg,"KPI spike on last day: value=18.91 vs 24-day median=3.17 (z-score=+4.59, impact=enhancement, method=z-score (threshold 3.0))"
2026-05-18,LCAIN10752,LCAIN10752-5,5,UL Traffic,(HU) UL Traffic Volume (GBytes),11.9231,4.11365,4.279479166666667,1.5723409007959985,24,Spike,4.966766428353076,,high,High,4week_rolling_avg,"KPI spike on last day: value=11.92 vs 24-day median=4.11 (z-score=+4.97, impact=enhancement, method=z-score (threshold 3.0))"
2026-05-18,LCAIN10873,LCAIN10873-1,1,UL Traffic,(HU) UL Traffic Volume (GBytes),20.7721,1.4657499999999999,2.68854,4.66698826572341,20,Spike,4.13678991691388,,high,High,4week_rolling_avg,"KPI spike on last day: value=20.77 vs 24-day median=1.47 (z-score=+4.14, impact=enhancement, method=z-score (threshold 3.0))"
2026-05-18,LCAIN10987,LCAIN10987-5,5,UL Traffic,(HU) UL Traffic Volume (GBytes),9.7585,3.4436999999999998,3.4380624999999996,1.3439212724376444,24,Spike,4.698787145876505,,high,High,4week_rolling_avg,"KPI spike on last day: value=9.76 vs 24-day median=3.44 (z-score=+4.70, impact=enhancement, method=z-score (threshold 3.0))"
2026-05-18,LCAIN12058,LCAIN12058-5,5,UL Traffic,(HU) UL Traffic Volume (GBytes),17.6016,5.9989,6.956391666666668,2.81305232116241,24,Spike,4.124594453047902,,high,High,4week_rolling_avg,"KPI spike on last day: value=17.60 vs 24-day median=6.00 (z-score=+4.12, impact=enhancement, method=z-score (threshold 3.0))"
2026-05-18,LCAIN12250,LCAIN12250-1,1,UL Traffic,(HU) UL Traffic Volume (GBytes),4.1908,1.5479,1.5203333333333333,0.5597248093681593,24,Spike,4.721784626597874,,high,High,4week_rolling_avg,"KPI spike on last day: value=4.19 vs 24-day median=1.55 (z-score=+4.72, impact=enhancement, method=z-score (threshold 3.0))"
2026-05-18,LCAIN12461,LCAIN12461-1,1,UL Traffic,(HU) UL Traffic Volume (GBytes),5.5765,0.8603,1.2198608695652176,1.046601882590855,23,Spike,4.506202481047601,,high,High,4week_rolling_avg,"KPI spike on last day: value=5.58 vs 24-day median=0.86 (z-score=+4.51, impact=enhancement, method=z-score (threshold 3.0))"
2026-05-18,LCAIN12461,LCAIN12461-3,3,UL Traffic,(HU) UL Traffic Volume (GBytes),0.4553,0.0536,0.0829,0.08656108172594204,23,Spike,4.64065365162381,,high,High,4week_rolling_avg,"KPI spike on last day: value=0.46 vs 24-day median=0.05 (z-score=+4.64, impact=enhancement, method=z-score (threshold 3.0))"
2026-05-18,LCAIN12841,LCAIN12841-7,7,UL Traffic,(HU) UL Traffic Volume (GBytes),5.7423,2.82125,2.922954166666667,0.6290610198139014,24,Spike,4.643508193949374,,high,High,4week_rolling_avg,"KPI spike on last day: value=5.74 vs 24-day median=2.82 (z-score=+4.64, impact=enhancement, method=z-score (threshold 3.0))"
2026-05-18,LCAIN12901,LCAIN12901-1,1,UL Traffic,(HU) UL Traffic Volume (GBytes),1.0065,0.13395,0.193175,0.17656168008659182,24,Spike,4.941899055174781,,high,High,4week_rolling_avg,"KPI spike on last day: value=1.01 vs 24-day median=0.13 (z-score=+4.94, impact=enhancement, method=z-score (threshold 3.0))"
2026-05-18,LCAIN12917,LCAIN12917-7,7,UL Traffic,(HU) UL Traffic Volume (GBytes),5.3359,1.54715,1.6516708333333334,0.8597826016301867,24,Spike,4.406637204354168,,high,High,4week_rolling_avg,"KPI spike on last day: value=5.34 vs 24-day median=1.55 (z-score=+4.41, impact=enhancement, method=z-score (threshold 3.0))"
2026-05-18,LCAIN12919,LCAIN12919-1,1,UL Traffic,(HU) UL Traffic Volume (GBytes),1.3821,0.44145,0.4871083333333333,0.2347037688176784,24,Spike,4.007818045438852,,high,High,4week_rolling_avg,"KPI spike on last day: value=1.38 vs 24-day median=0.44 (z-score=+4.01, impact=enhancement, method=z-score (threshold 3.0))"
2026-05-18,LCAIN12930,LCAIN12930-1,1,UL Traffic,(HU) UL Traffic Volume (GBytes),13.9106,3.6857499999999996,4.4374722222222225,2.2983261935604733,18,Spike,4.448824552688963,,high,High,4week_rolling_avg,"KPI spike on last day: value=13.91 vs 24-day median=3.69 (z-score=+4.45, impact=enhancement, method=z-score (threshold 3.0))"
2026-05-18,LCAIN13988,LCAIN13988-5,5,UL Traffic,(HU) UL Traffic Volume (GBytes),4.8965,1.8809,2.1250250000000004,0.7399300790446351,24,Spike,4.075520221983148,,high,High,4week_rolling_avg,"KPI spike on last day: value=4.90 vs 24-day median=1.88 (z-score=+4.08, impact=enhancement, method=z-score (threshold 3.0))"
2026-05-18,LCAIN15444,LCAIN15444-1,1,UL Traffic,(HU) UL Traffic Volume (GBytes),12.5861,3.44625,3.8537041666666667,2.112115260917194,24,Spike,4.327344330645566,,high,High,4week_rolling_avg,"KPI spike on last day: value=12.59 vs 24-day median=3.45 (z-score=+4.33, impact=enhancement, method=z-score (threshold 3.0))"
2026-05-18,LCAIN10369,LCAIN10369-6,6,VoLTE KPIs,BA_Voice E2E VQI,3.9718,3.7226,3.715666666666667,0.056363253888405795,24,Spike,4.421320325000998,,high,High,4week_rolling_avg,"KPI spike on last day: value=3.97 vs 24-day median=3.72 (z-score=+4.42, impact=enhancement, method=z-score (threshold 3.0))"
2026-05-18,LCAIN11980,LCAIN11980-6,6,VoLTE KPIs,BA_Voice E2E VQI,3.1829,3.9011,3.9052249999999997,0.16314818992253624,4,Spike,-4.402132811531686,,low,High,4week_rolling_avg,"KPI spike on last day: value=3.18 vs 24-day median=3.90 (z-score=-4.40, impact=degradation, method=z-score (threshold 3.0))"
2026-05-18,LCAIN10369,LCAIN10369-2,2,Availability,Availability,99.8438,100.0,99.980475,0.051658294348535576,24,Spike,-3.023715784073818,,low,Medium,4week_rolling_avg,"KPI spike on last day: value=99.84 vs 24-day median=100.00 (z-score=-3.02, impact=degradation, method=z-score (threshold 3.0))"
2026-05-18,LCAIN10369,LCAIN10369-3,3,Availability,Availability,99.8438,100.0,99.980475,0.051658294348535576,24,Spike,-3.023715784073818,,low,Medium,4week_rolling_avg,"KPI spike on last day: value=99.84 vs 24-day median=100.00 (z-score=-3.02, impact=degradation, method=z-score (threshold 3.0))"
2026-05-18,LCAIN10369,LCAIN10369-5,5,Availability,Availability,99.8438,100.0,99.980475,0.051658294348535576,24,Spike,-3.023715784073818,,low,Medium,4week_rolling_avg,"KPI spike on last day: value=99.84 vs 24-day median=100.00 (z-score=-3.02, impact=degradation, method=z-score (threshold 3.0))"
2026-05-18,LCAIN10369,LCAIN10369-6,6,Availability,Availability,99.8438,100.0,99.980475,0.051658294348535576,24,Spike,-3.023715784073818,,low,Medium,4week_rolling_avg,"KPI spike on last day: value=99.84 vs 24-day median=100.00 (z-score=-3.02, impact=degradation, method=z-score (threshold 3.0))"
2026-05-18,LCAIN10369,LCAIN10369-7,7,Availability,Availability,99.8438,100.0,99.980475,0.051658294348535576,24,Spike,-3.023715784073818,,low,Medium,4week_rolling_avg,"KPI spike on last day: value=99.84 vs 24-day median=100.00 (z-score=-3.02, impact=degradation, method=z-score (threshold 3.0))"
2026-05-18,LCAIN10588,LCAIN10588-2,2,Availability,Availability,0.0,89.58914999999999,55.723383333333324,47.41213724320024,24,Zero,,-100.0,zero,Medium,4week_rolling_avg,"KPI dropped to 0 on last day (24-day historical median: 89.59, 15/24 days were non-zero in 24-day lookback)"
2026-05-18,LCAIN10121_Site_137,LCAIN10121-6,6,CSFB KPI,CSFB SR%,100.9852,100.0,100.07722916666667,0.27577234947079104,24,Spike,3.572511899364136,,high,Medium,4week_rolling_avg,"KPI spike on last day: value=100.99 vs 24-day median=100.00 (z-score=+3.57, impact=enhancement, method=z-score (threshold 3.0))"
2026-05-18,LCAIN10131_01-2-08-23,LCAIN10131-7,7,CSFB KPI,CSFB SR%,101.9892,100.4107,100.46565416666665,0.4425292909130112,24,Spike,3.5669955241680937,,high,Medium,4week_rolling_avg,"KPI spike on last day: value=101.99 vs 24-day median=100.41 (z-score=+3.57, impact=enhancement, method=z-score (threshold 3.0))"
2026-05-18,LCAIN10371,LCAIN10371-7,7,CSFB KPI,CSFB SR%,98.913,100.0,99.99455416666667,0.3024218631580261,24,Spike,-3.5943168547705406,,low,Medium,4week_rolling_avg,"KPI spike on last day: value=98.91 vs 24-day median=100.00 (z-score=-3.59, impact=degradation, method=z-score (threshold 3.0))"
2026-05-18,LCAIN10446,LCAIN10446-1,1,CSFB KPI,CSFB SR%,106.25,100.0,100.58335,1.6164137205039224,24,Spike,3.8665843532010737,,high,Medium,4week_rolling_avg,"KPI spike on last day: value=106.25 vs 24-day median=100.00 (z-score=+3.87, impact=enhancement, method=z-score (threshold 3.0))"
2026-05-18,LCAIN10446,LCAIN10446-6,6,CSFB KPI,CSFB SR%,100.3913,100.0639,100.08431666666667,0.09767267472988041,24,Spike,3.3520122276311306,,high,Medium,4week_rolling_avg,"KPI spike on last day: value=100.39 vs 24-day median=100.06 (z-score=+3.35, impact=enhancement, method=z-score (threshold 3.0))"
2026-05-18,LCAIN10513_Site_513,LCAIN10513-1,1,CSFB KPI,CSFB SR%,101.3699,100.4794,100.52016250000001,0.28920204703704416,24,Spike,3.0791621605843544,,high,Medium,4week_rolling_avg,"KPI spike on last day: value=101.37 vs 24-day median=100.48 (z-score=+3.08, impact=enhancement, method=z-score (threshold 3.0))"
2026-05-18,LCAIN10634,LCAIN10634-5,5,CSFB KPI,CSFB SR%,101.2346,100.0,100.00831666666666,0.36909568392069897,24,Spike,3.3449320969715184,,high,Medium,4week_rolling_avg,"KPI spike on last day: value=101.23 vs 24-day median=100.00 (z-score=+3.34, impact=enhancement, method=z-score (threshold 3.0))"
2026-05-18,LCAIN10826,LCAIN10826-7,7,CSFB KPI,CSFB SR%,101.1583,100.15575,100.25052083333333,0.28544637263294276,24,Spike,3.512218392381481,,high,Medium,4week_rolling_avg,"KPI spike on last day: value=101.16 vs 24-day median=100.16 (z-score=+3.51, impact=enhancement, method=z-score (threshold 3.0))"
2026-05-18,LCAIN10970,LCAIN10970-7,7,CSFB KPI,CSFB SR%,98.3607,99.70965,99.7251375,0.4202319784084535,24,Spike,-3.210012729418848,,low,Medium,4week_rolling_avg,"KPI spike on last day: value=98.36 vs 24-day median=99.71 (z-score=-3.21, impact=degradation, method=z-score (threshold 3.0))"
2026-05-18,LCAIN12055,LCAIN12055-6,6,CSFB KPI,CSFB SR%,101.2146,100.0,100.09099166666665,0.35764515225367577,24,Spike,3.396103630501596,,high,Medium,4week_rolling_avg,"KPI spike on last day: value=101.21 vs 24-day median=100.00 (z-score=+3.40, impact=enhancement, method=z-score (threshold 3.0))"
2026-05-18,LCAIN12226,LCAIN12226-6,6,CSFB KPI,CSFB SR%,101.8182,100.0,100.03157083333333,0.6052947742485807,24,Spike,3.003825701712256,,high,Medium,4week_rolling_avg,"KPI spike on last day: value=101.82 vs 24-day median=100.00 (z-score=+3.00, impact=enhancement, method=z-score (threshold 3.0))"
2026-05-18,LCAIN12584,LCAIN12584-6,6,CSFB KPI,CSFB SR%,100.5208,100.0,100.03059166666667,0.13614070514442891,24,Spike,3.825453962850332,,high,Medium,4week_rolling_avg,"KPI spike on last day: value=100.52 vs 24-day median=100.00 (z-score=+3.83, impact=enhancement, method=z-score (threshold 3.0))"
2026-05-18,LCAIN12694,LCAIN12694-3,3,CSFB KPI,CSFB SR%,103.5088,100.0,99.88098260869565,1.1375180475021898,23,Spike,3.084610400428165,,high,Medium,4week_rolling_avg,"KPI spike on last day: value=103.51 vs 24-day median=100.00 (z-score=+3.08, impact=enhancement, method=z-score (threshold 3.0))"
2026-05-18,LCAIN12892,LCAIN12892-5,5,CSFB KPI,CSFB SR%,100.2782,100.0,99.9928125,0.09016819151129105,24,Spike,3.0853452346902337,,high,Medium,4week_rolling_avg,"KPI spike on last day: value=100.28 vs 24-day median=100.00 (z-score=+3.09, impact=enhancement, method=z-score (threshold 3.0))"
2026-05-18,LCAIN22701,LCAIN22701-4,4,CSFB KPI,CSFB SR%,103.7736,100.0,100.48800416666667,1.030021813878703,24,Spike,3.663611730503008,,high,Medium,4week_rolling_avg,"KPI spike on last day: value=103.77 vs 24-day median=100.00 (z-score=+3.66, impact=enhancement, method=z-score (threshold 3.0))"
2026-05-18,LCAIN10121_Site_137,LCAIN10121-1,1,DL Throughput,(HU) User DL Average Throughput (Mbps),48.3382,26.279049999999998,25.900366666666667,6.250871742982912,24,Spike,3.528971782977808,,high,Medium,4week_rolling_avg,"KPI spike on last day: value=48.34 vs 24-day median=26.28 (z-score=+3.53, impact=enhancement, method=z-score (threshold 3.0))"
2026-05-18,LCAIN10124,LCAIN10124-3,3,DL Throughput,(HU) User DL Average Throughput (Mbps),19.5888,15.8733,15.659675,1.2347378494542882,24,Spike,3.0091407675257726,,high,Medium,4week_rolling_avg,"KPI spike on last day: value=19.59 vs 24-day median=15.87 (z-score=+3.01, impact=enhancement, method=z-score (threshold 3.0))"
2026-05-18,LCAIN10493,LCAIN10493-6,6,DL Throughput,(HU) User DL Average Throughput (Mbps),53.973,30.80695,31.766141666666666,6.026770260050614,12,Spike,3.8438581529413476,,high,Medium,4week_rolling_avg,"KPI spike on last day: value=53.97 vs 24-day median=30.81 (z-score=+3.84, impact=enhancement, method=z-score (threshold 3.0))"
2026-05-18,LCAIN10581,LCAIN10581-6,6,DL Throughput,(HU) User DL Average Throughput (Mbps),36.9961,21.6661,22.5876,4.345916809872611,24,Spike,3.527449021843876,,high,Medium,4week_rolling_avg,"KPI spike on last day: value=37.00 vs 24-day median=21.67 (z-score=+3.53, impact=enhancement, method=z-score (threshold 3.0))"
2026-05-18,LCAIN10760,LCAIN10760-1,1,DL Throughput,(HU) User DL Average Throughput (Mbps),16.5638,8.9544,9.1064375,1.991726828410567,24,Spike,3.8205038419211514,,high,Medium,4week_rolling_avg,"KPI spike on last day: value=16.56 vs 24-day median=8.95 (z-score=+3.82, impact=enhancement, method=z-score (threshold 3.0))"
2026-05-18,LCAIN10764,LCAIN10764-2,2,DL Throughput,(HU) User DL Average Throughput (Mbps),44.3481,26.1418,27.205699999999997,5.859181993162527,20,Spike,3.1073108876369018,,high,Medium,4week_rolling_avg,"KPI spike on last day: value=44.35 vs 24-day median=26.14 (z-score=+3.11, impact=enhancement, method=z-score (threshold 3.0))"
2026-05-18,LCAIN10855,LCAIN10855-3,3,DL Throughput,(HU) User DL Average Throughput (Mbps),35.9565,9.1248,10.676831818181817,7.39329715235892,22,Spike,3.6291926926593265,,high,Medium,4week_rolling_avg,"KPI spike on last day: value=35.96 vs 24-day median=9.12 (z-score=+3.63, impact=enhancement, method=z-score (threshold 3.0))"
2026-05-18,LCAIN10855,LCAIN10855-5,5,DL Throughput,(HU) User DL Average Throughput (Mbps),29.2629,18.5893,18.00973636363636,3.5150881975932697,22,Spike,3.036509868317972,,high,Medium,4week_rolling_avg,"KPI spike on last day: value=29.26 vs 24-day median=18.59 (z-score=+3.04, impact=enhancement, method=z-score (threshold 3.0))"
2026-05-18,LCAIN10989,LCAIN10989-2,2,DL Throughput,(HU) User DL Average Throughput (Mbps),15.1704,24.18655,23.653929166666668,2.98137459564644,24,Spike,-3.024158726369325,,low,Medium,4week_rolling_avg,"KPI spike on last day: value=15.17 vs 24-day median=24.19 (z-score=-3.02, impact=degradation, method=z-score (threshold 3.0))"
2026-05-18,LCAIN12005,LCAIN12005-5,5,DL Throughput,(HU) User DL Average Throughput (Mbps),17.4214,22.9576,22.914052173913046,1.6088548665512712,23,Spike,-3.441081054046445,,low,Medium,4week_rolling_avg,"KPI spike on last day: value=17.42 vs 24-day median=22.96 (z-score=-3.44, impact=degradation, method=z-score (threshold 3.0))"
2026-05-18,LCAIN12840,LCAIN12840-6,6,DL Throughput,(HU) User DL Average Throughput (Mbps),20.1546,12.8858,12.8858,,1,Spike,,56.40938086886339,high,Medium,4week_rolling_avg,"KPI spike on last day: value=20.15 vs historical value=12.89 (change=+56.4%, impact=enhancement, method=%change (1-week, threshold 50.0%))"
2026-05-18,LCAIN12893,LCAIN12893-3,3,DL Throughput,(HU) User DL Average Throughput (Mbps),14.6382,20.5069,19.901978260869566,1.7954522625006535,23,Spike,-3.2686471941204656,,low,Medium,4week_rolling_avg,"KPI spike on last day: value=14.64 vs 24-day median=20.51 (z-score=-3.27, impact=degradation, method=z-score (threshold 3.0))"
2026-05-18,LCAIN12920,LCAIN12920-5,5,DL Throughput,(HU) User DL Average Throughput (Mbps),19.0667,27.189500000000002,27.130912500000004,2.490020957126081,24,Spike,-3.2621412188334076,,low,Medium,4week_rolling_avg,"KPI spike on last day: value=19.07 vs 24-day median=27.19 (z-score=-3.26, impact=degradation, method=z-score (threshold 3.0))"
2026-05-18,LCAIN12930,LCAIN12930-1,1,DL Throughput,(HU) User DL Average Throughput (Mbps),8.9041,16.00665,16.22959444444444,2.322768914816065,18,Spike,-3.0577944946204156,,low,Medium,4week_rolling_avg,"KPI spike on last day: value=8.90 vs 24-day median=16.01 (z-score=-3.06, impact=degradation, method=z-score (threshold 3.0))"
2026-05-18,LCAIN13994,LCAIN13994-1,1,DL Throughput,(HU) User DL Average Throughput (Mbps),18.3758,11.2029,11.397609090909091,1.8334162982379718,22,Spike,3.91231386286552,,high,Medium,4week_rolling_avg,"KPI spike on last day: value=18.38 vs 24-day median=11.20 (z-score=+3.91, impact=enhancement, method=z-score (threshold 3.0))"
2026-05-18,LCAIN14374,LCAIN14374-7,7,DL Throughput,(HU) User DL Average Throughput (Mbps),12.6251,30.87975,30.20675714285714,5.904741014002982,14,Spike,-3.0915242441132373,,low,Medium,4week_rolling_avg,"KPI spike on last day: value=12.63 vs 24-day median=30.88 (z-score=-3.09, impact=degradation, method=z-score (threshold 3.0))"
2026-05-18,ICAIN12708,ICAIN12708-2,2,DL Traffic,(HU) DL Traffic Volume (GBytes),3.7994,0.8504,0.9766400000000001,0.7404832337062062,20,Spike,3.982534466364493,,high,Medium,4week_rolling_avg,"KPI spike on last day: value=3.80 vs 24-day median=0.85 (z-score=+3.98, impact=enhancement, method=z-score (threshold 3.0))"
2026-05-18,LCAIN10029,LCAIN10029-1,1,DL Traffic,(HU) DL Traffic Volume (GBytes),50.6243,18.924750000000003,17.000429166666667,10.520869167891941,24,Spike,3.013016272148132,,high,Medium,4week_rolling_avg,"KPI spike on last day: value=50.62 vs 24-day median=18.92 (z-score=+3.01, impact=enhancement, method=z-score (threshold 3.0))"
2026-05-18,LCAIN10444,LCAIN10444-7,7,DL Traffic,(HU) DL Traffic Volume (GBytes),21.3514,1.00075,3.5377666666666667,6.045115090830686,24,Spike,3.366461960479156,,high,Medium,4week_rolling_avg,"KPI spike on last day: value=21.35 vs 24-day median=1.00 (z-score=+3.37, impact=enhancement, method=z-score (threshold 3.0))"
2026-05-18,LCAIN10457,LCAIN10457-6,6,DL Traffic,(HU) DL Traffic Volume (GBytes),17.4796,5.035349999999999,6.103575,3.6219100100695027,24,Spike,3.4358252870454953,,high,Medium,4week_rolling_avg,"KPI spike on last day: value=17.48 vs 24-day median=5.04 (z-score=+3.44, impact=enhancement, method=z-score (threshold 3.0))"
2026-05-18,LCAIN10496,LCAIN10496-3,3,DL Traffic,(HU) DL Traffic Volume (GBytes),41.0136,18.648600000000002,19.8372625,6.747074751439353,24,Spike,3.314769855666542,,high,Medium,4week_rolling_avg,"KPI spike on last day: value=41.01 vs 24-day median=18.65 (z-score=+3.31, impact=enhancement, method=z-score (threshold 3.0))"
2026-05-18,LCAIN10545_Cow -Tagamo5,LCAIN10545-3,3,DL Traffic,(HU) DL Traffic Volume (GBytes),18.9011,83.1955,75.39934666666666,21.31678479586346,15,Spike,-3.0161396578191466,,low,Medium,4week_rolling_avg,"KPI spike on last day: value=18.90 vs 24-day median=83.20 (z-score=-3.02, impact=degradation, method=z-score (threshold 3.0))"
2026-05-18,LCAIN10575,LCAIN10575-6,6,DL Traffic,(HU) DL Traffic Volume (GBytes),47.0082,20.9727,19.06052105263158,7.9496195330726005,19,Spike,3.275062396594601,,high,Medium,4week_rolling_avg,"KPI spike on last day: value=47.01 vs 24-day median=20.97 (z-score=+3.28, impact=enhancement, method=z-score (threshold 3.0))"
2026-05-18,LCAIN10588,LCAIN10588-2,2,DL Traffic,(HU) DL Traffic Volume (GBytes),0.0,1.66825,1.8923249999999998,2.066040538334538,24,Zero,,-100.0,zero,Medium,4week_rolling_avg,"KPI dropped to 0 on last day (24-day historical median: 1.67, 14/24 days were non-zero in 24-day lookback)"
2026-05-18,LCAIN10760,LCAIN10760-1,1,DL Traffic,(HU) DL Traffic Volume (GBytes),2.6813,1.0053999999999998,1.0176375,0.4220015420711359,24,Spike,3.9713125022597597,,high,Medium,4week_rolling_avg,"KPI spike on last day: value=2.68 vs 24-day median=1.01 (z-score=+3.97, impact=enhancement, method=z-score (threshold 3.0))"
2026-05-18,LCAIN10826,LCAIN10826-2,2,DL Traffic,(HU) DL Traffic Volume (GBytes),29.7196,12.862200000000001,13.9661125,4.4874430892688855,24,Spike,3.756571317932075,,high,Medium,4week_rolling_avg,"KPI spike on last day: value=29.72 vs 24-day median=12.86 (z-score=+3.76, impact=enhancement, method=z-score (threshold 3.0))"
2026-05-18,LCAIN10931,LCAIN10931-5,5,DL Traffic,(HU) DL Traffic Volume (GBytes),7.7921,14.68285,14.809654166666666,2.263229317255023,24,Spike,-3.044653914415312,,low,Medium,4week_rolling_avg,"KPI spike on last day: value=7.79 vs 24-day median=14.68 (z-score=-3.04, impact=degradation, method=z-score (threshold 3.0))"
2026-05-18,LCAIN12071,LCAIN12071-5,5,DL Traffic,(HU) DL Traffic Volume (GBytes),8.883,23.7496,23.358945833333333,4.340154209527887,24,Spike,-3.425362160488109,,low,Medium,4week_rolling_avg,"KPI spike on last day: value=8.88 vs 24-day median=23.75 (z-score=-3.43, impact=degradation, method=z-score (threshold 3.0))"
2026-05-18,LCAIN12255,LCAIN12255-5,5,DL Traffic,(HU) DL Traffic Volume (GBytes),27.7821,83.91515,82.71225833333334,15.46783457932182,24,Spike,-3.629017992928466,,low,Medium,4week_rolling_avg,"KPI spike on last day: value=27.78 vs 24-day median=83.92 (z-score=-3.63, impact=degradation, method=z-score (threshold 3.0))"
2026-05-18,LCAIN12255,LCAIN12255-7,7,DL Traffic,(HU) DL Traffic Volume (GBytes),7.1552,20.41245,19.945858333333334,3.631066717797571,24,Spike,-3.651062079090963,,low,Medium,4week_rolling_avg,"KPI spike on last day: value=7.16 vs 24-day median=20.41 (z-score=-3.65, impact=degradation, method=z-score (threshold 3.0))"
2026-05-18,LCAIN12461,LCAIN12461-3,3,DL Traffic,(HU) DL Traffic Volume (GBytes),3.3551,0.3253,0.6570565217391305,0.778449994387446,23,Spike,3.8920932903135514,,high,Medium,4week_rolling_avg,"KPI spike on last day: value=3.36 vs 24-day median=0.33 (z-score=+3.89, impact=enhancement, method=z-score (threshold 3.0))"
2026-05-18,LCAIN12461,LCAIN12461-5,5,DL Traffic,(HU) DL Traffic Volume (GBytes),19.8067,4.7668,6.141939130434783,4.202425032385068,23,Spike,3.5788621769807443,,high,Medium,4week_rolling_avg,"KPI spike on last day: value=19.81 vs 24-day median=4.77 (z-score=+3.58, impact=enhancement, method=z-score (threshold 3.0))"
2026-05-18,LCAIN12461,LCAIN12461-6,6,DL Traffic,(HU) DL Traffic Volume (GBytes),3.2391,0.6561,0.9003869565217393,0.776545354258959,23,Spike,3.3262706239030986,,high,Medium,4week_rolling_avg,"KPI spike on last day: value=3.24 vs 24-day median=0.66 (z-score=+3.33, impact=enhancement, method=z-score (threshold 3.0))"
2026-05-18,LCAIN12461,LCAIN12461-7,7,DL Traffic,(HU) DL Traffic Volume (GBytes),9.9337,2.9911,3.258695652173913,1.742443208850163,23,Spike,3.9844053250845506,,high,Medium,4week_rolling_avg,"KPI spike on last day: value=9.93 vs 24-day median=2.99 (z-score=+3.98, impact=enhancement, method=z-score (threshold 3.0))"
2026-05-18,LCAIN12583,LCAIN12583-5,5,DL Traffic,(HU) DL Traffic Volume (GBytes),170.0018,45.38775,53.29346666666667,38.3999236486401,24,Spike,3.2451640044970014,,high,Medium,4week_rolling_avg,"KPI spike on last day: value=170.00 vs 24-day median=45.39 (z-score=+3.25, impact=enhancement, method=z-score (threshold 3.0))"
2026-05-18,LCAIN12591,LCAIN12591-3,3,DL Traffic,(HU) DL Traffic Volume (GBytes),18.8467,5.0301,6.533929166666667,3.7944338452834616,24,Spike,3.641281035160025,,high,Medium,4week_rolling_avg,"KPI spike on last day: value=18.85 vs 24-day median=5.03 (z-score=+3.64, impact=enhancement, method=z-score (threshold 3.0))"
2026-05-18,LCAIN12900,LCAIN12900-7,7,DL Traffic,(HU) DL Traffic Volume (GBytes),34.9851,21.175849999999997,20.701774999999998,4.526836369387382,24,Spike,3.050529966884757,,high,Medium,4week_rolling_avg,"KPI spike on last day: value=34.99 vs 24-day median=21.18 (z-score=+3.05, impact=enhancement, method=z-score (threshold 3.0))"
2026-05-18,LCAIN12921,LCAIN12921-1,1,DL Traffic,(HU) DL Traffic Volume (GBytes),43.4339,11.4907,14.683766666666665,8.40779429570496,24,Spike,3.7992366221801923,,high,Medium,4week_rolling_avg,"KPI spike on last day: value=43.43 vs 24-day median=11.49 (z-score=+3.80, impact=enhancement, method=z-score (threshold 3.0))"
2026-05-18,LCAIN13987,LCAIN13987-3,3,DL Traffic,(HU) DL Traffic Volume (GBytes),114.7516,69.13685000000001,67.3329625,14.261268943885876,24,Spike,3.198505699561612,,high,Medium,4week_rolling_avg,"KPI spike on last day: value=114.75 vs 24-day median=69.14 (z-score=+3.20, impact=enhancement, method=z-score (threshold 3.0))"
2026-05-18,LCAIN13992,LCAIN13992-3,3,DL Traffic,(HU) DL Traffic Volume (GBytes),12.4925,2.50915,3.6127874999999996,3.2989262024827237,24,Spike,3.0262422943825404,,high,Medium,4week_rolling_avg,"KPI spike on last day: value=12.49 vs 24-day median=2.51 (z-score=+3.03, impact=enhancement, method=z-score (threshold 3.0))"
2026-05-18,LCAIN14000,LCAIN14000-2,2,DL Traffic,(HU) DL Traffic Volume (GBytes),5.1442,1.50175,1.8205124999999998,0.9606017568484957,24,Spike,3.79184190954429,,high,Medium,4week_rolling_avg,"KPI spike on last day: value=5.14 vs 24-day median=1.50 (z-score=+3.79, impact=enhancement, method=z-score (threshold 3.0))"
2026-05-18,LCAIN15442,LCAIN15442-5,5,DL Traffic,(HU) DL Traffic Volume (GBytes),9.9702,3.4188,4.106041666666667,2.1698792076435707,24,Spike,3.019246406400032,,high,Medium,4week_rolling_avg,"KPI spike on last day: value=9.97 vs 24-day median=3.42 (z-score=+3.02, impact=enhancement, method=z-score (threshold 3.0))"
2026-05-18,LCAIN15444,LCAIN15444-6,6,DL Traffic,(HU) DL Traffic Volume (GBytes),39.857,24.2488,24.627724999999998,4.9591808040113845,24,Spike,3.147334331382883,,high,Medium,4week_rolling_avg,"KPI spike on last day: value=39.86 vs 24-day median=24.25 (z-score=+3.15, impact=enhancement, method=z-score (threshold 3.0))"
2026-05-18,LCAIN15458,LCAIN15458-1,1,DL Traffic,(HU) DL Traffic Volume (GBytes),63.0279,38.89975,38.105925000000006,6.5377885598680585,24,Spike,3.690567502918287,,high,Medium,4week_rolling_avg,"KPI spike on last day: value=63.03 vs 24-day median=38.90 (z-score=+3.69, impact=enhancement, method=z-score (threshold 3.0))"
2026-05-18,LCAIN10128_03-1-30-115,LCAIN10128-1,1,E-RAB Drop Rate,E-RAB Drop Rate (E-NodeB + MME) %,0.9533,0.4646,0.4696416666666667,0.14287092927028772,24,Spike,3.4205698982713413,,high,Medium,4week_rolling_avg,"KPI spike on last day: value=0.95 vs 24-day median=0.46 (z-score=+3.42, impact=degradation, method=z-score (threshold 3.0))"
2026-05-18,LCAIN10369,LCAIN10369-5,5,E-RAB Drop Rate,E-RAB Drop Rate (E-NodeB + MME) %,0.0,0.44710000000000005,0.5068,0.28492101829571415,24,Zero,,-100.0,zero,Medium,4week_rolling_avg,"KPI dropped to 0 on last day (24-day historical median: 0.45, 24/24 days were non-zero in 24-day lookback)"
2026-05-18,LCAIN10457,LCAIN10457-3,3,E-RAB Drop Rate,E-RAB Drop Rate (E-NodeB + MME) %,0.8778,0.4309,0.4341875,0.12280770643740835,24,Spike,3.6390224438217356,,high,Medium,4week_rolling_avg,"KPI spike on last day: value=0.88 vs 24-day median=0.43 (z-score=+3.64, impact=degradation, method=z-score (threshold 3.0))"
2026-05-18,LCAIN10499,LCAIN10499-5,5,E-RAB Drop Rate,E-RAB Drop Rate (E-NodeB + MME) %,0.4813,0.2397,0.2397083333333333,0.0731860239200233,24,Spike,3.3011767419421125,,high,Medium,4week_rolling_avg,"KPI spike on last day: value=0.48 vs 24-day median=0.24 (z-score=+3.30, impact=degradation, method=z-score (threshold 3.0))"
2026-05-18,LCAIN10513_Site_513,LCAIN10513-1,1,E-RAB Drop Rate,E-RAB Drop Rate (E-NodeB + MME) %,0.9596,0.6998,0.7156291666666666,0.08186330821948799,24,Spike,3.173582959821715,,high,Medium,4week_rolling_avg,"KPI spike on last day: value=0.96 vs 24-day median=0.70 (z-score=+3.17, impact=degradation, method=z-score (threshold 3.0))"
2026-05-18,LCAIN10513_Site_513,LCAIN10513-2,2,E-RAB Drop Rate,E-RAB Drop Rate (E-NodeB + MME) %,3.4749,2.0408999999999997,2.1011666666666664,0.45707403910331884,24,Spike,3.1373472945722325,,high,Medium,4week_rolling_avg,"KPI spike on last day: value=3.47 vs 24-day median=2.04 (z-score=+3.14, impact=degradation, method=z-score (threshold 3.0))"
2026-05-18,LCAIN10513_Site_513,LCAIN10513-6,6,E-RAB Drop Rate,E-RAB Drop Rate (E-NodeB + MME) %,0.8478,0.49815,0.48200416666666673,0.11089635355880233,24,Spike,3.152944066953469,,high,Medium,4week_rolling_avg,"KPI spike on last day: value=0.85 vs 24-day median=0.50 (z-score=+3.15, impact=degradation, method=z-score (threshold 3.0))"
2026-05-18,LCAIN10545_Cow -Tagamo5,LCAIN10545-6,6,E-RAB Drop Rate,E-RAB Drop Rate (E-NodeB + MME) %,2.4645,1.0334,0.9544333333333336,0.40929298823974775,15,Spike,3.496517265430694,,high,Medium,4week_rolling_avg,"KPI spike on last day: value=2.46 vs 24-day median=1.03 (z-score=+3.50, impact=degradation, method=z-score (threshold 3.0))"
2026-05-18,LCAIN10576,LCAIN10576-1,1,E-RAB Drop Rate,E-RAB Drop Rate (E-NodeB + MME) %,2.8994,1.20235,1.3012750000000002,0.5451797595365526,24,Spike,3.1128264949576105,,high,Medium,4week_rolling_avg,"KPI spike on last day: value=2.90 vs 24-day median=1.20 (z-score=+3.11, impact=degradation, method=z-score (threshold 3.0))"
2026-05-18,LCAIN10582,LCAIN10582-5,5,E-RAB Drop Rate,E-RAB Drop Rate (E-NodeB + MME) %,1.6472,0.75485,0.8236833333333333,0.2624201635206834,24,Spike,3.40046278467343,,high,Medium,4week_rolling_avg,"KPI spike on last day: value=1.65 vs 24-day median=0.75 (z-score=+3.40, impact=degradation, method=z-score (threshold 3.0))"
2026-05-18,LCAIN10753,LCAIN10753-6,6,E-RAB Drop Rate,E-RAB Drop Rate (E-NodeB + MME) %,0.5518,0.23335,0.23022499999999999,0.08554156031816738,24,Spike,3.722751827480604,,high,Medium,4week_rolling_avg,"KPI spike on last day: value=0.55 vs 24-day median=0.23 (z-score=+3.72, impact=degradation, method=z-score (threshold 3.0))"
2026-05-18,LCAIN10970,LCAIN10970-1,1,E-RAB Drop Rate,E-RAB Drop Rate (E-NodeB + MME) %,1.0151,0.4069,0.47704583333333334,0.2014532182649499,24,Spike,3.019063210993727,,high,Medium,4week_rolling_avg,"KPI spike on last day: value=1.02 vs 24-day median=0.41 (z-score=+3.02, impact=degradation, method=z-score (threshold 3.0))"
2026-05-18,LCAIN10985,LCAIN10985-3,3,E-RAB Drop Rate,E-RAB Drop Rate (E-NodeB + MME) %,0.7942,0.24345,0.2774625,0.15679996229936835,24,Spike,3.512437069012093,,high,Medium,4week_rolling_avg,"KPI spike on last day: value=0.79 vs 24-day median=0.24 (z-score=+3.51, impact=degradation, method=z-score (threshold 3.0))"
2026-05-18,LCAIN11827,LCAIN11827-3,3,E-RAB Drop Rate,E-RAB Drop Rate (E-NodeB + MME) %,1.351,0.78135,0.7650791666666666,0.18589064881260764,24,Spike,3.0644360199864162,,high,Medium,4week_rolling_avg,"KPI spike on last day: value=1.35 vs 24-day median=0.78 (z-score=+3.06, impact=degradation, method=z-score (threshold 3.0))"
2026-05-18,LCAIN11827,LCAIN11827-7,7,E-RAB Drop Rate,E-RAB Drop Rate (E-NodeB + MME) %,0.9172,0.41895,0.44875,0.14718447891450148,24,Spike,3.3852074870573157,,high,Medium,4week_rolling_avg,"KPI spike on last day: value=0.92 vs 24-day median=0.42 (z-score=+3.39, impact=degradation, method=z-score (threshold 3.0))"
2026-05-18,LCAIN12056,LCAIN12056-2,2,E-RAB Drop Rate,E-RAB Drop Rate (E-NodeB + MME) %,1.3239,0.5944499999999999,0.5522625,0.23992492369576085,24,Spike,3.0403260685204443,,high,Medium,4week_rolling_avg,"KPI spike on last day: value=1.32 vs 24-day median=0.59 (z-score=+3.04, impact=degradation, method=z-score (threshold 3.0))"
2026-05-18,LCAIN12223,LCAIN12223-7,7,E-RAB Drop Rate,E-RAB Drop Rate (E-NodeB + MME) %,1.6679,0.7334499999999999,0.7946666666666666,0.25335749720284356,24,Spike,3.6882666205526133,,high,Medium,4week_rolling_avg,"KPI spike on last day: value=1.67 vs 24-day median=0.73 (z-score=+3.69, impact=degradation, method=z-score (threshold 3.0))"
2026-05-18,LCAIN12226,LCAIN12226-1,1,E-RAB Drop Rate,E-RAB Drop Rate (E-NodeB + MME) %,1.233,0.54955,0.5515041666666667,0.21533839354058276,24,Spike,3.173841825244214,,high,Medium,4week_rolling_avg,"KPI spike on last day: value=1.23 vs 24-day median=0.55 (z-score=+3.17, impact=degradation, method=z-score (threshold 3.0))"
2026-05-18,LCAIN12255,LCAIN12255-2,2,E-RAB Drop Rate,E-RAB Drop Rate (E-NodeB + MME) %,3.5427,1.6046,1.6210791666666668,0.5348605596938067,24,Spike,3.623561253253577,,high,Medium,4week_rolling_avg,"KPI spike on last day: value=3.54 vs 24-day median=1.60 (z-score=+3.62, impact=degradation, method=z-score (threshold 3.0))"
2026-05-18,LCAIN12840,LCAIN12840-1,1,E-RAB Drop Rate,E-RAB Drop Rate (E-NodeB + MME) %,0.6577,1.8092,1.8092,,1,Spike,,-63.64691576387354,low,Medium,4week_rolling_avg,"KPI spike on last day: value=0.66 vs historical value=1.81 (change=-63.6%, impact=enhancement, method=%change (1-week, threshold 50.0%))"
2026-05-18,LCAIN12862,LCAIN12862-7,7,E-RAB Drop Rate,E-RAB Drop Rate (E-NodeB + MME) %,0.4859,0.26744999999999997,0.2557333333333333,0.05749985990321098,24,Spike,3.7991396912569013,,high,Medium,4week_rolling_avg,"KPI spike on last day: value=0.49 vs 24-day median=0.27 (z-score=+3.80, impact=degradation, method=z-score (threshold 3.0))"
2026-05-18,LCAIN12868,LCAIN12868-3,3,E-RAB Drop Rate,E-RAB Drop Rate (E-NodeB + MME) %,1.4689,0.9217500000000001,0.9301750000000001,0.18071485423635397,24,Spike,3.027697984828583,,high,Medium,4week_rolling_avg,"KPI spike on last day: value=1.47 vs 24-day median=0.92 (z-score=+3.03, impact=degradation, method=z-score (threshold 3.0))"
2026-05-18,LCAIN12868,LCAIN12868-6,6,E-RAB Drop Rate,E-RAB Drop Rate (E-NodeB + MME) %,1.0557,0.5459499999999999,0.585325,0.15167689686193697,24,Spike,3.360762321396891,,high,Medium,4week_rolling_avg,"KPI spike on last day: value=1.06 vs 24-day median=0.55 (z-score=+3.36, impact=degradation, method=z-score (threshold 3.0))"
2026-05-18,LCAIN10457,LCAIN10457-3,3,ERAB Setup SR,ERAB Setup Success Rate,99.8494,99.94435,99.93861666666665,0.030924648565325664,24,Spike,-3.0703663389876037,,low,Medium,4week_rolling_avg,"KPI spike on last day: value=99.85 vs 24-day median=99.94 (z-score=-3.07, impact=degradation, method=z-score (threshold 3.0))"
2026-05-18,LCAIN10592,LCAIN10592-2,2,ERAB Setup SR,ERAB Setup Success Rate,99.7749,99.93780000000001,99.92805833333334,0.05406418189419722,24,Spike,-3.0130854531157136,,low,Medium,4week_rolling_avg,"KPI spike on last day: value=99.77 vs 24-day median=99.94 (z-score=-3.01, impact=degradation, method=z-score (threshold 3.0))"
2026-05-18,LCAIN11489,LCAIN11489-3,3,ERAB Setup SR,ERAB Setup Success Rate,99.5705,99.8928,99.87883333333333,0.08179274451658583,24,Spike,-3.9404473086808194,,low,Medium,4week_rolling_avg,"KPI spike on last day: value=99.57 vs 24-day median=99.89 (z-score=-3.94, impact=degradation, method=z-score (threshold 3.0))"
2026-05-18,LCAIN11489,LCAIN11489-5,5,ERAB Setup SR,ERAB Setup Success Rate,99.3504,99.85265,99.81583333333333,0.14095736845664422,24,Spike,-3.5631340560567155,,low,Medium,4week_rolling_avg,"KPI spike on last day: value=99.35 vs 24-day median=99.85 (z-score=-3.56, impact=degradation, method=z-score (threshold 3.0))"
2026-05-18,LCAIN11826,LCAIN11826-2,2,ERAB Setup SR,ERAB Setup Success Rate,98.6301,99.3443,99.3024125,0.21875376818182946,24,Spike,-3.264858045354254,,low,Medium,4week_rolling_avg,"KPI spike on last day: value=98.63 vs 24-day median=99.34 (z-score=-3.26, impact=degradation, method=z-score (threshold 3.0))"
2026-05-18,LCAIN12059,LCAIN12059-2,2,ERAB Setup SR,ERAB Setup Success Rate,97.1154,99.84255,99.52368333333334,0.7443050229725869,24,Spike,-3.6640220283727025,,low,Medium,4week_rolling_avg,"KPI spike on last day: value=97.12 vs 24-day median=99.84 (z-score=-3.66, impact=degradation, method=z-score (threshold 3.0))"
2026-05-18,LCAIN12245,LCAIN12245-3,3,ERAB Setup SR,ERAB Setup Success Rate,99.7879,99.91515,99.9121875,0.032175680677855784,24,Spike,-3.9548502881426435,,low,Medium,4week_rolling_avg,"KPI spike on last day: value=99.79 vs 24-day median=99.92 (z-score=-3.95, impact=degradation, method=z-score (threshold 3.0))"
2026-05-18,LCAIN12371,LCAIN12371-1,1,ERAB Setup SR,ERAB Setup Success Rate,67.0498,99.7669,97.25729565217392,9.109751169392167,23,Spike,-3.5914372842505418,,low,Medium,4week_rolling_avg,"KPI spike on last day: value=67.05 vs 24-day median=99.77 (z-score=-3.59, impact=degradation, method=z-score (threshold 3.0))"
2026-05-18,LCAIN12839,LCAIN12839-3,3,ERAB Setup SR,ERAB Setup Success Rate,99.5856,99.92505,99.9021909090909,0.08728540911646217,22,Spike,-3.8889661334700505,,low,Medium,4week_rolling_avg,"KPI spike on last day: value=99.59 vs 24-day median=99.93 (z-score=-3.89, impact=degradation, method=z-score (threshold 3.0))"
2026-05-18,LCAIN12872,LCAIN12872-7,7,ERAB Setup SR,ERAB Setup Success Rate,99.641,99.8386,99.84432500000001,0.049867242504473504,24,Spike,-3.962521087510862,,low,Medium,4week_rolling_avg,"KPI spike on last day: value=99.64 vs 24-day median=99.84 (z-score=-3.96, impact=degradation, method=z-score (threshold 3.0))"
2026-05-18,LCAIN12929,LCAIN12929-3,3,ERAB Setup SR,ERAB Setup Success Rate,98.1526,99.54984999999999,99.52058749999999,0.4293395968543829,24,Spike,-3.25441680720142,,low,Medium,4week_rolling_avg,"KPI spike on last day: value=98.15 vs 24-day median=99.55 (z-score=-3.25, impact=degradation, method=z-score (threshold 3.0))"
2026-05-18,LCAIN17818,LCAIN17818-6,6,ERAB Setup SR,ERAB Setup Success Rate,99.8284,99.91495,99.913075,0.024524209977083558,24,Spike,-3.52916567265076,,low,Medium,4week_rolling_avg,"KPI spike on last day: value=99.83 vs 24-day median=99.91 (z-score=-3.53, impact=degradation, method=z-score (threshold 3.0))"
2026-05-18,LCAIE10001,LCAIE10001-2,2,HO Success Rate,HO SR% Overall,99.041,99.7414,99.73994166666667,0.17759135657614586,24,Spike,-3.943885634432278,,low,Medium,4week_rolling_avg,"KPI spike on last day: value=99.04 vs 24-day median=99.74 (z-score=-3.94, impact=degradation, method=z-score (threshold 3.0))"
2026-05-18,LCAIN10514,LCAIN10514-6,6,HO Success Rate,HO SR% Overall,99.4342,99.88024999999999,99.84372499999999,0.12866069151713158,24,Spike,-3.4668708425260752,,low,Medium,4week_rolling_avg,"KPI spike on last day: value=99.43 vs 24-day median=99.88 (z-score=-3.47, impact=degradation, method=z-score (threshold 3.0))"
2026-05-18,LCAIN10545_Cow -Tagamo5,LCAIN10545-1,1,HO Success Rate,HO SR% Overall,97.75,99.8104,99.53752000000001,0.6022051701316871,15,Spike,-3.421425291897517,,low,Medium,4week_rolling_avg,"KPI spike on last day: value=97.75 vs 24-day median=99.81 (z-score=-3.42, impact=degradation, method=z-score (threshold 3.0))"
2026-05-18,LCAIN10545_Cow -Tagamo5,LCAIN10545-6,6,HO Success Rate,HO SR% Overall,98.111,99.2849,99.22731333333333,0.36833647817661935,15,Spike,-3.187031612538516,,low,Medium,4week_rolling_avg,"KPI spike on last day: value=98.11 vs 24-day median=99.28 (z-score=-3.19, impact=degradation, method=z-score (threshold 3.0))"
2026-05-18,LCAIN10545_Cow -Tagamo5,LCAIN10545-7,7,HO Success Rate,HO SR% Overall,99.2028,99.7201,99.66384,0.14425811034392733,15,Spike,-3.5859335656532956,,low,Medium,4week_rolling_avg,"KPI spike on last day: value=99.20 vs 24-day median=99.72 (z-score=-3.59, impact=degradation, method=z-score (threshold 3.0))"
2026-05-18,LCAIN10582,LCAIN10582-7,7,HO Success Rate,HO SR% Overall,98.378,99.31460000000001,99.25900833333333,0.242441815900688,24,Spike,-3.863194954717194,,low,Medium,4week_rolling_avg,"KPI spike on last day: value=98.38 vs 24-day median=99.31 (z-score=-3.86, impact=degradation, method=z-score (threshold 3.0))"
2026-05-18,LCAIN10591,LCAIN10591-1,1,HO Success Rate,HO SR% Overall,98.3925,99.38220000000001,99.3884625,0.2722841848946602,24,Spike,-3.6348053060184267,,low,Medium,4week_rolling_avg,"KPI spike on last day: value=98.39 vs 24-day median=99.38 (z-score=-3.63, impact=degradation, method=z-score (threshold 3.0))"
2026-05-18,LCAIN10636,LCAIN10636-2,2,HO Success Rate,HO SR% Overall,77.3153,99.0612,96.12145416666665,5.645339201720534,24,Spike,-3.8520094582399036,,low,Medium,4week_rolling_avg,"KPI spike on last day: value=77.32 vs 24-day median=99.06 (z-score=-3.85, impact=degradation, method=z-score (threshold 3.0))"
2026-05-18,LCAIN10692,LCAIN10692-6,6,HO Success Rate,HO SR% Overall,95.8298,99.54465,99.24972083333334,0.9428290186009185,24,Spike,-3.940109952823189,,low,Medium,4week_rolling_avg,"KPI spike on last day: value=95.83 vs 24-day median=99.54 (z-score=-3.94, impact=degradation, method=z-score (threshold 3.0))"
2026-05-18,LCAIN10989,LCAIN10989-5,5,HO Success Rate,HO SR% Overall,99.5141,99.8319,99.80815416666667,0.08287533800417156,24,Spike,-3.8346751597442514,,low,Medium,4week_rolling_avg,"KPI spike on last day: value=99.51 vs 24-day median=99.83 (z-score=-3.83, impact=degradation, method=z-score (threshold 3.0))"
2026-05-18,LCAIN12000,LCAIN12000-6,6,HO Success Rate,HO SR% Overall,97.4745,99.9029,99.65592142857142,0.621364051535665,14,Spike,-3.9081758817529715,,low,Medium,4week_rolling_avg,"KPI spike on last day: value=97.47 vs 24-day median=99.90 (z-score=-3.91, impact=degradation, method=z-score (threshold 3.0))"
2026-05-18,LCAIN12053,LCAIN12053-2,2,HO Success Rate,HO SR% Overall,99.1616,99.81765,99.8034125,0.1826357538757141,24,Spike,-3.5921224956119135,,low,Medium,4week_rolling_avg,"KPI spike on last day: value=99.16 vs 24-day median=99.82 (z-score=-3.59, impact=degradation, method=z-score (threshold 3.0))"
2026-05-18,LCAIN12053,LCAIN12053-7,7,HO Success Rate,HO SR% Overall,99.0396,99.5492,99.5848625,0.14734003419669403,24,Spike,-3.4586662259064433,,low,Medium,4week_rolling_avg,"KPI spike on last day: value=99.04 vs 24-day median=99.55 (z-score=-3.46, impact=degradation, method=z-score (threshold 3.0))"
2026-05-18,LCAIN12223,LCAIN12223-6,6,HO Success Rate,HO SR% Overall,99.5098,100.0,99.92580833333334,0.1363485879301866,24,Spike,-3.5951967485794167,,low,Medium,4week_rolling_avg,"KPI spike on last day: value=99.51 vs 24-day median=100.00 (z-score=-3.60, impact=degradation, method=z-score (threshold 3.0))"
2026-05-18,LCAIN12862,LCAIN12862-3,3,HO Success Rate,HO SR% Overall,92.7038,99.31385,98.7171,2.029020628694213,24,Spike,-3.257753965889412,,low,Medium,4week_rolling_avg,"KPI spike on last day: value=92.70 vs 24-day median=99.31 (z-score=-3.26, impact=degradation, method=z-score (threshold 3.0))"
2026-05-18,LCAIN12864,LCAIN12864-7,7,HO Success Rate,HO SR% Overall,99.6313,99.88415,99.85730909090908,0.06708869915059444,22,Spike,-3.768891083018845,,low,Medium,4week_rolling_avg,"KPI spike on last day: value=99.63 vs 24-day median=99.88 (z-score=-3.77, impact=degradation, method=z-score (threshold 3.0))"
2026-05-18,LCAIN12868,LCAIN12868-1,1,HO Success Rate,HO SR% Overall,93.8595,99.31625,98.77376666666665,1.6124731376746173,24,Spike,-3.384087382608617,,low,Medium,4week_rolling_avg,"KPI spike on last day: value=93.86 vs 24-day median=99.32 (z-score=-3.38, impact=degradation, method=z-score (threshold 3.0))"
2026-05-18,LCAIN12900,LCAIN12900-7,7,HO Success Rate,HO SR% Overall,99.3464,99.81129999999999,99.75394166666668,0.11867934008869781,24,Spike,-3.9172782697690423,,low,Medium,4week_rolling_avg,"KPI spike on last day: value=99.35 vs 24-day median=99.81 (z-score=-3.92, impact=degradation, method=z-score (threshold 3.0))"
2026-05-18,LCAIN12917,LCAIN12917-3,3,HO Success Rate,HO SR% Overall,97.9414,99.7131,99.52680833333334,0.4629492520034502,24,Spike,-3.826985338744627,,low,Medium,4week_rolling_avg,"KPI spike on last day: value=97.94 vs 24-day median=99.71 (z-score=-3.83, impact=degradation, method=z-score (threshold 3.0))"
2026-05-18,LCAIN12929,LCAIN12929-5,5,HO Success Rate,HO SR% Overall,94.6795,99.6389,99.17745416666666,1.5611412476078645,24,Spike,-3.176778531474514,,low,Medium,4week_rolling_avg,"KPI spike on last day: value=94.68 vs 24-day median=99.64 (z-score=-3.18, impact=degradation, method=z-score (threshold 3.0))"
2026-05-18,LCAIN16546,LCAIN16546-1,1,HO Success Rate,HO SR% Overall,98.0029,99.28805,99.11527916666667,0.419450847318218,24,Spike,-3.0638870042024675,,low,Medium,4week_rolling_avg,"KPI spike on last day: value=98.00 vs 24-day median=99.29 (z-score=-3.06, impact=degradation, method=z-score (threshold 3.0))"
2026-05-18,ICAIN12934,ICAIN12934-5,5,RACH Success Rate,(HU) RACH Success Rate(%),59.9805,93.73515,89.186275,10.993178504366925,20,Spike,-3.0705086783218634,,low,Medium,4week_rolling_avg,"KPI spike on last day: value=59.98 vs 24-day median=93.74 (z-score=-3.07, impact=degradation, method=z-score (threshold 3.0))"
2026-05-18,LCAIE10001,LCAIE10001-5,5,RACH Success Rate,(HU) RACH Success Rate(%),85.1097,94.4756,93.63945416666667,2.8975552994405436,24,Spike,-3.2323455575837854,,low,Medium,4week_rolling_avg,"KPI spike on last day: value=85.11 vs 24-day median=94.48 (z-score=-3.23, impact=degradation, method=z-score (threshold 3.0))"
2026-05-18,LCAIN10369,LCAIN10369-1,1,RACH Success Rate,(HU) RACH Success Rate(%),83.871,93.257,92.6652625,2.5779194393303064,24,Spike,-3.640920603181576,,low,Medium,4week_rolling_avg,"KPI spike on last day: value=83.87 vs 24-day median=93.26 (z-score=-3.64, impact=degradation, method=z-score (threshold 3.0))"
2026-05-18,LCAIN10458,LCAIN10458-6,6,RACH Success Rate,(HU) RACH Success Rate(%),87.1545,96.43254999999999,95.32438333333333,2.6881162451096166,24,Spike,-3.4515062422911145,,low,Medium,4week_rolling_avg,"KPI spike on last day: value=87.15 vs 24-day median=96.43 (z-score=-3.45, impact=degradation, method=z-score (threshold 3.0))"
2026-05-18,LCAIN10493,LCAIN10493-6,6,RACH Success Rate,(HU) RACH Success Rate(%),64.3773,84.9094,83.57149166666666,6.428200963781692,12,Spike,-3.194066289414982,,low,Medium,4week_rolling_avg,"KPI spike on last day: value=64.38 vs 24-day median=84.91 (z-score=-3.19, impact=degradation, method=z-score (threshold 3.0))"
2026-05-18,LCAIN10575,LCAIN10575-5,5,RACH Success Rate,(HU) RACH Success Rate(%),85.8517,94.852,94.55554736842106,2.9818289254059844,19,Spike,-3.0183824173529987,,low,Medium,4week_rolling_avg,"KPI spike on last day: value=85.85 vs 24-day median=94.85 (z-score=-3.02, impact=degradation, method=z-score (threshold 3.0))"
2026-05-18,LCAIN10586,LCAIN10586-3,3,RACH Success Rate,(HU) RACH Success Rate(%),67.0096,82.3375,82.26106666666666,4.442398946108835,24,Spike,-3.450365486293378,,low,Medium,4week_rolling_avg,"KPI spike on last day: value=67.01 vs 24-day median=82.34 (z-score=-3.45, impact=degradation, method=z-score (threshold 3.0))"
2026-05-18,LCAIN10650_Site_0650,LCAIN10650-5,5,RACH Success Rate,(HU) RACH Success Rate(%),51.6247,92.12335,87.29,10.680719286210705,24,Spike,-3.7917530565835214,,low,Medium,4week_rolling_avg,"KPI spike on last day: value=51.62 vs 24-day median=92.12 (z-score=-3.79, impact=degradation, method=z-score (threshold 3.0))"
2026-05-18,LCAIN10753,LCAIN10753-2,2,RACH Success Rate,(HU) RACH Success Rate(%),71.9119,83.37715,83.9212875,3.2421393855385703,24,Spike,-3.536322358977,,low,Medium,4week_rolling_avg,"KPI spike on last day: value=71.91 vs 24-day median=83.38 (z-score=-3.54, impact=degradation, method=z-score (threshold 3.0))"
2026-05-18,LCAIN10800,LCAIN10800-5,5,RACH Success Rate,(HU) RACH Success Rate(%),85.7427,94.2927,93.74270833333333,2.1916338644408397,24,Spike,-3.901199072857634,,low,Medium,4week_rolling_avg,"KPI spike on last day: value=85.74 vs 24-day median=94.29 (z-score=-3.90, impact=degradation, method=z-score (threshold 3.0))"
2026-05-18,LCAIN10908,LCAIN10908-6,6,RACH Success Rate,(HU) RACH Success Rate(%),89.4542,82.39955,82.30141666666667,2.1672587325672246,24,Spike,3.2551028144403484,,high,Medium,4week_rolling_avg,"KPI spike on last day: value=89.45 vs 24-day median=82.40 (z-score=+3.26, impact=enhancement, method=z-score (threshold 3.0))"
2026-05-18,LCAIN11981,LCAIN11981-3,3,RACH Success Rate,(HU) RACH Success Rate(%),44.7552,90.93585,84.18954166666667,13.569296096117043,24,Spike,-3.403319499617592,,low,Medium,4week_rolling_avg,"KPI spike on last day: value=44.76 vs 24-day median=90.94 (z-score=-3.40, impact=degradation, method=z-score (threshold 3.0))"
2026-05-18,LCAIN11981,LCAIN11981-7,7,RACH Success Rate,(HU) RACH Success Rate(%),35.6025,91.53085,84.2444625,14.86348817911452,24,Spike,-3.7628011221879873,,low,Medium,4week_rolling_avg,"KPI spike on last day: value=35.60 vs 24-day median=91.53 (z-score=-3.76, impact=degradation, method=z-score (threshold 3.0))"
2026-05-18,LCAIN12262,LCAIN12262-7,7,RACH Success Rate,(HU) RACH Success Rate(%),59.9482,84.5507,82.54354166666667,6.871593296494675,24,Spike,-3.5803195763273985,,low,Medium,4week_rolling_avg,"KPI spike on last day: value=59.95 vs 24-day median=84.55 (z-score=-3.58, impact=degradation, method=z-score (threshold 3.0))"
2026-05-18,LCAIN12461,LCAIN12461-1,1,RACH Success Rate,(HU) RACH Success Rate(%),87.5257,76.0879,75.8897,3.339673871086426,23,Spike,3.424825429519912,,high,Medium,4week_rolling_avg,"KPI spike on last day: value=87.53 vs 24-day median=76.09 (z-score=+3.42, impact=enhancement, method=z-score (threshold 3.0))"
2026-05-18,LCAIN12508,LCAIN12508-5,5,RACH Success Rate,(HU) RACH Success Rate(%),50.5006,73.5012,71.22380833333334,6.566868251744045,24,Spike,-3.5025219203828923,,low,Medium,4week_rolling_avg,"KPI spike on last day: value=50.50 vs 24-day median=73.50 (z-score=-3.50, impact=degradation, method=z-score (threshold 3.0))"
2026-05-18,LCAIN12591,LCAIN12591-1,1,RACH Success Rate,(HU) RACH Success Rate(%),86.345,93.20165,92.70157916666666,2.048312415335113,24,Spike,-3.3474629888811287,,low,Medium,4week_rolling_avg,"KPI spike on last day: value=86.34 vs 24-day median=93.20 (z-score=-3.35, impact=degradation, method=z-score (threshold 3.0))"
2026-05-18,LCAIN12864,LCAIN12864-2,2,RACH Success Rate,(HU) RACH Success Rate(%),74.5062,91.97325000000001,91.0733181818182,5.043356729008276,22,Spike,-3.463377852994887,,low,Medium,4week_rolling_avg,"KPI spike on last day: value=74.51 vs 24-day median=91.97 (z-score=-3.46, impact=degradation, method=z-score (threshold 3.0))"
2026-05-18,LCAIN12900,LCAIN12900-6,6,RACH Success Rate,(HU) RACH Success Rate(%),70.6275,87.512,87.13569166666667,5.151216821208095,24,Spike,-3.2777692312396485,,low,Medium,4week_rolling_avg,"KPI spike on last day: value=70.63 vs 24-day median=87.51 (z-score=-3.28, impact=degradation, method=z-score (threshold 3.0))"
2026-05-18,LCAIN12920,LCAIN12920-5,5,RACH Success Rate,(HU) RACH Success Rate(%),80.5982,94.0163,92.307675,3.866575116866992,24,Spike,-3.4702804405549506,,low,Medium,4week_rolling_avg,"KPI spike on last day: value=80.60 vs 24-day median=94.02 (z-score=-3.47, impact=degradation, method=z-score (threshold 3.0))"
2026-05-18,LCAIN13989,LCAIN13989-7,7,RACH Success Rate,(HU) RACH Success Rate(%),74.8101,87.97784999999999,86.81053333333334,4.118133222171858,24,Spike,-3.197504619108815,,low,Medium,4week_rolling_avg,"KPI spike on last day: value=74.81 vs 24-day median=87.98 (z-score=-3.20, impact=degradation, method=z-score (threshold 3.0))"
2026-05-18,LCAIN13991,LCAIN13991-3,3,RACH Success Rate,(HU) RACH Success Rate(%),69.8614,89.18215000000001,87.07892499999998,5.9292314128990045,24,Spike,-3.2585589353061577,,low,Medium,4week_rolling_avg,"KPI spike on last day: value=69.86 vs 24-day median=89.18 (z-score=-3.26, impact=degradation, method=z-score (threshold 3.0))"
2026-05-18,ICAIN12934,ICAIN12934-3,3,RRC Re-establishment,RRC Reestablish Setup Success Rate(%),0.0,90.29305,64.738805,41.91616241114488,20,Zero,,-100.0,zero,Medium,4week_rolling_avg,"KPI dropped to 0 on last day (24-day historical median: 90.29, 15/20 days were non-zero in 24-day lookback)"
2026-05-18,LCAIN10029,LCAIN10029-3,3,RRC Re-establishment,RRC Reestablish Setup Success Rate(%),0.0,36.666650000000004,40.93034583333334,29.029681201329375,24,Zero,,-100.0,zero,Medium,4week_rolling_avg,"KPI dropped to 0 on last day (24-day historical median: 36.67, 20/24 days were non-zero in 24-day lookback)"
2026-05-18,LCAIN10112_03-2-12-46,LCAIN10112-7,7,RRC Re-establishment,RRC Reestablish Setup Success Rate(%),35.7143,75.0,73.06707391304347,12.597047143856246,23,Spike,-3.1186435639530155,,low,Medium,4week_rolling_avg,"KPI spike on last day: value=35.71 vs 24-day median=75.00 (z-score=-3.12, impact=degradation, method=z-score (threshold 3.0))"
2026-05-18,LCAIN10120,LCAIN10120-2,2,RRC Re-establishment,RRC Reestablish Setup Success Rate(%),60.0,87.08335,86.83039583333334,7.237959233299072,24,Spike,-3.741848928272475,,low,Medium,4week_rolling_avg,"KPI spike on last day: value=60.00 vs 24-day median=87.08 (z-score=-3.74, impact=degradation, method=z-score (threshold 3.0))"
2026-05-18,LCAIN10129_Site_143,LCAIN10129-7,7,RRC Re-establishment,RRC Reestablish Setup Success Rate(%),61.1111,84.92145,82.61227916666667,7.1020686617808275,24,Spike,-3.3525936081318597,,low,Medium,4week_rolling_avg,"KPI spike on last day: value=61.11 vs 24-day median=84.92 (z-score=-3.35, impact=degradation, method=z-score (threshold 3.0))"
2026-05-18,LCAIN10130_Site_144,LCAIN10130-1,1,RRC Re-establishment,RRC Reestablish Setup Success Rate(%),70.8333,88.76265000000001,89.15544166666666,5.938378215607121,24,Spike,-3.019233425193174,,low,Medium,4week_rolling_avg,"KPI spike on last day: value=70.83 vs 24-day median=88.76 (z-score=-3.02, impact=degradation, method=z-score (threshold 3.0))"
2026-05-18,LCAIN10369,LCAIN10369-5,5,RRC Re-establishment,RRC Reestablish Setup Success Rate(%),0.0,86.0753,85.1079125,7.262230443265606,24,Zero,,-100.0,zero,Medium,4week_rolling_avg,"KPI dropped to 0 on last day (24-day historical median: 86.08, 24/24 days were non-zero in 24-day lookback)"
2026-05-18,LCAIN10493,LCAIN10493-2,2,RRC Re-establishment,RRC Reestablish Setup Success Rate(%),0.0,73.1634,56.179012500000006,39.07685869742595,16,Zero,,-100.0,zero,Medium,4week_rolling_avg,"KPI dropped to 0 on last day (24-day historical median: 73.16, 11/16 days were non-zero in 24-day lookback)"
2026-05-18,LCAIN10588,LCAIN10588-2,2,RRC Re-establishment,RRC Reestablish Setup Success Rate(%),0.0,92.83269999999999,55.529075,46.96918203053688,24,Zero,,-100.0,zero,Medium,4week_rolling_avg,"KPI dropped to 0 on last day (24-day historical median: 92.83, 14/24 days were non-zero in 24-day lookback)"
2026-05-18,LCAIN10855,LCAIN10855-3,3,RRC Re-establishment,RRC Reestablish Setup Success Rate(%),0.0,70.83335,58.170995454545455,43.073490018967235,22,Zero,,-100.0,zero,Medium,4week_rolling_avg,"KPI dropped to 0 on last day (24-day historical median: 70.83, 15/22 days were non-zero in 24-day lookback)"
2026-05-18,LCAIN10855,LCAIN10855-7,7,RRC Re-establishment,RRC Reestablish Setup Success Rate(%),0.0,62.5,50.22727272727273,47.20548101668416,22,Zero,,-100.0,zero,Medium,4week_rolling_avg,"KPI dropped to 0 on last day (24-day historical median: 62.50, 12/22 days were non-zero in 24-day lookback)"
2026-05-18,LCAIN10859,LCAIN10859-5,5,RRC Re-establishment,RRC Reestablish Setup Success Rate(%),55.0,72.29545,72.02699166666667,5.645273201605381,24,Spike,-3.063704692818337,,low,Medium,4week_rolling_avg,"KPI spike on last day: value=55.00 vs 24-day median=72.30 (z-score=-3.06, impact=degradation, method=z-score (threshold 3.0))"
2026-05-18,LCAIN11493,LCAIN11493-1,1,RRC Re-establishment,RRC Reestablish Setup Success Rate(%),81.875,90.81625,91.20953333333334,2.8349918229844833,24,Spike,-3.153889167337092,,low,Medium,4week_rolling_avg,"KPI spike on last day: value=81.88 vs 24-day median=90.82 (z-score=-3.15, impact=degradation, method=z-score (threshold 3.0))"
2026-05-18,LCAIN11677,LCAIN11677-3,3,RRC Re-establishment,RRC Reestablish Setup Success Rate(%),88.5072,85.9947,86.05672916666667,0.7351899745865965,24,Spike,3.4174840338550627,,high,Medium,4week_rolling_avg,"KPI spike on last day: value=88.51 vs 24-day median=85.99 (z-score=+3.42, impact=enhancement, method=z-score (threshold 3.0))"
2026-05-18,LCAIN12251,LCAIN12251-6,6,RRC Re-establishment,RRC Reestablish Setup Success Rate(%),79.5181,96.521,94.66356666666667,5.465400561385129,24,Spike,-3.1110071089996834,,low,Medium,4week_rolling_avg,"KPI spike on last day: value=79.52 vs 24-day median=96.52 (z-score=-3.11, impact=degradation, method=z-score (threshold 3.0))"
2026-05-18,LCAIN12585,LCAIN12585-2,2,RRC Re-establishment,RRC Reestablish Setup Success Rate(%),0.0,100.0,80.89372173913044,33.04372494893443,23,Zero,,-100.0,zero,Medium,4week_rolling_avg,"KPI dropped to 0 on last day (24-day historical median: 100.00, 20/23 days were non-zero in 24-day lookback)"
2026-05-18,LCAIN12921,LCAIN12921-5,5,RRC Re-establishment,RRC Reestablish Setup Success Rate(%),97.9592,85.35104999999999,85.98456666666668,4.0229520502845775,24,Spike,3.1340542572731205,,high,Medium,4week_rolling_avg,"KPI spike on last day: value=97.96 vs 24-day median=85.35 (z-score=+3.13, impact=enhancement, method=z-score (threshold 3.0))"
2026-05-18,LCAIN12921,LCAIN12921-6,6,RRC Re-establishment,RRC Reestablish Setup Success Rate(%),56.8627,81.91055,82.234975,6.648819643318279,24,Spike,-3.7672626637078057,,low,Medium,4week_rolling_avg,"KPI spike on last day: value=56.86 vs 24-day median=81.91 (z-score=-3.77, impact=degradation, method=z-score (threshold 3.0))"
2026-05-18,LCAIE10001,LCAIE10001-8,8,RRC Setup SR,(TE) RRC Setup SR%,99.9405,99.97895,99.97776666666668,0.011779737782405167,24,Spike,-3.2640794481374926,,low,Medium,4week_rolling_avg,"KPI spike on last day: value=99.94 vs 24-day median=99.98 (z-score=-3.26, impact=degradation, method=z-score (threshold 3.0))"
2026-05-18,LCAIN10029,LCAIN10029-2,2,RRC Setup SR,(TE) RRC Setup SR%,99.7805,99.96005,99.95199166666667,0.0478949711753632,24,Spike,-3.748827812059547,,low,Medium,4week_rolling_avg,"KPI spike on last day: value=99.78 vs 24-day median=99.96 (z-score=-3.75, impact=degradation, method=z-score (threshold 3.0))"
2026-05-18,LCAIN10110,LCAIN10110-6,6,RRC Setup SR,(TE) RRC Setup SR%,99.9526,99.9872,99.98558333333334,0.00865268102317842,24,Spike,-3.9987606046394832,,low,Medium,4week_rolling_avg,"KPI spike on last day: value=99.95 vs 24-day median=99.99 (z-score=-4.00, impact=degradation, method=z-score (threshold 3.0))"
2026-05-18,LCAIN10370,LCAIN10370-3,3,RRC Setup SR,(TE) RRC Setup SR%,99.7024,100.0,99.94403684210525,0.09793565132552093,19,Spike,-3.038729982106644,,low,Medium,4week_rolling_avg,"KPI spike on last day: value=99.70 vs 24-day median=100.00 (z-score=-3.04, impact=degradation, method=z-score (threshold 3.0))"
2026-05-18,LCAIN10496,LCAIN10496-5,5,RRC Setup SR,(TE) RRC Setup SR%,99.8208,99.95660000000001,99.94771666666668,0.03560997831444822,24,Spike,-3.8135378460734537,,low,Medium,4week_rolling_avg,"KPI spike on last day: value=99.82 vs 24-day median=99.96 (z-score=-3.81, impact=degradation, method=z-score (threshold 3.0))"
2026-05-18,LCAIN10634,LCAIN10634-4,4,RRC Setup SR,(TE) RRC Setup SR%,99.6809,99.92760000000001,99.90879583333333,0.07720351610714192,24,Spike,-3.1954503167660353,,low,Medium,4week_rolling_avg,"KPI spike on last day: value=99.68 vs 24-day median=99.93 (z-score=-3.20, impact=degradation, method=z-score (threshold 3.0))"
2026-05-18,LCAIN10737,LCAIN10737-2,2,RRC Setup SR,(TE) RRC Setup SR%,99.7673,99.91735,99.91242916666666,0.04173097849286788,24,Spike,-3.5956501721050644,,low,Medium,4week_rolling_avg,"KPI spike on last day: value=99.77 vs 24-day median=99.92 (z-score=-3.60, impact=degradation, method=z-score (threshold 3.0))"
2026-05-18,LCAIN10989,LCAIN10989-2,2,RRC Setup SR,(TE) RRC Setup SR%,99.6253,99.9223,99.88941666666669,0.09461957895817488,24,Spike,-3.1388852420416655,,low,Medium,4week_rolling_avg,"KPI spike on last day: value=99.63 vs 24-day median=99.92 (z-score=-3.14, impact=degradation, method=z-score (threshold 3.0))"
2026-05-18,LCAIN11489,LCAIN11489-6,6,RRC Setup SR,(TE) RRC Setup SR%,99.9132,99.9591,99.9573125,0.014168901171814607,24,Spike,-3.2394890361229587,,low,Medium,4week_rolling_avg,"KPI spike on last day: value=99.91 vs 24-day median=99.96 (z-score=-3.24, impact=degradation, method=z-score (threshold 3.0))"
2026-05-18,LCAIN12071,LCAIN12071-2,2,RRC Setup SR,(TE) RRC Setup SR%,99.7092,99.93844999999999,99.93217083333332,0.05937388931709621,24,Spike,-3.8611248587008546,,low,Medium,4week_rolling_avg,"KPI spike on last day: value=99.71 vs 24-day median=99.94 (z-score=-3.86, impact=degradation, method=z-score (threshold 3.0))"
2026-05-18,LCAIN12071,LCAIN12071-3,3,RRC Setup SR,(TE) RRC Setup SR%,99.6044,99.97175,99.94153333333333,0.10436350602048935,24,Spike,-3.519908577313234,,low,Medium,4week_rolling_avg,"KPI spike on last day: value=99.60 vs 24-day median=99.97 (z-score=-3.52, impact=degradation, method=z-score (threshold 3.0))"
2026-05-18,LCAIN12476,LCAIN12476-5,5,RRC Setup SR,(TE) RRC Setup SR%,99.9666,99.98465,99.98197916666668,0.0055223771426415,24,Spike,-3.26851997496291,,low,Medium,4week_rolling_avg,"KPI spike on last day: value=99.97 vs 24-day median=99.98 (z-score=-3.27, impact=degradation, method=z-score (threshold 3.0))"
2026-05-18,LCAIN12570,LCAIN12570-1,1,RRC Setup SR,(TE) RRC Setup SR%,99.9052,99.9648,99.96314166666667,0.015313172887709947,24,Spike,-3.8920738658829483,,low,Medium,4week_rolling_avg,"KPI spike on last day: value=99.91 vs 24-day median=99.96 (z-score=-3.89, impact=degradation, method=z-score (threshold 3.0))"
2026-05-18,LCAIN12591,LCAIN12591-5,5,RRC Setup SR,(TE) RRC Setup SR%,99.8689,99.95435,99.94835833333333,0.021576760582214794,24,Spike,-3.9602793790298194,,low,Medium,4week_rolling_avg,"KPI spike on last day: value=99.87 vs 24-day median=99.95 (z-score=-3.96, impact=degradation, method=z-score (threshold 3.0))"
2026-05-18,LCAIN12839,LCAIN12839-1,1,RRC Setup SR,(TE) RRC Setup SR%,99.8662,99.94855,99.94695454545455,0.026439239558463626,22,Spike,-3.114688673927064,,low,Medium,4week_rolling_avg,"KPI spike on last day: value=99.87 vs 24-day median=99.95 (z-score=-3.11, impact=degradation, method=z-score (threshold 3.0))"
2026-05-18,LCAIN12841,LCAIN12841-5,5,RRC Setup SR,(TE) RRC Setup SR%,99.9323,99.98805,99.98444166666668,0.016586689358907655,24,Spike,-3.361128842149776,,low,Medium,4week_rolling_avg,"KPI spike on last day: value=99.93 vs 24-day median=99.99 (z-score=-3.36, impact=degradation, method=z-score (threshold 3.0))"
2026-05-18,LCAIN12917,LCAIN12917-6,6,RRC Setup SR,(TE) RRC Setup SR%,99.9435,100.0,99.98929166666666,0.01502320196303867,24,Spike,-3.760849394090938,,low,Medium,4week_rolling_avg,"KPI spike on last day: value=99.94 vs 24-day median=100.00 (z-score=-3.76, impact=degradation, method=z-score (threshold 3.0))"
2026-05-18,LCAIN10109,LCAIN10109-7,7,UL Throughput,(HU) User UL Average Throughput (Mbps),9.0854,3.8805500000000004,4.531562500000001,1.472244360891589,24,Spike,3.5353166486899976,,high,Medium,4week_rolling_avg,"KPI spike on last day: value=9.09 vs 24-day median=3.88 (z-score=+3.54, impact=enhancement, method=z-score (threshold 3.0))"
2026-05-18,LCAIN10119,LCAIN10119-3,3,UL Throughput,(HU) User UL Average Throughput (Mbps),6.7906,3.3047500000000003,3.331891666666667,0.9080206306928763,24,Spike,3.8389546252270494,,high,Medium,4week_rolling_avg,"KPI spike on last day: value=6.79 vs 24-day median=3.30 (z-score=+3.84, impact=enhancement, method=z-score (threshold 3.0))"
2026-05-18,LCAIN10121_Site_137,LCAIN10121-2,2,UL Throughput,(HU) User UL Average Throughput (Mbps),7.8233,3.7195,4.020995833333333,1.0480042960627463,24,Spike,3.9158236425342827,,high,Medium,4week_rolling_avg,"KPI spike on last day: value=7.82 vs 24-day median=3.72 (z-score=+3.92, impact=enhancement, method=z-score (threshold 3.0))"
2026-05-18,LCAIN10129_Site_143,LCAIN10129-5,5,UL Throughput,(HU) User UL Average Throughput (Mbps),6.9011,4.38095,4.486716666666666,0.6404050955363245,24,Spike,3.9352435162768837,,high,Medium,4week_rolling_avg,"KPI spike on last day: value=6.90 vs 24-day median=4.38 (z-score=+3.94, impact=enhancement, method=z-score (threshold 3.0))"
2026-05-18,LCAIN10134_03-1-30-301,LCAIN10134-1,1,UL Throughput,(HU) User UL Average Throughput (Mbps),8.2093,3.3127,3.7918458333333334,1.2585289511234823,24,Spike,3.8907329033859983,,high,Medium,4week_rolling_avg,"KPI spike on last day: value=8.21 vs 24-day median=3.31 (z-score=+3.89, impact=enhancement, method=z-score (threshold 3.0))"
2026-05-18,LCAIN10350,LCAIN10350-1,1,UL Throughput,(HU) User UL Average Throughput (Mbps),5.8985,3.6295,3.7843,0.5971044394966987,24,Spike,3.8000052418175754,,high,Medium,4week_rolling_avg,"KPI spike on last day: value=5.90 vs 24-day median=3.63 (z-score=+3.80, impact=enhancement, method=z-score (threshold 3.0))"
2026-05-18,LCAIN10369,LCAIN10369-3,3,UL Throughput,(HU) User UL Average Throughput (Mbps),5.8354,3.1493,3.256625,0.7923415032095272,24,Spike,3.3900786329120085,,high,Medium,4week_rolling_avg,"KPI spike on last day: value=5.84 vs 24-day median=3.15 (z-score=+3.39, impact=enhancement, method=z-score (threshold 3.0))"
2026-05-18,LCAIN10369,LCAIN10369-7,7,UL Throughput,(HU) User UL Average Throughput (Mbps),2.8988,1.93255,1.9832791666666667,0.250863483756881,24,Spike,3.8516964905758093,,high,Medium,4week_rolling_avg,"KPI spike on last day: value=2.90 vs 24-day median=1.93 (z-score=+3.85, impact=enhancement, method=z-score (threshold 3.0))"
2026-05-18,LCAIN10458,LCAIN10458-1,1,UL Throughput,(HU) User UL Average Throughput (Mbps),3.6527,2.7052,2.665691666666667,0.26090817177164505,24,Spike,3.6315458943512176,,high,Medium,4week_rolling_avg,"KPI spike on last day: value=3.65 vs 24-day median=2.71 (z-score=+3.63, impact=enhancement, method=z-score (threshold 3.0))"
2026-05-18,LCAIN10581,LCAIN10581-6,6,UL Throughput,(HU) User UL Average Throughput (Mbps),6.5567,3.60955,3.8873833333333336,0.8186336673927409,24,Spike,3.600084039282616,,high,Medium,4week_rolling_avg,"KPI spike on last day: value=6.56 vs 24-day median=3.61 (z-score=+3.60, impact=enhancement, method=z-score (threshold 3.0))"
2026-05-18,LCAIN10594,LCAIN10594-2,2,UL Throughput,(HU) User UL Average Throughput (Mbps),8.71,3.6368,4.247629166666667,1.4979424297680155,24,Spike,3.386779023801122,,high,Medium,4week_rolling_avg,"KPI spike on last day: value=8.71 vs 24-day median=3.64 (z-score=+3.39, impact=enhancement, method=z-score (threshold 3.0))"
2026-05-18,LCAIN10594,LCAIN10594-5,5,UL Throughput,(HU) User UL Average Throughput (Mbps),10.9729,4.26695,4.9618,2.168100263095167,24,Spike,3.09300732726568,,high,Medium,4week_rolling_avg,"KPI spike on last day: value=10.97 vs 24-day median=4.27 (z-score=+3.09, impact=enhancement, method=z-score (threshold 3.0))"
2026-05-18,LCAIN10693,LCAIN10693-1,1,UL Throughput,(HU) User UL Average Throughput (Mbps),4.7713,2.85095,2.9554500000000004,0.5283897409425483,24,Spike,3.6343438397847305,,high,Medium,4week_rolling_avg,"KPI spike on last day: value=4.77 vs 24-day median=2.85 (z-score=+3.63, impact=enhancement, method=z-score (threshold 3.0))"
2026-05-18,LCAIN10873,LCAIN10873-1,1,UL Throughput,(HU) User UL Average Throughput (Mbps),20.1981,5.8779,7.0927263157894735,3.953580674573381,19,Spike,3.622083670151805,,high,Medium,4week_rolling_avg,"KPI spike on last day: value=20.20 vs 24-day median=5.88 (z-score=+3.62, impact=enhancement, method=z-score (threshold 3.0))"
2026-05-18,LCAIN11651,LCAIN11651-6,6,UL Throughput,(HU) User UL Average Throughput (Mbps),8.3596,4.64295,4.844754166666667,1.0988202813999985,24,Spike,3.3824002549940606,,high,Medium,4week_rolling_avg,"KPI spike on last day: value=8.36 vs 24-day median=4.64 (z-score=+3.38, impact=enhancement, method=z-score (threshold 3.0))"
2026-05-18,LCAIN11826,LCAIN11826-1,1,UL Throughput,(HU) User UL Average Throughput (Mbps),2.2628,9.817450000000001,10.295145833333335,2.180572530319191,24,Spike,-3.4645258962764953,,low,Medium,4week_rolling_avg,"KPI spike on last day: value=2.26 vs 24-day median=9.82 (z-score=-3.46, impact=degradation, method=z-score (threshold 3.0))"
2026-05-18,LCAIN11838,LCAIN11838-2,2,UL Throughput,(HU) User UL Average Throughput (Mbps),13.8871,4.3645,5.254741666666667,2.4510330058495517,24,Spike,3.8851374001385084,,high,Medium,4week_rolling_avg,"KPI spike on last day: value=13.89 vs 24-day median=4.36 (z-score=+3.89, impact=enhancement, method=z-score (threshold 3.0))"
2026-05-18,LCAIN12046,LCAIN12046-1,1,UL Throughput,(HU) User UL Average Throughput (Mbps),6.9005,4.02855,4.166904166666667,0.7232666298809212,24,Spike,3.9708039626725746,,high,Medium,4week_rolling_avg,"KPI spike on last day: value=6.90 vs 24-day median=4.03 (z-score=+3.97, impact=enhancement, method=z-score (threshold 3.0))"
2026-05-18,LCAIN12055,LCAIN12055-5,5,UL Throughput,(HU) User UL Average Throughput (Mbps),4.4284,2.2797,2.4996458333333336,0.6096623389078899,24,Spike,3.524409928041551,,high,Medium,4week_rolling_avg,"KPI spike on last day: value=4.43 vs 24-day median=2.28 (z-score=+3.52, impact=enhancement, method=z-score (threshold 3.0))"
2026-05-18,LCAIN12371,LCAIN12371-1,1,UL Throughput,(HU) User UL Average Throughput (Mbps),4.5328,2.9218,2.870378260869565,0.5264676520526641,23,Spike,3.0600170660415937,,high,Medium,4week_rolling_avg,"KPI spike on last day: value=4.53 vs 24-day median=2.92 (z-score=+3.06, impact=enhancement, method=z-score (threshold 3.0))"
2026-05-18,LCAIN12838,LCAIN12838-3,3,UL Throughput,(HU) User UL Average Throughput (Mbps),5.6308,3.5950499999999996,3.6073500000000003,0.6287488979446936,24,Spike,3.237779034928933,,high,Medium,4week_rolling_avg,"KPI spike on last day: value=5.63 vs 24-day median=3.60 (z-score=+3.24, impact=enhancement, method=z-score (threshold 3.0))"
2026-05-18,LCAIN12840,LCAIN12840-1,1,UL Throughput,(HU) User UL Average Throughput (Mbps),3.4425,2.0744,2.0744,,1,Spike,,65.95160046278443,high,Medium,4week_rolling_avg,"KPI spike on last day: value=3.44 vs historical value=2.07 (change=+66.0%, impact=enhancement, method=%change (1-week, threshold 50.0%))"
2026-05-18,LCAIN12900,LCAIN12900-3,3,UL Throughput,(HU) User UL Average Throughput (Mbps),5.6622,2.6273,2.7548583333333334,0.9608216487797769,24,Spike,3.158650727587434,,high,Medium,4week_rolling_avg,"KPI spike on last day: value=5.66 vs 24-day median=2.63 (z-score=+3.16, impact=enhancement, method=z-score (threshold 3.0))"
2026-05-18,LCAIN12901,LCAIN12901-3,3,UL Throughput,(HU) User UL Average Throughput (Mbps),18.4539,3.21135,4.800408333333333,4.214053859301898,24,Spike,3.6170752697795585,,high,Medium,4week_rolling_avg,"KPI spike on last day: value=18.45 vs 24-day median=3.21 (z-score=+3.62, impact=enhancement, method=z-score (threshold 3.0))"
2026-05-18,LCAIN10021_Site_135,LCAIN10021-5,5,UL Traffic,(HU) UL Traffic Volume (GBytes),10.6358,6.401,6.7114,1.27287091450783,24,Spike,3.326967370950913,,high,Medium,4week_rolling_avg,"KPI spike on last day: value=10.64 vs 24-day median=6.40 (z-score=+3.33, impact=enhancement, method=z-score (threshold 3.0))"
2026-05-18,LCAIN10119,LCAIN10119-3,3,UL Traffic,(HU) UL Traffic Volume (GBytes),5.133,2.25895,2.3725958333333335,0.9490589960056779,24,Spike,3.0283154283306595,,high,Medium,4week_rolling_avg,"KPI spike on last day: value=5.13 vs 24-day median=2.26 (z-score=+3.03, impact=enhancement, method=z-score (threshold 3.0))"
2026-05-18,LCAIN10121_Site_137,LCAIN10121-2,2,UL Traffic,(HU) UL Traffic Volume (GBytes),5.0104,2.4836,2.4046291666666666,0.7998696198335318,24,Spike,3.159014841101073,,high,Medium,4week_rolling_avg,"KPI spike on last day: value=5.01 vs 24-day median=2.48 (z-score=+3.16, impact=enhancement, method=z-score (threshold 3.0))"
2026-05-18,LCAIN10129_Site_143,LCAIN10129-5,5,UL Traffic,(HU) UL Traffic Volume (GBytes),15.4959,9.21085,9.264366666666666,2.007115985410133,24,Spike,3.1313835601362703,,high,Medium,4week_rolling_avg,"KPI spike on last day: value=15.50 vs 24-day median=9.21 (z-score=+3.13, impact=enhancement, method=z-score (threshold 3.0))"
2026-05-18,LCAIN10369,LCAIN10369-7,7,UL Traffic,(HU) UL Traffic Volume (GBytes),0.4165,5.38905,5.085704166666666,1.3708075392140109,24,Spike,-3.627460352932655,,low,Medium,4week_rolling_avg,"KPI spike on last day: value=0.42 vs 24-day median=5.39 (z-score=-3.63, impact=degradation, method=z-score (threshold 3.0))"
2026-05-18,LCAIN10444,LCAIN10444-7,7,UL Traffic,(HU) UL Traffic Volume (GBytes),3.1208,0.27325,0.66965,0.9150730153016935,24,Spike,3.1118281846188873,,high,Medium,4week_rolling_avg,"KPI spike on last day: value=3.12 vs 24-day median=0.27 (z-score=+3.11, impact=enhancement, method=z-score (threshold 3.0))"
2026-05-18,LCAIN10509,LCAIN10509-3,3,UL Traffic,(HU) UL Traffic Volume (GBytes),11.4898,5.377549999999999,5.206529166666667,1.7021073696742242,24,Spike,3.59098968073316,,high,Medium,4week_rolling_avg,"KPI spike on last day: value=11.49 vs 24-day median=5.38 (z-score=+3.59, impact=enhancement, method=z-score (threshold 3.0))"
2026-05-18,LCAIN10513_Site_513,LCAIN10513-6,6,UL Traffic,(HU) UL Traffic Volume (GBytes),8.3638,2.3578,3.2015958333333336,1.8836299699602994,24,Spike,3.1885243364048756,,high,Medium,4week_rolling_avg,"KPI spike on last day: value=8.36 vs 24-day median=2.36 (z-score=+3.19, impact=enhancement, method=z-score (threshold 3.0))"
2026-05-18,LCAIN10588,LCAIN10588-2,2,UL Traffic,(HU) UL Traffic Volume (GBytes),0.0,0.19979999999999998,0.28043749999999995,0.28487246095475194,24,Zero,,-100.0,zero,Medium,4week_rolling_avg,"KPI dropped to 0 on last day (24-day historical median: 0.20, 14/24 days were non-zero in 24-day lookback)"
2026-05-18,LCAIN10594,LCAIN10594-2,2,UL Traffic,(HU) UL Traffic Volume (GBytes),4.9415,1.2231,1.5168125000000001,0.9743339940323765,24,Spike,3.8163504740412857,,high,Medium,4week_rolling_avg,"KPI spike on last day: value=4.94 vs 24-day median=1.22 (z-score=+3.82, impact=enhancement, method=z-score (threshold 3.0))"
2026-05-18,LCAIN10594,LCAIN10594-5,5,UL Traffic,(HU) UL Traffic Volume (GBytes),4.2667,1.3531,1.4232958333333332,0.7930428831822225,24,Spike,3.6739501252551103,,high,Medium,4week_rolling_avg,"KPI spike on last day: value=4.27 vs 24-day median=1.35 (z-score=+3.67, impact=enhancement, method=z-score (threshold 3.0))"
2026-05-18,LCAIN10734,LCAIN10734-5,5,UL Traffic,(HU) UL Traffic Volume (GBytes),2.2133,0.7752,0.8199125,0.3725740824682835,24,Spike,3.8599034867714463,,high,Medium,4week_rolling_avg,"KPI spike on last day: value=2.21 vs 24-day median=0.78 (z-score=+3.86, impact=enhancement, method=z-score (threshold 3.0))"
2026-05-18,LCAIN10753,LCAIN10753-6,6,UL Traffic,(HU) UL Traffic Volume (GBytes),7.6617,1.942,2.3832,1.6820444343615497,24,Spike,3.4004452457708196,,high,Medium,4week_rolling_avg,"KPI spike on last day: value=7.66 vs 24-day median=1.94 (z-score=+3.40, impact=enhancement, method=z-score (threshold 3.0))"
2026-05-18,LCAIN10760,LCAIN10760-2,2,UL Traffic,(HU) UL Traffic Volume (GBytes),0.9098,0.42845,0.45180833333333337,0.14529904483703793,24,Spike,3.3128228787729785,,high,Medium,4week_rolling_avg,"KPI spike on last day: value=0.91 vs 24-day median=0.43 (z-score=+3.31, impact=enhancement, method=z-score (threshold 3.0))"
2026-05-18,LCAIN10827,LCAIN10827-3,3,UL Traffic,(HU) UL Traffic Volume (GBytes),13.0775,7.27735,7.642754166666666,1.748584124365379,24,Spike,3.317055164334786,,high,Medium,4week_rolling_avg,"KPI spike on last day: value=13.08 vs 24-day median=7.28 (z-score=+3.32, impact=enhancement, method=z-score (threshold 3.0))"
2026-05-18,LCAIN10970,LCAIN10970-3,3,UL Traffic,(HU) UL Traffic Volume (GBytes),28.5146,8.14375,8.442466666666666,6.445674463717682,24,Spike,3.1603907573468537,,high,Medium,4week_rolling_avg,"KPI spike on last day: value=28.51 vs 24-day median=8.14 (z-score=+3.16, impact=enhancement, method=z-score (threshold 3.0))"
2026-05-18,LCAIN10984,LCAIN10984-5,5,UL Traffic,(HU) UL Traffic Volume (GBytes),14.8627,8.4588,8.916516666666666,1.9104634170942805,24,Spike,3.3520139368803052,,high,Medium,4week_rolling_avg,"KPI spike on last day: value=14.86 vs 24-day median=8.46 (z-score=+3.35, impact=enhancement, method=z-score (threshold 3.0))"
2026-05-18,LCAIN11651,LCAIN11651-6,6,UL Traffic,(HU) UL Traffic Volume (GBytes),11.0614,2.1696,3.641475,2.572875202999231,24,Spike,3.455977961789489,,high,Medium,4week_rolling_avg,"KPI spike on last day: value=11.06 vs 24-day median=2.17 (z-score=+3.46, impact=enhancement, method=z-score (threshold 3.0))"
2026-05-18,LCAIN11982,LCAIN11982-1,1,UL Traffic,(HU) UL Traffic Volume (GBytes),1.0001,0.42895000000000005,0.45984545454545456,0.1796188913107485,22,Spike,3.179788026928,,high,Medium,4week_rolling_avg,"KPI spike on last day: value=1.00 vs 24-day median=0.43 (z-score=+3.18, impact=enhancement, method=z-score (threshold 3.0))"
2026-05-18,LCAIN12398,LCAIN12398-1,1,UL Traffic,(HU) UL Traffic Volume (GBytes),12.2563,5.856999999999999,5.733175,1.8682395934519926,24,Spike,3.4253101274745252,,high,Medium,4week_rolling_avg,"KPI spike on last day: value=12.26 vs 24-day median=5.86 (z-score=+3.43, impact=enhancement, method=z-score (threshold 3.0))"
2026-05-18,LCAIN12691,LCAIN12691-7,7,UL Traffic,(HU) UL Traffic Volume (GBytes),0.9512,0.33315,0.3813045454545454,0.18485979571082495,22,Spike,3.343344601369201,,high,Medium,4week_rolling_avg,"KPI spike on last day: value=0.95 vs 24-day median=0.33 (z-score=+3.34, impact=enhancement, method=z-score (threshold 3.0))"
2026-05-18,LCAIN12837,LCAIN12837-3,3,UL Traffic,(HU) UL Traffic Volume (GBytes),0.7629,0.11305,0.23509166666666662,0.20129922362134325,24,Spike,3.228278720152491,,high,Medium,4week_rolling_avg,"KPI spike on last day: value=0.76 vs 24-day median=0.11 (z-score=+3.23, impact=enhancement, method=z-score (threshold 3.0))"
2026-05-18,LCAIN12901,LCAIN12901-3,3,UL Traffic,(HU) UL Traffic Volume (GBytes),0.6695,0.07189999999999999,0.13588750000000002,0.16070832614942512,24,Spike,3.7185378898437222,,high,Medium,4week_rolling_avg,"KPI spike on last day: value=0.67 vs 24-day median=0.07 (z-score=+3.72, impact=enhancement, method=z-score (threshold 3.0))"
2026-05-18,LCAIN12930,LCAIN12930-2,2,UL Traffic,(HU) UL Traffic Volume (GBytes),11.6583,2.72405,3.6265,2.7813869218231555,18,Spike,3.212156471255621,,high,Medium,4week_rolling_avg,"KPI spike on last day: value=11.66 vs 24-day median=2.72 (z-score=+3.21, impact=enhancement, method=z-score (threshold 3.0))"
2026-05-18,LCAIN14374,LCAIN14374-5,5,UL Traffic,(HU) UL Traffic Volume (GBytes),13.8657,4.73405,4.09545625,2.6562874272583787,16,Spike,3.437749208271865,,high,Medium,4week_rolling_avg,"KPI spike on last day: value=13.87 vs 24-day median=4.73 (z-score=+3.44, impact=enhancement, method=z-score (threshold 3.0))"
2026-05-18,LCAIN15442,LCAIN15442-5,5,UL Traffic,(HU) UL Traffic Volume (GBytes),2.1266,0.5270999999999999,0.7090791666666667,0.4589867363544458,24,Spike,3.4848501564646726,,high,Medium,4week_rolling_avg,"KPI spike on last day: value=2.13 vs 24-day median=0.53 (z-score=+3.48, impact=enhancement, method=z-score (threshold 3.0))"
2026-05-18,LCAIN10021_Site_135,LCAIN10021-7,7,VoLTE KPIs,BA_Voice E2E VQI,3.4458,3.8592,3.8023166666666666,0.13746235747368157,24,Spike,-3.007368763329619,,low,Medium,4week_rolling_avg,"KPI spike on last day: value=3.45 vs 24-day median=3.86 (z-score=-3.01, impact=degradation, method=z-score (threshold 3.0))"
2026-05-18,LCAIN10118_CITY center,LCAIN10118-5,5,VoLTE KPIs,BA_Voice E2E VQI,3.4367,3.7670000000000003,3.7606249999999997,0.10303493440738114,24,Spike,-3.2057088394316335,,low,Medium,4week_rolling_avg,"KPI spike on last day: value=3.44 vs 24-day median=3.77 (z-score=-3.21, impact=degradation, method=z-score (threshold 3.0))"
2026-05-18,LCAIN10118_CITY center,LCAIN10118-7,7,VoLTE KPIs,BA_Voice E2E VQI,3.4096,3.80035,3.7960833333333333,0.1260882186760083,24,Spike,-3.099020702354886,,low,Medium,4week_rolling_avg,"KPI spike on last day: value=3.41 vs 24-day median=3.80 (z-score=-3.10, impact=degradation, method=z-score (threshold 3.0))"
2026-05-18,LCAIN10369,LCAIN10369-2,2,VoLTE KPIs,BA_Voice E2E VQI,4.14,3.74715,3.7306124999999994,0.1195429327079467,24,Spike,3.2862670431531473,,high,Medium,4week_rolling_avg,"KPI spike on last day: value=4.14 vs 24-day median=3.75 (z-score=+3.29, impact=enhancement, method=z-score (threshold 3.0))"
2026-05-18,LCAIN10371,LCAIN10371-6,6,VoLTE KPIs,BA_Voice E2E VQI,3.5625,3.7809,3.7664250000000004,0.06065709116280911,24,Spike,-3.600568306412759,,low,Medium,4week_rolling_avg,"KPI spike on last day: value=3.56 vs 24-day median=3.78 (z-score=-3.60, impact=degradation, method=z-score (threshold 3.0))"
2026-05-18,LCAIN10509,LCAIN10509-7,7,VoLTE KPIs,BA_Voice E2E VQI,3.4363,3.7828999999999997,3.7613875,0.10907079624606211,24,Spike,-3.177752541735141,,low,Medium,4week_rolling_avg,"KPI spike on last day: value=3.44 vs 24-day median=3.78 (z-score=-3.18, impact=degradation, method=z-score (threshold 3.0))"
2026-05-18,LCAIN10514,LCAIN10514-2,2,VoLTE KPIs,BA_Voice E2E VQI,3.6013,3.79925,3.7893000000000003,0.052253875454362234,24,Spike,-3.7882357677544176,,low,Medium,4week_rolling_avg,"KPI spike on last day: value=3.60 vs 24-day median=3.80 (z-score=-3.79, impact=degradation, method=z-score (threshold 3.0))"
2026-05-18,LCAIN10693,LCAIN10693-7,7,VoLTE KPIs,BA_Voice E2E VQI,3.7082,3.80595,3.8080041666666666,0.027969454755242477,24,Spike,-3.4948840031169413,,low,Medium,4week_rolling_avg,"KPI spike on last day: value=3.71 vs 24-day median=3.81 (z-score=-3.49, impact=degradation, method=z-score (threshold 3.0))"
2026-05-18,LCAIN10754,LCAIN10754-1,1,VoLTE KPIs,BA_Voice E2E VQI,3.5638,3.81175,3.7877125,0.07096778795399596,24,Spike,-3.493838643536848,,low,Medium,4week_rolling_avg,"KPI spike on last day: value=3.56 vs 24-day median=3.81 (z-score=-3.49, impact=degradation, method=z-score (threshold 3.0))"
2026-05-18,LCAIN10806,LCAIN10806-3,3,VoLTE KPIs,BA_Voice E2E VQI,3.6913,3.8328499999999996,3.8285875,0.047030914589058684,24,Spike,-3.009722460998663,,low,Medium,4week_rolling_avg,"KPI spike on last day: value=3.69 vs 24-day median=3.83 (z-score=-3.01, impact=degradation, method=z-score (threshold 3.0))"
2026-05-18,LCAIN10855,LCAIN10855-3,3,VoLTE KPIs,BA_Voice E2E VQI,3.4727,3.8938,3.8652117647058826,0.10693071358898952,17,Spike,-3.938064059112012,,low,Medium,4week_rolling_avg,"KPI spike on last day: value=3.47 vs 24-day median=3.89 (z-score=-3.94, impact=degradation, method=z-score (threshold 3.0))"
2026-05-18,LCAIN10975,LCAIN10975-6,6,VoLTE KPIs,BA_Voice E2E VQI,3.3997,3.7998,3.7904166666666668,0.10823785022912373,24,Spike,-3.6964887897629746,,low,Medium,4week_rolling_avg,"KPI spike on last day: value=3.40 vs 24-day median=3.80 (z-score=-3.70, impact=degradation, method=z-score (threshold 3.0))"
2026-05-18,LCAIN11489,LCAIN11489-5,5,VoLTE KPIs,BA_Voice E2E VQI,3.6506,3.7831,3.7854875,0.03790858865415593,24,Spike,-3.4952501452589497,,low,Medium,4week_rolling_avg,"KPI spike on last day: value=3.65 vs 24-day median=3.78 (z-score=-3.50, impact=degradation, method=z-score (threshold 3.0))"
2026-05-18,LCAIN11651,LCAIN11651-1,1,VoLTE KPIs,BA_Voice E2E VQI,3.4106,3.7014,3.6904083333333335,0.09515702337306597,24,Spike,-3.056001435226802,,low,Medium,4week_rolling_avg,"KPI spike on last day: value=3.41 vs 24-day median=3.70 (z-score=-3.06, impact=degradation, method=z-score (threshold 3.0))"
2026-05-18,LCAIN11826,LCAIN11826-3,3,VoLTE KPIs,BA_Voice E2E VQI,3.8726,3.7596499999999997,3.7571375000000002,0.03402610287828054,24,Spike,3.3195103301735465,,high,Medium,4week_rolling_avg,"KPI spike on last day: value=3.87 vs 24-day median=3.76 (z-score=+3.32, impact=enhancement, method=z-score (threshold 3.0))"
2026-05-18,LCAIN12570,LCAIN12570-2,2,VoLTE KPIs,BA_Voice E2E VQI,3.378,3.8543000000000003,3.777433333333333,0.12672740648950234,24,Spike,-3.7584608822516636,,low,Medium,4week_rolling_avg,"KPI spike on last day: value=3.38 vs 24-day median=3.85 (z-score=-3.76, impact=degradation, method=z-score (threshold 3.0))"
2026-05-18,LCAIN12584,LCAIN12584-6,6,VoLTE KPIs,BA_Voice E2E VQI,3.6222,3.76995,3.766408333333333,0.046296174397987666,24,Spike,-3.1914084029893934,,low,Medium,4week_rolling_avg,"KPI spike on last day: value=3.62 vs 24-day median=3.77 (z-score=-3.19, impact=degradation, method=z-score (threshold 3.0))"
2026-05-18,LCAIN12585,LCAIN12585-5,5,VoLTE KPIs,BA_Voice E2E VQI,3.6531,3.7667,3.767995652173913,0.03326292463102806,23,Spike,-3.4152138232016105,,low,Medium,4week_rolling_avg,"KPI spike on last day: value=3.65 vs 24-day median=3.77 (z-score=-3.42, impact=degradation, method=z-score (threshold 3.0))"
2026-05-18,LCAIN12868,LCAIN12868-5,5,VoLTE KPIs,BA_Voice E2E VQI,3.0357,3.7923,3.7186227272727277,0.1956015684353788,22,Spike,-3.868067143081009,,low,Medium,4week_rolling_avg,"KPI spike on last day: value=3.04 vs 24-day median=3.79 (z-score=-3.87, impact=degradation, method=z-score (threshold 3.0))"
2026-05-18,LCAIN12900,LCAIN12900-2,2,VoLTE KPIs,BA_Voice E2E VQI,3.6749,3.8025,3.7965125,0.04251681346342096,24,Spike,-3.0011656473216157,,low,Medium,4week_rolling_avg,"KPI spike on last day: value=3.67 vs 24-day median=3.80 (z-score=-3.00, impact=degradation, method=z-score (threshold 3.0))"
2026-05-18,LCAIN16546,LCAIN16546-2,2,VoLTE KPIs,BA_Voice E2E VQI,3.456,3.7902,3.771633333333334,0.10490588904134773,24,Spike,-3.185712480528887,,low,Medium,4week_rolling_avg,"KPI spike on last day: value=3.46 vs 24-day median=3.79 (z-score=-3.19, impact=degradation, method=z-score (threshold 3.0))"
