eNodeB Name,Cell Name,LocalCell Id,selected_kpi_name,target_kpi_column,kpi_category,selected_threshold_%,recent_period,baseline_period,recent_avg_kpi,baseline_avg_kpi,kpi_degradation_ratio_%,number_of_detected_causes,all_detected_causes,main_root_cause_category,main_cause_counter_or_kpi,main_degradation_reason,main_recommended_action,all_recommended_actions
LCAIN10581,LCAIN10581-3,3,DL Traffic,(HU) DL Traffic Volume (GBytes),Traffic,30.0,2026-05-15 to 2026-05-18,2026-05-08 to 2026-05-11,0.34924999999999995,7.30525,96.68495295864682,4,"L.CA.UE.Avg: recent=0.08, baseline=0.46, change=82.84% | L.CA.DLSCell.Add.Att: recent=238.50, baseline=1357.00, change=82.42% | L.CA.DLSCell.Act.Att: recent=296.75, baseline=988.00, change=69.96% | DL Traffic QCI-9: recent=0.34, baseline=0.69, change=49.93%",CA User Drop,L.CA.UE.Avg,Average CA users decreased.,"Check CA activation, SCell availability, and CA parameters.","Check CA activation, SCell availability, and CA parameters. | Check CA configuration and inter-frequency measurements. | Check SCell configuration, CA licensing, and secondary carriers. | Check packet data service, APN/data service, user demand, and internet traffic trend."
LCAIN11826,LCAIN11826-6,6,DL Traffic,(HU) DL Traffic Volume (GBytes),Traffic,30.0,2026-05-15 to 2026-05-18,2026-05-08 to 2026-05-11,6.232799999999999,27.675475,91.15189460513054,9,"(HU) Cell Unavail Time (s): recent=18240.00, baseline=1988.75, change=817.16% | DL RBLER: recent=0.44, baseline=0.18, change=148.90% | DL Traffic QCI-9: recent=6.23, baseline=27.67, change=77.49% | Availability: recent=78.89, baseline=97.70, change=18.81% | L.CA.DLSCell.Act.Att: recent=4784.75, baseline=8356.50, change=42.74%",Cell Unavailability,(HU) Cell Unavail Time (s),Cell unavailable time increased.,"Check site outage, power issue, transmission issue, S1 failure, and alarms.","Check site outage, power issue, transmission issue, S1 failure, and alarms. | Check DL interference, poor coverage, CQI, MCS, and radio conditions. | Check packet data service, APN/data service, user demand, and internet traffic trend. | Check alarms, S1 issue, manual outage, system outage, and site availability. | Check SCell configuration, CA licensing, and secondary carriers."
LCAIN10119,LCAIN10119-6,6,DL Traffic,(HU) DL Traffic Volume (GBytes),Traffic,30.0,2026-05-15 to 2026-05-18,2026-05-08 to 2026-05-11,6.8454250000000005,51.719125000000005,87.36020426284225,5,"DL RBLER: recent=0.24, baseline=0.17, change=47.51% | DL Traffic QCI-9: recent=4.94, baseline=22.49, change=78.02% | L.CA.UE.Avg: recent=3.71, baseline=5.97, change=37.80% | TA Weighted Avg (meter): recent=479.13, baseline=385.74, change=24.21% | (HU) PDSCH MCS: recent=10.81, baseline=13.64, change=20.73%",DL Radio Failure,DL RBLER,DL RBLER increased.,"Check DL interference, poor coverage, CQI, MCS, and radio conditions.","Check DL interference, poor coverage, CQI, MCS, and radio conditions. | Check packet data service, APN/data service, user demand, and internet traffic trend. | Check CA activation, SCell availability, and CA parameters. | Check coverage shift, antenna tilt, and traffic migration. | Check CQI, SINR, interference, antenna direction, and coverage."
LCAIN10119,LCAIN10119-2,2,DL Traffic,(HU) DL Traffic Volume (GBytes),Traffic,30.0,2026-05-15 to 2026-05-18,2026-05-08 to 2026-05-11,2.5051,14.713925,85.23252059619713,5,"6.6-14 km: recent=1.25, baseline=0.25, change=400.00% | DL RBLER: recent=0.39, baseline=0.25, change=55.28% | DL Traffic QCI-9: recent=2.48, baseline=6.89, change=64.05% | L.CA.UE.Avg: recent=0.61, baseline=1.49, change=59.27% | L.CA.DLSCell.Act.Att: recent=2722.50, baseline=3655.00, change=25.51%",Extended Coverage Issue,6.6-14 km,High TA bin indicates users at cell edge or beyond planned coverage.,"Check coverage extension, overshooting, pilot pollution, and cell size.","Check coverage extension, overshooting, pilot pollution, and cell size. | Check DL interference, poor coverage, CQI, MCS, and radio conditions. | Check packet data service, APN/data service, user demand, and internet traffic trend. | Check CA activation, SCell availability, and CA parameters. | Check SCell configuration, CA licensing, and secondary carriers."
ICAIN12934,ICAIN12934-1,1,DL Traffic,(HU) DL Traffic Volume (GBytes),Traffic,30.0,2026-05-15 to 2026-05-18,2026-05-08 to 2026-05-11,0.6906749999999999,3.780425,83.63139180822978,1,"DL RBLER: recent=0.19, baseline=0.06, change=208.40%",DL Radio Failure,DL RBLER,DL RBLER increased.,"Check DL interference, poor coverage, CQI, MCS, and radio conditions.","Check DL interference, poor coverage, CQI, MCS, and radio conditions."
LCAIN12584,LCAIN12584-1,1,DL Traffic,(HU) DL Traffic Volume (GBytes),Traffic,30.0,2026-05-15 to 2026-05-18,2026-05-08 to 2026-05-11,6.5825499999999995,36.38045,82.86041115063462,6,"DL RBLER: recent=0.69, baseline=0.06, change=979.66% | 3.5-6.6 km: recent=19.75, baseline=3.75, change=426.67% | DL Traffic QCI-9: recent=1.31, baseline=5.32, change=75.34% | (HU) Cell DL Average Throughput (Mbps): recent=15.59, baseline=20.64, change=24.50% | TA Weighted Avg (meter): recent=1215.70, baseline=977.11, change=24.42%",DL Radio Failure,DL RBLER,DL RBLER increased.,"Check DL interference, poor coverage, CQI, MCS, and radio conditions.","Check DL interference, poor coverage, CQI, MCS, and radio conditions. | Check coverage, cell dominance, and neighbor relationships. | Check packet data service, APN/data service, user demand, and internet traffic trend. | Check DL scheduler, bandwidth, CA activation, load balancing, and congestion. | Check coverage shift, antenna tilt, and traffic migration."
LCAIN10115,LCAIN10115-3,3,DL Traffic,(HU) DL Traffic Volume (GBytes),Traffic,30.0,2026-05-15 to 2026-05-18,2026-05-08 to 2026-05-11,7.416625000000001,39.393275,82.04505572950387,3,"(HU) Cell DL Average Throughput (Mbps): recent=11.64, baseline=18.37, change=36.63% | DL RBLER: recent=0.11, baseline=0.09, change=23.01% | (HU) PDSCH MCS: recent=11.07, baseline=14.82, change=25.30%",DL Throughput Degradation,(HU) Cell DL Average Throughput (Mbps),Cell DL throughput decreased.,"Check DL scheduler, bandwidth, CA activation, load balancing, and congestion.","Check DL scheduler, bandwidth, CA activation, load balancing, and congestion. | Check DL interference, poor coverage, CQI, MCS, and radio conditions. | Check CQI, SINR, interference, antenna direction, and coverage."
LCAIN12838,LCAIN12838-1,1,DL Traffic,(HU) DL Traffic Volume (GBytes),Traffic,30.0,2026-05-15 to 2026-05-18,2026-05-08 to 2026-05-11,3.61195,13.2256,80.6005431276844,7,"DL RBLER: recent=0.33, baseline=0.15, change=122.75% | L.CA.UE.Avg: recent=0.12, baseline=0.28, change=56.09% | L.CA.DLSCell.Act.Att: recent=598.75, baseline=1223.25, change=51.05% | (HU) Cell DL Average Throughput (Mbps): recent=14.01, baseline=19.90, change=29.60% | L.CA.DLSCell.Add.Att: recent=498.50, baseline=872.25, change=42.85%",DL Radio Failure,DL RBLER,DL RBLER increased.,"Check DL interference, poor coverage, CQI, MCS, and radio conditions.","Check DL interference, poor coverage, CQI, MCS, and radio conditions. | Check CA activation, SCell availability, and CA parameters. | Check SCell configuration, CA licensing, and secondary carriers. | Check DL scheduler, bandwidth, CA activation, load balancing, and congestion. | Check CA configuration and inter-frequency measurements."
LCAIN10650_Site_0650,LCAIN10650-2,2,DL Traffic,(HU) DL Traffic Volume (GBytes),Traffic,30.0,2026-05-15 to 2026-05-18,2026-05-08 to 2026-05-11,0.45375,2.357,79.13304605379817,4,"DL RBLER: recent=0.51, baseline=0.14, change=255.50% | (HU)CEU Cell Downlink Average Throughput: recent=4.68, baseline=7.67, change=38.97% | DL Traffic QCI-9: recent=0.35, baseline=0.67, change=47.91% | (HU) Cell DL Average Throughput (Mbps): recent=12.88, baseline=17.08, change=24.63%",DL Radio Failure,DL RBLER,DL RBLER increased.,"Check DL interference, poor coverage, CQI, MCS, and radio conditions.","Check DL interference, poor coverage, CQI, MCS, and radio conditions. | Check CEU scheduling, cell edge SINR, and coverage. | Check packet data service, APN/data service, user demand, and internet traffic trend. | Check DL scheduler, bandwidth, CA activation, load balancing, and congestion."
LCAIN14000,LCAIN14000-1,1,DL Traffic,(HU) DL Traffic Volume (GBytes),Traffic,30.0,2026-05-15 to 2026-05-18,2026-05-08 to 2026-05-11,0.38882500000000003,1.756275,78.59616860168845,6,"DL RBLER: recent=0.56, baseline=0.18, change=206.65% | L.CA.DLSCell.Add.Att: recent=144.75, baseline=1319.25, change=89.03% | L.CA.DLSCell.Act.Att: recent=337.50, baseline=1887.75, change=82.12% | (HU) Cell DL Average Throughput (Mbps): recent=8.43, baseline=13.62, change=38.08% | L.CA.UE.Avg: recent=0.11, baseline=0.20, change=46.96%",DL Radio Failure,DL RBLER,DL RBLER increased.,"Check DL interference, poor coverage, CQI, MCS, and radio conditions.","Check DL interference, poor coverage, CQI, MCS, and radio conditions. | Check CA configuration and inter-frequency measurements. | Check SCell configuration, CA licensing, and secondary carriers. | Check DL scheduler, bandwidth, CA activation, load balancing, and congestion. | Check CA activation, SCell availability, and CA parameters."
LCAIN10132,LCAIN10132-7,7,DL Traffic,(HU) DL Traffic Volume (GBytes),Traffic,30.0,2026-05-15 to 2026-05-18,2026-05-08 to 2026-05-11,2.204575,7.219825,70.62816645596291,10,"L.Traffic.User.BorderUE.Avg: recent=0.79, baseline=0.37, change=115.56% | DL Traffic QCI-9: recent=1.18, baseline=6.69, change=82.31% | DL RBLER: recent=0.23, baseline=0.17, change=34.47% | (HU) User DL Average Throughput (Mbps): recent=21.19, baseline=34.82, change=39.14% | (HU)CEU User Downlink Average Througput: recent=12.74, baseline=20.13, change=36.74%",Border UE Increase,L.Traffic.User.BorderUE.Avg,Border/cell edge users increased.,"Check coverage overlap, handover zones, and cell dominance.","Check coverage overlap, handover zones, and cell dominance. | Check packet data service, APN/data service, user demand, and internet traffic trend. | Check DL interference, poor coverage, CQI, MCS, and radio conditions. | Check radio quality, PRB load, scheduler behavior, and user distribution. | Check CEU parameters, ICIC, and edge coverage."
LCAIN10130_Site_144,LCAIN10130-2,2,DL Traffic,(HU) DL Traffic Volume (GBytes),Traffic,30.0,2026-05-15 to 2026-05-18,2026-05-08 to 2026-05-11,13.282225,38.709775,70.52690909665606,2,"DL RBLER: recent=0.32, baseline=0.19, change=73.30% | (HU) Cell DL Average Throughput (Mbps): recent=18.08, baseline=25.03, change=27.74%",DL Radio Failure,DL RBLER,DL RBLER increased.,"Check DL interference, poor coverage, CQI, MCS, and radio conditions.","Check DL interference, poor coverage, CQI, MCS, and radio conditions. | Check DL scheduler, bandwidth, CA activation, load balancing, and congestion."
LCAIN16546,LCAIN16546-6,6,DL Traffic,(HU) DL Traffic Volume (GBytes),Traffic,30.0,2026-05-15 to 2026-05-18,2026-05-08 to 2026-05-11,3.165425,9.800725,67.58153486164676,4,"DL RBLER: recent=0.62, baseline=0.28, change=118.60% | DL Traffic QCI-9: recent=2.72, baseline=9.80, change=72.22% | L.CA.UE.Avg: recent=1.18, baseline=1.62, change=27.60% | L.CA.DLSCell.Act.Att: recent=2323.25, baseline=2964.75, change=21.64%",DL Radio Failure,DL RBLER,DL RBLER increased.,"Check DL interference, poor coverage, CQI, MCS, and radio conditions.","Check DL interference, poor coverage, CQI, MCS, and radio conditions. | Check packet data service, APN/data service, user demand, and internet traffic trend. | Check CA activation, SCell availability, and CA parameters. | Check SCell configuration, CA licensing, and secondary carriers."
LCAIN10118_CITY center,LCAIN10118-2,2,DL Traffic,(HU) DL Traffic Volume (GBytes),Traffic,30.0,2026-05-15 to 2026-05-18,2026-05-08 to 2026-05-11,1.0939750000000001,4.19585,66.87186356463366,6,"DL Traffic QCI-9: recent=1.08, baseline=2.53, change=57.56% | (HU) Cell DL Average Throughput (Mbps): recent=9.09, baseline=13.16, change=30.90% | (HU) PDSCH MCS: recent=7.24, baseline=12.28, change=41.07% | L.CA.DLSCell.Add.Att: recent=852.25, baseline=1319.75, change=35.42% | L.CA.DLSCell.Act.Att: recent=1393.00, baseline=1956.00, change=28.78%",Default Bearer Traffic Drop,DL Traffic QCI-9,QCI-9 DL traffic decreased.,"Check packet data service, APN/data service, user demand, and internet traffic trend.","Check packet data service, APN/data service, user demand, and internet traffic trend. | Check DL scheduler, bandwidth, CA activation, load balancing, and congestion. | Check CQI, SINR, interference, antenna direction, and coverage. | Check CA configuration and inter-frequency measurements. | Check SCell configuration, CA licensing, and secondary carriers."
LCAIN10514,LCAIN10514-2,2,DL Traffic,(HU) DL Traffic Volume (GBytes),Traffic,30.0,2026-05-15 to 2026-05-18,2026-05-08 to 2026-05-11,2.614275,7.701275,66.51612728502408,1,"(HU)CEU User Downlink Average Througput: recent=16.76, baseline=21.69, change=22.73%",CEU User Experience,(HU)CEU User Downlink Average Througput,Cell edge user experience degraded.,"Check CEU parameters, ICIC, and edge coverage.","Check CEU parameters, ICIC, and edge coverage."
LCAIN10369,LCAIN10369-5,5,DL Traffic,(HU) DL Traffic Volume (GBytes),Traffic,30.0,2026-05-15 to 2026-05-18,2026-05-08 to 2026-05-11,1.2929,4.5084,66.43070885820993,8,"DL RBLER: recent=0.38, baseline=0.17, change=124.54% | (HU)CEU User Downlink Average Througput: recent=4.64, baseline=15.10, change=69.30% | DL Traffic QCI-9: recent=1.29, baseline=4.20, change=69.35% | TA Weighted Avg (meter): recent=594.07, baseline=359.02, change=65.47% | (HU)CEU Cell Downlink Average Throughput: recent=4.01, baseline=6.98, change=42.49%",DL Radio Failure,DL RBLER,DL RBLER increased.,"Check DL interference, poor coverage, CQI, MCS, and radio conditions.","Check DL interference, poor coverage, CQI, MCS, and radio conditions. | Check CEU parameters, ICIC, and edge coverage. | Check packet data service, APN/data service, user demand, and internet traffic trend. | Check coverage shift, antenna tilt, and traffic migration. | Check CEU scheduling, cell edge SINR, and coverage."
LCAIN10586,LCAIN10586-3,3,DL Traffic,(HU) DL Traffic Volume (GBytes),Traffic,30.0,2026-05-15 to 2026-05-18,2026-05-08 to 2026-05-11,6.408675000000001,17.223399999999998,64.51203796963952,2,"DL RBLER: recent=0.96, baseline=0.53, change=80.56% | (HU) PDSCH MCS: recent=11.56, baseline=15.49, change=25.37%",DL Radio Failure,DL RBLER,DL RBLER increased.,"Check DL interference, poor coverage, CQI, MCS, and radio conditions.","Check DL interference, poor coverage, CQI, MCS, and radio conditions. | Check CQI, SINR, interference, antenna direction, and coverage."
LCAIN12929,LCAIN12929-5,5,DL Traffic,(HU) DL Traffic Volume (GBytes),Traffic,30.0,2026-05-15 to 2026-05-18,2026-05-08 to 2026-05-11,13.042250000000001,33.780575,61.17375703342889,5,"6.6-14 km: recent=1.00, baseline=0.25, change=300.00% | DL Traffic QCI-9: recent=12.34, baseline=33.15, change=62.79% | L.CA.UE.Avg: recent=6.02, baseline=8.71, change=30.86% | L.CA.DLSCell.Act.Att: recent=20797.25, baseline=28207.00, change=26.27% | TA Weighted Avg (meter): recent=773.91, baseline=634.53, change=21.97%",Extended Coverage Issue,6.6-14 km,High TA bin indicates users at cell edge or beyond planned coverage.,"Check coverage extension, overshooting, pilot pollution, and cell size.","Check coverage extension, overshooting, pilot pollution, and cell size. | Check packet data service, APN/data service, user demand, and internet traffic trend. | Check CA activation, SCell availability, and CA parameters. | Check SCell configuration, CA licensing, and secondary carriers. | Check coverage shift, antenna tilt, and traffic migration."
LCAIN10116,LCAIN10116-5,5,DL Traffic,(HU) DL Traffic Volume (GBytes),Traffic,30.0,2026-05-15 to 2026-05-18,2026-05-08 to 2026-05-11,15.96995,37.726124999999996,59.57895196256544,2,"3.5-6.6 km: recent=109.50, baseline=35.75, change=206.29% | DL Traffic QCI-9: recent=4.36, baseline=9.57, change=54.45%",Cell Edge Users Increase,3.5-6.6 km,Users at cell edge increased.,"Check coverage, cell dominance, and neighbor relationships.","Check coverage, cell dominance, and neighbor relationships. | Check packet data service, APN/data service, user demand, and internet traffic trend."
LCAIN12868,LCAIN12868-2,2,DL Traffic,(HU) DL Traffic Volume (GBytes),Traffic,30.0,2026-05-15 to 2026-05-18,2026-05-08 to 2026-05-11,16.235475,32.765325,56.789979942658206,6,"3.5-6.6 km: recent=302.00, baseline=175.00, change=72.57% | DL Traffic QCI-9: recent=3.20, baseline=10.82, change=70.46% | L.CA.DLSCell.Act.Att: recent=8232.75, baseline=24247.25, change=66.05% | L.CA.UE.Avg: recent=1.85, baseline=4.53, change=59.13% | L.CA.DLSCell.Add.Att: recent=3911.25, baseline=9373.75, change=58.27%",Cell Edge Users Increase,3.5-6.6 km,Users at cell edge increased.,"Check coverage, cell dominance, and neighbor relationships.","Check coverage, cell dominance, and neighbor relationships. | Check packet data service, APN/data service, user demand, and internet traffic trend. | Check SCell configuration, CA licensing, and secondary carriers. | Check CA activation, SCell availability, and CA parameters. | Check CA configuration and inter-frequency measurements."
LCAIN12012,LCAIN12012-3,3,DL Traffic,(HU) DL Traffic Volume (GBytes),Traffic,30.0,2026-05-15 to 2026-05-18,2026-05-08 to 2026-05-11,3.7625,8.777275,54.943020643001574,4,"3.5-6.6 km: recent=0.75, baseline=0.25, change=200.00% | L.Traffic.User.BorderUE.Avg: recent=0.21, baseline=0.13, change=62.39% | DL RBLER: recent=0.28, baseline=0.22, change=30.62% | (HU) PDSCH MCS: recent=11.68, baseline=13.76, change=15.16%",Cell Edge Users Increase,3.5-6.6 km,Users at cell edge increased.,"Check coverage, cell dominance, and neighbor relationships.","Check coverage, cell dominance, and neighbor relationships. | Check coverage overlap, handover zones, and cell dominance. | Check DL interference, poor coverage, CQI, MCS, and radio conditions. | Check CQI, SINR, interference, antenna direction, and coverage."
LCAIN12799,LCAIN12799-3,3,DL Traffic,(HU) DL Traffic Volume (GBytes),Traffic,30.0,2026-05-15 to 2026-05-18,2026-05-08 to 2026-05-11,11.511499999999998,23.507325,53.18393426430214,3,"DL RBLER: recent=0.53, baseline=0.23, change=125.75% | L.Traffic.User.BorderUE.Avg: recent=0.35, baseline=0.21, change=68.56% | L.CA.DLSCell.Add.Att: recent=2340.50, baseline=3365.00, change=30.45%",DL Radio Failure,DL RBLER,DL RBLER increased.,"Check DL interference, poor coverage, CQI, MCS, and radio conditions.","Check DL interference, poor coverage, CQI, MCS, and radio conditions. | Check coverage overlap, handover zones, and cell dominance. | Check CA configuration and inter-frequency measurements."
LCAIN12691,LCAIN12691-6,6,DL Traffic,(HU) DL Traffic Volume (GBytes),Traffic,30.0,2026-05-15 to 2026-05-18,2026-05-08 to 2026-05-11,4.33695,12.174824999999998,51.69761900045696,5,"DL Traffic QCI-9: recent=3.61, baseline=6.95, change=48.04% | L.CA.DLSCell.Add.Att: recent=5412.25, baseline=8813.75, change=38.59% | L.CA.UE.Avg: recent=4.68, baseline=7.25, change=35.42% | (HU)CEU Cell Downlink Average Throughput: recent=15.98, baseline=20.50, change=22.05% | L.CA.DLSCell.Act.Att: recent=8701.25, baseline=12218.00, change=28.78%",Default Bearer Traffic Drop,DL Traffic QCI-9,QCI-9 DL traffic decreased.,"Check packet data service, APN/data service, user demand, and internet traffic trend.","Check packet data service, APN/data service, user demand, and internet traffic trend. | Check CA configuration and inter-frequency measurements. | Check CA activation, SCell availability, and CA parameters. | Check CEU scheduling, cell edge SINR, and coverage. | Check SCell configuration, CA licensing, and secondary carriers."
LCAIN14000,LCAIN14000-3,3,DL Traffic,(HU) DL Traffic Volume (GBytes),Traffic,30.0,2026-05-15 to 2026-05-18,2026-05-08 to 2026-05-11,26.214025,50.27295,48.365133096507584,1,"DL RBLER: recent=0.10, baseline=0.04, change=133.89%",DL Radio Failure,DL RBLER,DL RBLER increased.,"Check DL interference, poor coverage, CQI, MCS, and radio conditions.","Check DL interference, poor coverage, CQI, MCS, and radio conditions."
LCAIN12901,LCAIN12901-5,5,DL Traffic,(HU) DL Traffic Volume (GBytes),Traffic,30.0,2026-05-15 to 2026-05-18,2026-05-08 to 2026-05-11,3.264125,6.5362,48.21760201262162,5,"L.Traffic.User.BorderUE.Avg: recent=0.10, baseline=0.06, change=53.09% | (HU) User DL Average Throughput (Mbps): recent=23.11, baseline=35.43, change=34.78% | DL Traffic QCI-9: recent=3.26, baseline=6.53, change=50.12% | (HU) Cell DL Average Throughput (Mbps): recent=15.20, baseline=22.35, change=31.97% | (HU) PDSCH MCS: recent=9.94, baseline=13.39, change=25.76%",Border UE Increase,L.Traffic.User.BorderUE.Avg,Border/cell edge users increased.,"Check coverage overlap, handover zones, and cell dominance.","Check coverage overlap, handover zones, and cell dominance. | Check radio quality, PRB load, scheduler behavior, and user distribution. | Check packet data service, APN/data service, user demand, and internet traffic trend. | Check DL scheduler, bandwidth, CA activation, load balancing, and congestion. | Check CQI, SINR, interference, antenna direction, and coverage."
LCAIN10988,LCAIN10988-3,3,DL Traffic,(HU) DL Traffic Volume (GBytes),Traffic,30.0,2026-05-15 to 2026-05-18,2026-05-08 to 2026-05-11,39.864325,63.4221,44.10973982838384,0,None,Unknown,No strong related counter detected,"Main KPI degraded, but no related counter passed its threshold.","Check raw counters, alarms, availability, recent changes, and nearby cells manually.",Manual investigation needed
LCAIN12371,LCAIN12371-5,5,DL Traffic,(HU) DL Traffic Volume (GBytes),Traffic,30.0,2026-05-15 to 2026-05-18,2026-05-08 to 2026-05-11,5.3629750000000005,8.8153,43.60705761969387,7,"3.5-6.6 km: recent=66.50, baseline=19.75, change=236.71% | DL RBLER: recent=0.52, baseline=0.24, change=113.15% | L.Traffic.User.BorderUE.Avg: recent=0.46, baseline=0.19, change=138.86% | TA Weighted Avg (meter): recent=1161.42, baseline=744.30, change=56.04% | DL Traffic QCI-9: recent=5.33, baseline=8.69, change=38.66%",Cell Edge Users Increase,3.5-6.6 km,Users at cell edge increased.,"Check coverage, cell dominance, and neighbor relationships.","Check coverage, cell dominance, and neighbor relationships. | Check DL interference, poor coverage, CQI, MCS, and radio conditions. | Check coverage overlap, handover zones, and cell dominance. | Check coverage shift, antenna tilt, and traffic migration. | Check packet data service, APN/data service, user demand, and internet traffic trend."
LCAIN12868,LCAIN12868-5,5,DL Traffic,(HU) DL Traffic Volume (GBytes),Traffic,30.0,2026-05-15 to 2026-05-18,2026-05-08 to 2026-05-11,5.17845,9.630225,42.28209751748711,5,"DL Traffic QCI-9: recent=4.13, baseline=8.83, change=53.21% | L.CA.DLSCell.Act.Att: recent=8995.00, baseline=14719.25, change=38.89% | MAC CA Traffic Ratio: recent=36.86, baseline=60.10, change=38.67% | L.CA.DLSCell.Add.Att: recent=5920.25, baseline=9400.75, change=37.02% | L.CA.UE.Avg: recent=2.58, baseline=3.65, change=29.28%",Default Bearer Traffic Drop,DL Traffic QCI-9,QCI-9 DL traffic decreased.,"Check packet data service, APN/data service, user demand, and internet traffic trend.","Check packet data service, APN/data service, user demand, and internet traffic trend. | Check SCell configuration, CA licensing, and secondary carriers. | Check CA activation, SCell availability, CA bands, and CA parameters. | Check CA configuration and inter-frequency measurements. | Check CA activation, SCell availability, and CA parameters."
LCAIN12245,LCAIN12245-3,3,DL Traffic,(HU) DL Traffic Volume (GBytes),Traffic,30.0,2026-05-15 to 2026-05-18,2026-05-08 to 2026-05-11,41.666799999999995,62.823750000000004,41.12888541583523,4,"3.5-6.6 km: recent=3.25, baseline=0.75, change=333.33% | DL RBLER: recent=0.25, baseline=0.20, change=22.79% | L.Traffic.User.BorderUE.Avg: recent=1.70, baseline=1.25, change=35.66% | L.CA.UE.Avg: recent=4.02, baseline=5.10, change=21.11%",Cell Edge Users Increase,3.5-6.6 km,Users at cell edge increased.,"Check coverage, cell dominance, and neighbor relationships.","Check coverage, cell dominance, and neighbor relationships. | Check DL interference, poor coverage, CQI, MCS, and radio conditions. | Check coverage overlap, handover zones, and cell dominance. | Check CA activation, SCell availability, and CA parameters."
LCAIN12265,LCAIN12265-3,3,DL Traffic,(HU) DL Traffic Volume (GBytes),Traffic,30.0,2026-05-15 to 2026-05-18,2026-05-08 to 2026-05-11,26.026575,41.8419,37.9512359502584,1,"L.Traffic.User.BorderUE.Avg: recent=0.72, baseline=0.37, change=97.90%",Border UE Increase,L.Traffic.User.BorderUE.Avg,Border/cell edge users increased.,"Check coverage overlap, handover zones, and cell dominance.","Check coverage overlap, handover zones, and cell dominance."
LCAIN10458,LCAIN10458-3,3,DL Traffic,(HU) DL Traffic Volume (GBytes),Traffic,30.0,2026-05-15 to 2026-05-18,2026-05-08 to 2026-05-11,18.96825,31.675200000000004,37.726537970856334,1,"DL Traffic QCI-9: recent=7.25, baseline=9.97, change=27.32%",Default Bearer Traffic Drop,DL Traffic QCI-9,QCI-9 DL traffic decreased.,"Check packet data service, APN/data service, user demand, and internet traffic trend.","Check packet data service, APN/data service, user demand, and internet traffic trend."
LCAIN10859,LCAIN10859-7,7,DL Traffic,(HU) DL Traffic Volume (GBytes),Traffic,30.0,2026-05-15 to 2026-05-18,2026-05-08 to 2026-05-11,12.107875,18.4797,35.874131020576414,8,"DL RBLER: recent=0.76, baseline=0.46, change=64.48% | 3.5-6.6 km: recent=6964.75, baseline=3480.00, change=100.14% | (HU)CEU Cell Downlink Average Throughput: recent=7.52, baseline=10.12, change=25.70% | (HU)CEU User Downlink Average Througput: recent=9.09, baseline=12.11, change=24.99% | DL Traffic QCI-9: recent=11.91, baseline=18.46, change=35.49%",DL Radio Failure,DL RBLER,DL RBLER increased.,"Check DL interference, poor coverage, CQI, MCS, and radio conditions.","Check DL interference, poor coverage, CQI, MCS, and radio conditions. | Check coverage, cell dominance, and neighbor relationships. | Check CEU scheduling, cell edge SINR, and coverage. | Check CEU parameters, ICIC, and edge coverage. | Check packet data service, APN/data service, user demand, and internet traffic trend."
LCAIN12255,LCAIN12255-1,1,DL Traffic,(HU) DL Traffic Volume (GBytes),Traffic,30.0,2026-05-15 to 2026-05-18,2026-05-08 to 2026-05-11,4.172750000000001,6.489975000000001,31.99182266535771,5,"DL RBLER: recent=1.47, baseline=1.09, change=34.70% | L.CA.DLSCell.Act.Att: recent=1483.00, baseline=2732.25, change=45.72% | L.CA.DLSCell.Add.Att: recent=1070.25, baseline=1820.25, change=41.20% | DL Traffic QCI-9: recent=1.94, baseline=3.03, change=36.23% | L.CA.UE.Avg: recent=0.31, baseline=0.42, change=27.07%",DL Radio Failure,DL RBLER,DL RBLER increased.,"Check DL interference, poor coverage, CQI, MCS, and radio conditions.","Check DL interference, poor coverage, CQI, MCS, and radio conditions. | Check SCell configuration, CA licensing, and secondary carriers. | Check CA configuration and inter-frequency measurements. | Check packet data service, APN/data service, user demand, and internet traffic trend. | Check CA activation, SCell availability, and CA parameters."
LCAIN10444,LCAIN10444-6,6,DL Traffic,(HU) DL Traffic Volume (GBytes),Traffic,30.0,2026-05-15 to 2026-05-18,2026-05-08 to 2026-05-11,21.3909,30.805925000000002,30.45610307881931,4,"6.6-14 km: recent=0.75, baseline=0.50, change=50.00% | L.CA.DLSCell.Act.Att: recent=42858.25, baseline=69878.75, change=38.67% | L.CA.UE.Avg: recent=7.55, baseline=11.19, change=32.48% | DL Traffic QCI-9: recent=21.36, baseline=30.69, change=30.41%",Extended Coverage Issue,6.6-14 km,High TA bin indicates users at cell edge or beyond planned coverage.,"Check coverage extension, overshooting, pilot pollution, and cell size.","Check coverage extension, overshooting, pilot pollution, and cell size. | Check SCell configuration, CA licensing, and secondary carriers. | Check CA activation, SCell availability, and CA parameters. | Check packet data service, APN/data service, user demand, and internet traffic trend."
LCAIN14000,LCAIN14000-1,1,UL Traffic,(HU) UL Traffic Volume (GBytes),Traffic,30.0,2026-05-15 to 2026-05-18,2026-05-08 to 2026-05-11,0.065975,0.338425,80.75245351425681,6,"(HU) User UL Average Throughput (Mbps): recent=4.07, baseline=8.45, change=51.82% | (HU) Cell UL Average Throughput (Mbps): recent=2.08, baseline=4.29, change=51.46% | (HU)CEU Cell Uplink Average Throughput: recent=1.11, baseline=1.87, change=40.82% | UL RBLER: recent=0.36, baseline=0.28, change=30.38% | (HU)CEU User Uplink Average Throughput: recent=0.96, baseline=1.37, change=29.50%",UL User Throughput Degradation,(HU) User UL Average Throughput (Mbps),User UL throughput decreased.,"Check UL radio quality, UL interference, PUSCH MCS, and UL PRB load.","Check UL radio quality, UL interference, PUSCH MCS, and UL PRB load. | Check UL scheduler, UL PRB utilization, uplink interference, and power control. | Check UL CEU scheduling and edge coverage. | Check UL interference, coverage, UE power, and uplink radio conditions. | Check UL power control and CEU parameters."
LCAIN12584,LCAIN12584-1,1,UL Traffic,(HU) UL Traffic Volume (GBytes),Traffic,30.0,2026-05-15 to 2026-05-18,2026-05-08 to 2026-05-11,0.832425,4.934675,80.57258795816702,5,"UL RBLER: recent=0.32, baseline=0.08, change=299.03% | (HU) Cell UL Average Throughput (Mbps): recent=2.93, baseline=5.16, change=43.20% | (HU) User UL Average Throughput (Mbps): recent=4.12, baseline=7.23, change=43.04% | L.Traffic.ActiveUser.UL.Avg: recent=0.06, baseline=0.21, change=70.46% | TA Weighted Avg (meter): recent=1215.70, baseline=977.11, change=24.42%",UL Radio Failure,UL RBLER,UL RBLER increased.,"Check UL interference, coverage, UE power, and uplink radio conditions.","Check UL interference, coverage, UE power, and uplink radio conditions. | Check UL scheduler, UL PRB utilization, uplink interference, and power control. | Check UL radio quality, UL interference, PUSCH MCS, and UL PRB load. | Validate traffic trend before applying RF action. | Check UL coverage and path balance."
LCAIN12070,LCAIN12070-1,1,UL Traffic,(HU) UL Traffic Volume (GBytes),Traffic,30.0,2026-05-15 to 2026-05-18,2026-05-08 to 2026-05-11,1.5352750000000002,5.8742,77.8012366864715,3,"(HU) Cell UL Average Throughput (Mbps): recent=2.45, baseline=6.19, change=60.34% | (HU) User UL Average Throughput (Mbps): recent=3.82, baseline=7.91, change=51.71% | L.Traffic.ActiveUser.UL.Avg: recent=0.14, baseline=0.24, change=40.95%",UL Throughput Degradation,(HU) Cell UL Average Throughput (Mbps),Cell UL throughput decreased.,"Check UL scheduler, UL PRB utilization, uplink interference, and power control.","Check UL scheduler, UL PRB utilization, uplink interference, and power control. | Check UL radio quality, UL interference, PUSCH MCS, and UL PRB load. | Validate traffic trend before applying RF action."
LCAIN10369,LCAIN10369-5,5,UL Traffic,(HU) UL Traffic Volume (GBytes),Traffic,30.0,2026-05-15 to 2026-05-18,2026-05-08 to 2026-05-11,0.23182499999999998,1.299625,75.1959181306697,4,"TA Weighted Avg (meter): recent=594.07, baseline=359.02, change=65.47% | (HU) User UL Average Throughput (Mbps): recent=3.53, baseline=5.39, change=34.44% | (HU)CEU Cell Uplink Average Throughput: recent=0.77, baseline=1.16, change=33.60% | L.Traffic.ActiveUser.UL.Avg: recent=0.03, baseline=0.12, change=70.29%",UL Distance Increase,TA Weighted Avg (meter),UL users average distance increased.,Check UL coverage and path balance.,"Check UL coverage and path balance. | Check UL radio quality, UL interference, PUSCH MCS, and UL PRB load. | Check UL CEU scheduling and edge coverage. | Validate traffic trend before applying RF action."
LCAIN14000,LCAIN14000-3,3,UL Traffic,(HU) UL Traffic Volume (GBytes),Traffic,30.0,2026-05-15 to 2026-05-18,2026-05-08 to 2026-05-11,3.04335,11.714875000000001,73.4011652160076,5,"UL RBLER: recent=0.13, baseline=0.06, change=110.77% | (HU) Cell UL Average Throughput (Mbps): recent=3.41, baseline=5.07, change=32.83% | (HU) User UL Average Throughput (Mbps): recent=4.89, baseline=6.34, change=22.90% | L.Traffic.ActiveUser.UL.Avg: recent=0.22, baseline=0.58, change=61.41% | (HU)CEU User Uplink Average Throughput: recent=1.87, baseline=2.35, change=20.31%",UL Radio Failure,UL RBLER,UL RBLER increased.,"Check UL interference, coverage, UE power, and uplink radio conditions.","Check UL interference, coverage, UE power, and uplink radio conditions. | Check UL scheduler, UL PRB utilization, uplink interference, and power control. | Check UL radio quality, UL interference, PUSCH MCS, and UL PRB load. | Validate traffic trend before applying RF action. | Check UL power control and CEU parameters."
LCAIN11826,LCAIN11826-6,6,UL Traffic,(HU) UL Traffic Volume (GBytes),Traffic,30.0,2026-05-15 to 2026-05-18,2026-05-08 to 2026-05-11,0.8334999999999999,2.4821000000000004,72.07617935927716,2,"UL RBLER: recent=2.18, baseline=0.86, change=153.79% | L.Traffic.ActiveUser.UL.Avg: recent=0.09, baseline=0.19, change=53.97%",UL Radio Failure,UL RBLER,UL RBLER increased.,"Check UL interference, coverage, UE power, and uplink radio conditions.","Check UL interference, coverage, UE power, and uplink radio conditions. | Validate traffic trend before applying RF action."
LCAIN12799,LCAIN12799-2,2,UL Traffic,(HU) UL Traffic Volume (GBytes),Traffic,30.0,2026-05-15 to 2026-05-18,2026-05-08 to 2026-05-11,0.342,1.05175,69.6074660710276,3,"UL RBLER: recent=0.18, baseline=0.04, change=401.83% | (HU)CEU User Uplink Average Throughput: recent=1.23, baseline=1.93, change=36.52% | L.Traffic.ActiveUser.UL.Avg: recent=0.05, baseline=0.15, change=66.31%",UL Radio Failure,UL RBLER,UL RBLER increased.,"Check UL interference, coverage, UE power, and uplink radio conditions.","Check UL interference, coverage, UE power, and uplink radio conditions. | Check UL power control and CEU parameters. | Validate traffic trend before applying RF action."
LCAIN10855,LCAIN10855-6,6,UL Traffic,(HU) UL Traffic Volume (GBytes),Traffic,30.0,2026-05-15 to 2026-05-18,2026-05-08 to 2026-05-11,0.09547499999999999,0.31289999999999996,67.69901943966539,3,"(HU)CEU User Uplink Average Throughput: recent=1.52, baseline=3.32, change=54.20% | (HU)CEU Cell Uplink Average Throughput: recent=2.13, baseline=2.96, change=27.85% | L.Traffic.ActiveUser.UL.Avg: recent=0.01, baseline=0.03, change=61.81%",UL CEU User Experience,(HU)CEU User Uplink Average Throughput,Cell edge UL user experience degraded.,Check UL power control and CEU parameters.,Check UL power control and CEU parameters. | Check UL CEU scheduling and edge coverage. | Validate traffic trend before applying RF action.
LCAIN10119,LCAIN10119-6,6,UL Traffic,(HU) UL Traffic Volume (GBytes),Traffic,30.0,2026-05-15 to 2026-05-18,2026-05-08 to 2026-05-11,1.483825,4.8790000000000004,67.40537187403329,3,"UL RBLER: recent=0.88, baseline=0.28, change=209.99% | L.Traffic.ActiveUser.UL.Avg: recent=0.12, baseline=0.43, change=71.98% | TA Weighted Avg (meter): recent=479.13, baseline=385.74, change=24.21%",UL Radio Failure,UL RBLER,UL RBLER increased.,"Check UL interference, coverage, UE power, and uplink radio conditions.","Check UL interference, coverage, UE power, and uplink radio conditions. | Validate traffic trend before applying RF action. | Check UL coverage and path balance."
LCAIN10371,LCAIN10371-1,1,UL Traffic,(HU) UL Traffic Volume (GBytes),Traffic,30.0,2026-05-15 to 2026-05-18,2026-05-08 to 2026-05-11,0.7061499999999999,1.991425,66.4152676820482,3,"(HU) Cell UL Average Throughput (Mbps): recent=2.01, baseline=3.62, change=44.43% | (HU) User UL Average Throughput (Mbps): recent=3.22, baseline=5.07, change=36.39% | L.Traffic.ActiveUser.UL.Avg: recent=0.09, baseline=0.15, change=38.47%",UL Throughput Degradation,(HU) Cell UL Average Throughput (Mbps),Cell UL throughput decreased.,"Check UL scheduler, UL PRB utilization, uplink interference, and power control.","Check UL scheduler, UL PRB utilization, uplink interference, and power control. | Check UL radio quality, UL interference, PUSCH MCS, and UL PRB load. | Validate traffic trend before applying RF action."
LCAIN11982,LCAIN11982-6,6,UL Traffic,(HU) UL Traffic Volume (GBytes),Traffic,30.0,2026-05-15 to 2026-05-18,2026-05-08 to 2026-05-11,0.626625,1.7794750000000001,65.18347311429513,6,"UL RBLER: recent=0.52, baseline=0.32, change=61.98% | (HU)CEU User Uplink Average Throughput: recent=0.46, baseline=1.29, change=64.22% | (HU)CEU Cell Uplink Average Throughput: recent=0.82, baseline=1.60, change=48.49% | (HU) User UL Average Throughput (Mbps): recent=2.51, baseline=4.39, change=42.89% | (HU) Cell UL Average Throughput (Mbps): recent=2.04, baseline=3.11, change=34.47%",UL Radio Failure,UL RBLER,UL RBLER increased.,"Check UL interference, coverage, UE power, and uplink radio conditions.","Check UL interference, coverage, UE power, and uplink radio conditions. | Check UL power control and CEU parameters. | Check UL CEU scheduling and edge coverage. | Check UL radio quality, UL interference, PUSCH MCS, and UL PRB load. | Check UL scheduler, UL PRB utilization, uplink interference, and power control."
LCAIN12691,LCAIN12691-6,6,UL Traffic,(HU) UL Traffic Volume (GBytes),Traffic,30.0,2026-05-15 to 2026-05-18,2026-05-08 to 2026-05-11,1.2882500000000001,4.051725,64.20934699041575,5,"(HU)CEU User Uplink Average Throughput: recent=1.16, baseline=2.72, change=57.32% | (HU)CEU Cell Uplink Average Throughput: recent=1.81, baseline=3.05, change=40.45% | UL RBLER: recent=0.66, baseline=0.53, change=24.87% | (HU) Cell UL Average Throughput (Mbps): recent=2.28, baseline=2.90, change=21.39% | L.Traffic.ActiveUser.UL.Avg: recent=0.16, baseline=0.33, change=51.81%",UL CEU User Experience,(HU)CEU User Uplink Average Throughput,Cell edge UL user experience degraded.,Check UL power control and CEU parameters.,"Check UL power control and CEU parameters. | Check UL CEU scheduling and edge coverage. | Check UL interference, coverage, UE power, and uplink radio conditions. | Check UL scheduler, UL PRB utilization, uplink interference, and power control. | Validate traffic trend before applying RF action."
LCAIN10119,LCAIN10119-2,2,UL Traffic,(HU) UL Traffic Volume (GBytes),Traffic,30.0,2026-05-15 to 2026-05-18,2026-05-08 to 2026-05-11,0.6822999999999999,1.7126750000000002,61.85089730097309,3,"6.6-14 km: recent=1.25, baseline=0.25, change=400.00% | UL RBLER: recent=0.34, baseline=0.16, change=112.83% | L.Traffic.ActiveUser.UL.Avg: recent=0.05, baseline=0.14, change=62.79%",UL Coverage Extension,6.6-14 km,UL users at extended range.,"Check UL coverage, UE power, and path balance.","Check UL coverage, UE power, and path balance. | Check UL interference, coverage, UE power, and uplink radio conditions. | Validate traffic trend before applying RF action."
LCAIN12838,LCAIN12838-1,1,UL Traffic,(HU) UL Traffic Volume (GBytes),Traffic,30.0,2026-05-15 to 2026-05-18,2026-05-08 to 2026-05-11,0.4347749999999999,0.9399500000000001,54.6006809997301,1,"L.Traffic.ActiveUser.UL.Avg: recent=0.05, baseline=0.09, change=43.67%",UL Traffic Demand Drop,L.Traffic.ActiveUser.UL.Avg,UL active users decreased.,Validate traffic trend before applying RF action.,Validate traffic trend before applying RF action.
LCAIN12223,LCAIN12223-6,6,UL Traffic,(HU) UL Traffic Volume (GBytes),Traffic,30.0,2026-05-15 to 2026-05-18,2026-05-08 to 2026-05-11,0.143975,0.32794999999999996,53.16987257916369,5,"(HU)CEU User Uplink Average Throughput: recent=1.97, baseline=3.40, change=41.87% | (HU) User UL Average Throughput (Mbps): recent=4.45, baseline=6.26, change=28.95% | (HU) Cell UL Average Throughput (Mbps): recent=2.76, baseline=3.85, change=28.25% | (HU)CEU Cell Uplink Average Throughput: recent=1.95, baseline=2.65, change=26.38% | L.Traffic.ActiveUser.UL.Avg: recent=0.01, baseline=0.02, change=39.05%",UL CEU User Experience,(HU)CEU User Uplink Average Throughput,Cell edge UL user experience degraded.,Check UL power control and CEU parameters.,"Check UL power control and CEU parameters. | Check UL radio quality, UL interference, PUSCH MCS, and UL PRB load. | Check UL scheduler, UL PRB utilization, uplink interference, and power control. | Check UL CEU scheduling and edge coverage. | Validate traffic trend before applying RF action."
LCAIN22701,LCAIN22701-2,2,UL Traffic,(HU) UL Traffic Volume (GBytes),Traffic,30.0,2026-05-15 to 2026-05-18,2026-05-08 to 2026-05-11,1.6892999999999998,3.287275,52.84908415485417,4,"6.6-14 km: recent=56.25, baseline=29.50, change=90.68% | UL RBLER: recent=2.55, baseline=1.89, change=35.24% | (HU) User UL Average Throughput (Mbps): recent=3.75, baseline=5.91, change=36.48% | (HU) Cell UL Average Throughput (Mbps): recent=3.02, baseline=4.55, change=33.61%",UL Coverage Extension,6.6-14 km,UL users at extended range.,"Check UL coverage, UE power, and path balance.","Check UL coverage, UE power, and path balance. | Check UL interference, coverage, UE power, and uplink radio conditions. | Check UL radio quality, UL interference, PUSCH MCS, and UL PRB load. | Check UL scheduler, UL PRB utilization, uplink interference, and power control."
LCAIN12865,LCAIN12865-2,2,UL Traffic,(HU) UL Traffic Volume (GBytes),Traffic,30.0,2026-05-15 to 2026-05-18,2026-05-08 to 2026-05-11,1.840675,3.6433750000000003,46.64525457249294,3,"(HU)CEU User Uplink Average Throughput: recent=1.58, baseline=3.53, change=55.15% | (HU)CEU Cell Uplink Average Throughput: recent=1.99, baseline=3.76, change=47.07% | L.Traffic.ActiveUser.UL.Avg: recent=0.14, baseline=0.22, change=34.98%",UL CEU User Experience,(HU)CEU User Uplink Average Throughput,Cell edge UL user experience degraded.,Check UL power control and CEU parameters.,Check UL power control and CEU parameters. | Check UL CEU scheduling and edge coverage. | Validate traffic trend before applying RF action.
LCAIN12862,LCAIN12862-7,7,UL Traffic,(HU) UL Traffic Volume (GBytes),Traffic,30.0,2026-05-15 to 2026-05-18,2026-05-08 to 2026-05-11,1.196875,2.143225,45.37159723441927,3,"(HU)CEU User Uplink Average Throughput: recent=0.31, baseline=0.67, change=53.49% | (HU)CEU Cell Uplink Average Throughput: recent=0.78, baseline=1.23, change=36.96% | L.Traffic.ActiveUser.UL.Avg: recent=0.19, baseline=0.28, change=32.09%",UL CEU User Experience,(HU)CEU User Uplink Average Throughput,Cell edge UL user experience degraded.,Check UL power control and CEU parameters.,Check UL power control and CEU parameters. | Check UL CEU scheduling and edge coverage. | Validate traffic trend before applying RF action.
LCAIN12930,LCAIN12930-7,7,UL Traffic,(HU) UL Traffic Volume (GBytes),Traffic,30.0,2026-05-15 to 2026-05-18,2026-05-08 to 2026-05-11,5.4008,9.682425,45.08774635239888,1,"L.Traffic.ActiveUser.UL.Avg: recent=0.70, baseline=0.93, change=24.91%",UL Traffic Demand Drop,L.Traffic.ActiveUser.UL.Avg,UL active users decreased.,Validate traffic trend before applying RF action.,Validate traffic trend before applying RF action.
LCAIN14000,LCAIN14000-7,7,UL Traffic,(HU) UL Traffic Volume (GBytes),Traffic,30.0,2026-05-15 to 2026-05-18,2026-05-08 to 2026-05-11,1.7952499999999998,3.11635,44.45097993731768,2,"UL RBLER: recent=1.20, baseline=0.64, change=85.89% | L.Traffic.ActiveUser.UL.Avg: recent=0.19, baseline=0.28, change=30.04%",UL Radio Failure,UL RBLER,UL RBLER increased.,"Check UL interference, coverage, UE power, and uplink radio conditions.","Check UL interference, coverage, UE power, and uplink radio conditions. | Validate traffic trend before applying RF action."
LCAIN10752,LCAIN10752-3,3,UL Traffic,(HU) UL Traffic Volume (GBytes),Traffic,30.0,2026-05-15 to 2026-05-18,2026-05-08 to 2026-05-11,0.861175,1.464625,43.464494412016315,5,"(HU)CEU User Uplink Average Throughput: recent=1.56, baseline=2.63, change=40.80% | (HU)CEU Cell Uplink Average Throughput: recent=1.86, baseline=2.69, change=30.83% | (HU) Cell UL Average Throughput (Mbps): recent=2.67, baseline=3.48, change=23.36% | (HU) User UL Average Throughput (Mbps): recent=3.79, baseline=4.74, change=20.05% | L.Traffic.ActiveUser.UL.Avg: recent=0.08, baseline=0.10, change=20.34%",UL CEU User Experience,(HU)CEU User Uplink Average Throughput,Cell edge UL user experience degraded.,Check UL power control and CEU parameters.,"Check UL power control and CEU parameters. | Check UL CEU scheduling and edge coverage. | Check UL scheduler, UL PRB utilization, uplink interference, and power control. | Check UL radio quality, UL interference, PUSCH MCS, and UL PRB load. | Validate traffic trend before applying RF action."
LCAIN11975,LCAIN11975-5,5,UL Traffic,(HU) UL Traffic Volume (GBytes),Traffic,30.0,2026-05-15 to 2026-05-18,2026-05-08 to 2026-05-11,3.8592500000000003,6.472675000000001,43.27382689371872,6,"UL RBLER: recent=0.29, baseline=0.21, change=37.73% | 6.6-14 km: recent=0.75, baseline=0.50, change=50.00% | (HU)CEU User Uplink Average Throughput: recent=1.50, baseline=2.04, change=26.51% | (HU) User UL Average Throughput (Mbps): recent=3.45, baseline=4.56, change=24.47% | (HU) Cell UL Average Throughput (Mbps): recent=2.72, baseline=3.53, change=22.78%",UL Radio Failure,UL RBLER,UL RBLER increased.,"Check UL interference, coverage, UE power, and uplink radio conditions.","Check UL interference, coverage, UE power, and uplink radio conditions. | Check UL coverage, UE power, and path balance. | Check UL power control and CEU parameters. | Check UL radio quality, UL interference, PUSCH MCS, and UL PRB load. | Check UL scheduler, UL PRB utilization, uplink interference, and power control."
LCAIN10800,LCAIN10800-6,6,UL Traffic,(HU) UL Traffic Volume (GBytes),Traffic,30.0,2026-05-15 to 2026-05-18,2026-05-08 to 2026-05-11,2.224175,4.199575,42.686531553305265,4,"UL RBLER: recent=4.89, baseline=3.27, change=49.34% | (HU) User UL Average Throughput (Mbps): recent=2.16, baseline=3.99, change=45.97% | (HU) Cell UL Average Throughput (Mbps): recent=2.09, baseline=3.56, change=41.28% | (HU) PUSCH MCS: recent=11.09, baseline=13.39, change=17.17%",UL Radio Failure,UL RBLER,UL RBLER increased.,"Check UL interference, coverage, UE power, and uplink radio conditions.","Check UL interference, coverage, UE power, and uplink radio conditions. | Check UL radio quality, UL interference, PUSCH MCS, and UL PRB load. | Check UL scheduler, UL PRB utilization, uplink interference, and power control. | Check UL SINR, interference, UE power control, and uplink coverage."
LCAIN12371,LCAIN12371-5,5,UL Traffic,(HU) UL Traffic Volume (GBytes),Traffic,30.0,2026-05-15 to 2026-05-18,2026-05-08 to 2026-05-11,0.835825,1.45395,41.846300547222455,6,"UL RBLER: recent=1.61, baseline=0.77, change=109.78% | (HU)CEU User Uplink Average Throughput: recent=0.25, baseline=1.09, change=76.87% | (HU)CEU Cell Uplink Average Throughput: recent=0.90, baseline=1.83, change=50.60% | TA Weighted Avg (meter): recent=1161.42, baseline=744.30, change=56.04% | (HU) Cell UL Average Throughput (Mbps): recent=2.19, baseline=3.34, change=34.46%",UL Radio Failure,UL RBLER,UL RBLER increased.,"Check UL interference, coverage, UE power, and uplink radio conditions.","Check UL interference, coverage, UE power, and uplink radio conditions. | Check UL power control and CEU parameters. | Check UL CEU scheduling and edge coverage. | Check UL coverage and path balance. | Check UL scheduler, UL PRB utilization, uplink interference, and power control."
LCAIN12861,LCAIN12861-5,5,UL Traffic,(HU) UL Traffic Volume (GBytes),Traffic,30.0,2026-05-15 to 2026-05-18,2026-05-08 to 2026-05-11,9.64315,16.19845,40.37972219280449,3,"(HU) Cell UL Average Throughput (Mbps): recent=3.06, baseline=4.21, change=27.27% | (HU) User UL Average Throughput (Mbps): recent=2.91, baseline=3.81, change=23.72% | L.Traffic.ActiveUser.UL.Avg: recent=0.97, baseline=1.30, change=25.30%",UL Throughput Degradation,(HU) Cell UL Average Throughput (Mbps),Cell UL throughput decreased.,"Check UL scheduler, UL PRB utilization, uplink interference, and power control.","Check UL scheduler, UL PRB utilization, uplink interference, and power control. | Check UL radio quality, UL interference, PUSCH MCS, and UL PRB load. | Validate traffic trend before applying RF action."
LCAIN10120,LCAIN10120-6,6,UL Traffic,(HU) UL Traffic Volume (GBytes),Traffic,30.0,2026-05-15 to 2026-05-18,2026-05-08 to 2026-05-11,1.5739,2.7525,40.01944458163262,2,"UL RBLER: recent=0.57, baseline=0.32, change=79.06% | L.Traffic.ActiveUser.UL.Avg: recent=0.14, baseline=0.21, change=34.28%",UL Radio Failure,UL RBLER,UL RBLER increased.,"Check UL interference, coverage, UE power, and uplink radio conditions.","Check UL interference, coverage, UE power, and uplink radio conditions. | Validate traffic trend before applying RF action."
LCAIN10126,LCAIN10126-1,1,UL Traffic,(HU) UL Traffic Volume (GBytes),Traffic,30.0,2026-05-15 to 2026-05-18,2026-05-08 to 2026-05-11,0.576275,0.908775,39.074561789326566,4,"6.6-14 km: recent=8.00, baseline=0.75, change=966.67% | (HU) Cell UL Average Throughput (Mbps): recent=2.00, baseline=2.78, change=27.95% | (HU) User UL Average Throughput (Mbps): recent=2.93, baseline=4.00, change=26.63% | (HU)CEU User Uplink Average Throughput: recent=0.66, baseline=0.82, change=20.24%",UL Coverage Extension,6.6-14 km,UL users at extended range.,"Check UL coverage, UE power, and path balance.","Check UL coverage, UE power, and path balance. | Check UL scheduler, UL PRB utilization, uplink interference, and power control. | Check UL radio quality, UL interference, PUSCH MCS, and UL PRB load. | Check UL power control and CEU parameters."
LCAIN10118_CITY center,LCAIN10118-5,5,UL Traffic,(HU) UL Traffic Volume (GBytes),Traffic,30.0,2026-05-15 to 2026-05-18,2026-05-08 to 2026-05-11,2.5336000000000003,4.060175,38.44711622317763,1,"L.Traffic.ActiveUser.UL.Avg: recent=0.32, baseline=0.44, change=27.40%",UL Traffic Demand Drop,L.Traffic.ActiveUser.UL.Avg,UL active users decreased.,Validate traffic trend before applying RF action.,Validate traffic trend before applying RF action.
LCAIN10650_Site_0650,LCAIN10650-5,5,UL Traffic,(HU) UL Traffic Volume (GBytes),Traffic,30.0,2026-05-15 to 2026-05-18,2026-05-08 to 2026-05-11,1.6374000000000002,2.5856,36.13594015570301,2,"(HU) Cell UL Average Throughput (Mbps): recent=2.71, baseline=3.53, change=23.42% | L.Traffic.ActiveUser.UL.Avg: recent=0.16, baseline=0.20, change=22.52%",UL Throughput Degradation,(HU) Cell UL Average Throughput (Mbps),Cell UL throughput decreased.,"Check UL scheduler, UL PRB utilization, uplink interference, and power control.","Check UL scheduler, UL PRB utilization, uplink interference, and power control. | Validate traffic trend before applying RF action."
LCAIN12587,LCAIN12587-6,6,UL Traffic,(HU) UL Traffic Volume (GBytes),Traffic,30.0,2026-05-15 to 2026-05-18,2026-05-08 to 2026-05-11,0.963275,1.5486250000000001,35.85741964417058,3,"UL RBLER: recent=1.46, baseline=1.17, change=24.35% | (HU) User UL Average Throughput (Mbps): recent=2.46, baseline=3.28, change=25.02% | (HU) Cell UL Average Throughput (Mbps): recent=2.13, baseline=2.78, change=23.48%",UL Radio Failure,UL RBLER,UL RBLER increased.,"Check UL interference, coverage, UE power, and uplink radio conditions.","Check UL interference, coverage, UE power, and uplink radio conditions. | Check UL radio quality, UL interference, PUSCH MCS, and UL PRB load. | Check UL scheduler, UL PRB utilization, uplink interference, and power control."
LCAIN10131_01-2-08-23,LCAIN10131-1,1,UL Traffic,(HU) UL Traffic Volume (GBytes),Traffic,30.0,2026-05-15 to 2026-05-18,2026-05-08 to 2026-05-11,3.90165,6.29965,34.843515356862056,1,"L.Traffic.ActiveUser.UL.Avg: recent=0.33, baseline=0.51, change=35.06%",UL Traffic Demand Drop,L.Traffic.ActiveUser.UL.Avg,UL active users decreased.,Validate traffic trend before applying RF action.,Validate traffic trend before applying RF action.
LCAIN10444,LCAIN10444-6,6,UL Traffic,(HU) UL Traffic Volume (GBytes),Traffic,30.0,2026-05-15 to 2026-05-18,2026-05-08 to 2026-05-11,4.2679,6.426175,32.92207506925684,2,"6.6-14 km: recent=0.75, baseline=0.50, change=50.00% | L.Traffic.ActiveUser.UL.Avg: recent=0.47, baseline=0.64, change=26.85%",UL Coverage Extension,6.6-14 km,UL users at extended range.,"Check UL coverage, UE power, and path balance.","Check UL coverage, UE power, and path balance. | Validate traffic trend before applying RF action."
LCAIN10512_Site_512,LCAIN10512-7,7,UL Traffic,(HU) UL Traffic Volume (GBytes),Traffic,30.0,2026-05-15 to 2026-05-18,2026-05-08 to 2026-05-11,0.3082,0.45772500000000005,32.85139303964888,4,"UL RBLER: recent=1.14, baseline=0.65, change=75.41% | (HU)CEU User Uplink Average Throughput: recent=0.58, baseline=1.01, change=42.96% | (HU) User UL Average Throughput (Mbps): recent=2.24, baseline=3.51, change=36.06% | (HU) Cell UL Average Throughput (Mbps): recent=1.69, baseline=2.58, change=34.61%",UL Radio Failure,UL RBLER,UL RBLER increased.,"Check UL interference, coverage, UE power, and uplink radio conditions.","Check UL interference, coverage, UE power, and uplink radio conditions. | Check UL power control and CEU parameters. | Check UL radio quality, UL interference, PUSCH MCS, and UL PRB load. | Check UL scheduler, UL PRB utilization, uplink interference, and power control."
LCAIN10988,LCAIN10988-3,3,UL Traffic,(HU) UL Traffic Volume (GBytes),Traffic,30.0,2026-05-15 to 2026-05-18,2026-05-08 to 2026-05-11,3.3749000000000002,5.03275,32.28422453521736,1,"L.Traffic.ActiveUser.UL.Avg: recent=0.33, baseline=0.49, change=33.84%",UL Traffic Demand Drop,L.Traffic.ActiveUser.UL.Avg,UL active users decreased.,Validate traffic trend before applying RF action.,Validate traffic trend before applying RF action.
LCAIN10827,LCAIN10827-5,5,UL Traffic,(HU) UL Traffic Volume (GBytes),Traffic,30.0,2026-05-15 to 2026-05-18,2026-05-08 to 2026-05-11,6.8179,9.3398,30.632201808857296,1,"L.Traffic.ActiveUser.UL.Avg: recent=0.70, baseline=0.95, change=26.64%",UL Traffic Demand Drop,L.Traffic.ActiveUser.UL.Avg,UL active users decreased.,Validate traffic trend before applying RF action.,Validate traffic trend before applying RF action.
LCAIN10512_Site_512,LCAIN10512-2,2,DL Throughput,(HU) User DL Average Throughput (Mbps),Integrity,20.0,2026-05-15 to 2026-05-18,2026-05-08 to 2026-05-11,13.29975,23.819000000000003,51.477349501625625,7,"(HU)CEU User Downlink Average Througput: recent=7.30, baseline=13.83, change=47.24% | 0-156 m: recent=0.25, baseline=2.00, change=87.50% | DL RBLER: recent=0.45, baseline=0.33, change=38.35% | (HU)CEU Cell Downlink Average Throughput: recent=6.20, baseline=9.10, change=31.85% | DL Average CQI: recent=8.65, baseline=11.16, change=22.51%",CEU User Impact,(HU)CEU User Downlink Average Througput,CEU user throughput degraded.,Check CEU parameters and coverage.,"Check CEU parameters and coverage. | Check traffic distribution and near-cell coverage. | Check interference, radio quality, and coverage. | Check CEU scheduling and SINR. | Check interference, PCI, antenna tilt, azimuth, and coverage."
LCAIN12582,LCAIN12582-1,1,DL Throughput,(HU) User DL Average Throughput (Mbps),Integrity,20.0,2026-05-15 to 2026-05-18,2026-05-08 to 2026-05-11,5.140174999999999,9.821475,47.39150154596442,3,"DL RBLER: recent=2.53, baseline=1.34, change=87.87% | (HU)CEU User Downlink Average Througput: recent=10.97, baseline=13.82, change=20.67% | (HU) PDSCH MCS: recent=7.39, baseline=9.74, change=24.15%",DL Radio Block Errors,DL RBLER,DL RBLER increased while DL throughput degraded.,"Check interference, radio quality, and coverage.","Check interference, radio quality, and coverage. | Check CEU parameters and coverage. | Check CQI, SINR, interference, and coverage."
LCAIE10001,LCAIE10001-6,6,DL Throughput,(HU) User DL Average Throughput (Mbps),Integrity,20.0,2026-05-15 to 2026-05-18,2026-05-08 to 2026-05-11,9.009575000000002,15.921425,46.812095723790236,6,"DL RBLER: recent=1.11, baseline=0.58, change=90.02% | (HU)CEU User Downlink Average Througput: recent=4.20, baseline=7.32, change=42.58% | (HU)CEU Cell Downlink Average Throughput: recent=3.89, baseline=6.65, change=41.45% | 0-156 m: recent=65.00, baseline=186.50, change=65.15% | DL Average CQI: recent=8.72, baseline=10.73, change=18.77%",DL Radio Block Errors,DL RBLER,DL RBLER increased while DL throughput degraded.,"Check interference, radio quality, and coverage.","Check interference, radio quality, and coverage. | Check CEU parameters and coverage. | Check CEU scheduling and SINR. | Check traffic distribution and near-cell coverage. | Check interference, PCI, antenna tilt, azimuth, and coverage."
LCAIN12371,LCAIN12371-1,1,DL Throughput,(HU) User DL Average Throughput (Mbps),Integrity,20.0,2026-05-15 to 2026-05-18,2026-05-08 to 2026-05-11,8.20725,15.08175,46.555158985216636,5,"(HU)CEU Cell Downlink Average Throughput: recent=7.77, baseline=9.95, change=21.99% | (HU) PDSCH MCS: recent=9.75, baseline=13.66, change=28.61% | DL Average CQI: recent=8.35, baseline=10.45, change=20.08% | 0-156 m: recent=7.75, baseline=11.75, change=34.04% | MAC CA Traffic Ratio: recent=15.26, baseline=20.67, change=26.14%",CEU Throughput Impact,(HU)CEU Cell Downlink Average Throughput,Cell edge throughput impacting overall.,Check CEU scheduling and SINR.,"Check CEU scheduling and SINR. | Check CQI, SINR, interference, and coverage. | Check interference, PCI, antenna tilt, azimuth, and coverage. | Check traffic distribution and near-cell coverage. | Check CA activation, SCell availability, and CA configuration."
LCAIN12581,LCAIN12581-1,1,DL Throughput,(HU) User DL Average Throughput (Mbps),Integrity,20.0,2026-05-15 to 2026-05-18,2026-05-08 to 2026-05-11,18.489,32.331849999999996,45.75412536451856,5,"DL RBLER: recent=0.14, baseline=0.08, change=79.09% | (HU)CEU User Downlink Average Througput: recent=10.36, baseline=19.50, change=46.86% | (HU)CEU Cell Downlink Average Throughput: recent=8.43, baseline=13.97, change=39.65% | MAC CA Traffic Ratio: recent=33.98, baseline=53.77, change=36.80% | Reported Rank 2 (%): recent=45.90, baseline=66.23, change=20.33%",DL Radio Block Errors,DL RBLER,DL RBLER increased while DL throughput degraded.,"Check interference, radio quality, and coverage.","Check interference, radio quality, and coverage. | Check CEU parameters and coverage. | Check CEU scheduling and SINR. | Check CA activation, SCell availability, and CA configuration. | Check MIMO conditions, correlation, and rank adaptation."
LCAIN11982,LCAIN11982-2,2,DL Throughput,(HU) User DL Average Throughput (Mbps),Integrity,20.0,2026-05-15 to 2026-05-18,2026-05-08 to 2026-05-11,24.2984,41.94725,39.88482598126327,4,"(HU)CEU Cell Downlink Average Throughput: recent=4.45, baseline=11.25, change=60.44% | (HU)CEU User Downlink Average Througput: recent=8.96, baseline=16.12, change=44.41% | MAC CA Traffic Ratio: recent=31.49, baseline=77.67, change=59.46% | Reported Rank 2 (%): recent=50.77, baseline=68.17, change=17.40%",CEU Throughput Impact,(HU)CEU Cell Downlink Average Throughput,Cell edge throughput impacting overall.,Check CEU scheduling and SINR.,"Check CEU scheduling and SINR. | Check CEU parameters and coverage. | Check CA activation, SCell availability, and CA configuration. | Check MIMO conditions, correlation, and rank adaptation."
LCAIN12585,LCAIN12585-2,2,DL Throughput,(HU) User DL Average Throughput (Mbps),Integrity,20.0,2026-05-15 to 2026-05-18,2026-05-08 to 2026-05-11,7.315075,12.957525,39.11091956661927,6,"6.6-14 km: recent=1.25, baseline=0.25, change=400.00% | DL RBLER: recent=7.43, baseline=5.40, change=37.54% | (HU) PDSCH MCS: recent=4.42, baseline=7.96, change=44.52% | CQI_CW1: recent=7.21, baseline=9.65, change=25.25% | 0-156 m: recent=1.25, baseline=2.00, change=37.50%",Cell Edge Impact on Throughput,6.6-14 km,Distant users impacting throughput.,"Check coverage, user distribution, and edge scheduling.","Check coverage, user distribution, and edge scheduling. | Check interference, radio quality, and coverage. | Check CQI, SINR, interference, and coverage. | Check MIMO channel conditions. | Check traffic distribution and near-cell coverage."
LCAIN10132,LCAIN10132-7,7,DL Throughput,(HU) User DL Average Throughput (Mbps),Integrity,20.0,2026-05-15 to 2026-05-18,2026-05-08 to 2026-05-11,21.1938,34.824725,38.56043158932141,6,"(HU)CEU User Downlink Average Througput: recent=12.74, baseline=20.13, change=36.74% | DL RBLER: recent=0.23, baseline=0.17, change=34.47% | (HU)CEU Cell Downlink Average Throughput: recent=10.74, baseline=14.10, change=23.82% | (HU) PDSCH MCS: recent=8.24, baseline=11.72, change=29.71% | CQI_CW1: recent=10.09, baseline=11.92, change=15.30%",CEU User Impact,(HU)CEU User Downlink Average Througput,CEU user throughput degraded.,Check CEU parameters and coverage.,"Check CEU parameters and coverage. | Check interference, radio quality, and coverage. | Check CEU scheduling and SINR. | Check CQI, SINR, interference, and coverage. | Check MIMO channel conditions."
LCAIN12841,LCAIN12841-5,5,DL Throughput,(HU) User DL Average Throughput (Mbps),Integrity,20.0,2026-05-15 to 2026-05-18,2026-05-08 to 2026-05-11,29.388624999999998,42.0713,35.0269940222411,5,"DL RBLER: recent=0.13, baseline=0.04, change=216.92% | (HU)CEU User Downlink Average Througput: recent=31.52, baseline=48.85, change=35.48% | 6.6-14 km: recent=22.75, baseline=17.00, change=33.82% | (HU)CEU Cell Downlink Average Throughput: recent=25.17, baseline=31.87, change=21.02% | MAC CA Traffic Ratio: recent=47.82, baseline=76.64, change=37.60%",DL Radio Block Errors,DL RBLER,DL RBLER increased while DL throughput degraded.,"Check interference, radio quality, and coverage.","Check interference, radio quality, and coverage. | Check CEU parameters and coverage. | Check coverage, user distribution, and edge scheduling. | Check CEU scheduling and SINR. | Check CA activation, SCell availability, and CA configuration."
LCAIN10128_03-1-30-115,LCAIN10128-2,2,DL Throughput,(HU) User DL Average Throughput (Mbps),Integrity,20.0,2026-05-15 to 2026-05-18,2026-05-08 to 2026-05-11,19.757150000000003,27.476100000000002,34.96170638421076,2,"DL RBLER: recent=0.26, baseline=0.13, change=98.74% | MAC CA Traffic Ratio: recent=7.35, baseline=16.63, change=55.83%",DL Radio Block Errors,DL RBLER,DL RBLER increased while DL throughput degraded.,"Check interference, radio quality, and coverage.","Check interference, radio quality, and coverage. | Check CA activation, SCell availability, and CA configuration."
LCAIN12059,LCAIN12059-2,2,DL Throughput,(HU) User DL Average Throughput (Mbps),Integrity,20.0,2026-05-15 to 2026-05-18,2026-05-08 to 2026-05-11,15.791599999999999,22.469549999999998,31.22821433669288,3,"MAC CA Traffic Ratio: recent=5.38, baseline=20.17, change=73.31% | DL RBLER: recent=0.56, baseline=0.44, change=29.19% | (HU)CEU Cell Downlink Average Throughput: recent=15.24, baseline=19.44, change=21.60%",Low CA Usage,MAC CA Traffic Ratio,CA traffic ratio decreased while DL throughput degraded.,"Check CA activation, SCell availability, and CA configuration.","Check CA activation, SCell availability, and CA configuration. | Check interference, radio quality, and coverage. | Check CEU scheduling and SINR."
LCAIN12901,LCAIN12901-5,5,DL Throughput,(HU) User DL Average Throughput (Mbps),Integrity,20.0,2026-05-15 to 2026-05-18,2026-05-08 to 2026-05-11,23.11005,35.434475,30.381081346859215,2,"0-156 m: recent=220.50, baseline=465.00, change=52.58% | (HU) PDSCH MCS: recent=9.94, baseline=13.39, change=25.76%",Near Users Drop,0-156 m,Near-cell users decreased.,Check traffic distribution and near-cell coverage.,"Check traffic distribution and near-cell coverage. | Check CQI, SINR, interference, and coverage."
LCAIN13988,LCAIN13988-3,3,DL Throughput,(HU) User DL Average Throughput (Mbps),Integrity,20.0,2026-05-15 to 2026-05-18,2026-05-08 to 2026-05-11,9.96435,13.55725,28.488729434971596,2,"DL RBLER: recent=0.27, baseline=0.17, change=58.75% | (HU)CEU User Downlink Average Througput: recent=10.23, baseline=13.21, change=22.58%",DL Radio Block Errors,DL RBLER,DL RBLER increased while DL throughput degraded.,"Check interference, radio quality, and coverage.","Check interference, radio quality, and coverage. | Check CEU parameters and coverage."
LCAIN11981,LCAIN11981-7,7,DL Throughput,(HU) User DL Average Throughput (Mbps),Integrity,20.0,2026-05-15 to 2026-05-18,2026-05-08 to 2026-05-11,15.65915,22.278275,28.1040599303019,4,"DL RBLER: recent=0.33, baseline=0.13, change=165.06% | MAC CA Traffic Ratio: recent=13.44, baseline=52.05, change=74.17% | (HU)CEU User Downlink Average Througput: recent=15.82, baseline=21.93, change=27.88% | (HU)CEU Cell Downlink Average Throughput: recent=13.86, baseline=17.81, change=22.22%",DL Radio Block Errors,DL RBLER,DL RBLER increased while DL throughput degraded.,"Check interference, radio quality, and coverage.","Check interference, radio quality, and coverage. | Check CA activation, SCell availability, and CA configuration. | Check CEU parameters and coverage. | Check CEU scheduling and SINR."
LCAIN12005,LCAIN12005-7,7,DL Throughput,(HU) User DL Average Throughput (Mbps),Integrity,20.0,2026-05-15 to 2026-05-18,2026-05-08 to 2026-05-11,21.7346,30.2533,28.0581039911442,1,"MAC CA Traffic Ratio: recent=26.65, baseline=40.06, change=33.48%",Low CA Usage,MAC CA Traffic Ratio,CA traffic ratio decreased while DL throughput degraded.,"Check CA activation, SCell availability, and CA configuration.","Check CA activation, SCell availability, and CA configuration."
LCAIN10691,LCAIN10691-5,5,DL Throughput,(HU) User DL Average Throughput (Mbps),Integrity,20.0,2026-05-15 to 2026-05-18,2026-05-08 to 2026-05-11,14.263475,20.03275,27.872964140930428,5,"0-156 m: recent=12.25, baseline=55.75, change=78.03% | DL RBLER: recent=0.65, baseline=0.47, change=37.65% | (HU)CEU Cell Downlink Average Throughput: recent=11.04, baseline=16.93, change=34.78% | (HU)CEU User Downlink Average Througput: recent=13.21, baseline=20.22, change=34.66% | Reported Rank 2 (%): recent=33.75, baseline=49.83, change=16.08%",Near Users Drop,0-156 m,Near-cell users decreased.,Check traffic distribution and near-cell coverage.,"Check traffic distribution and near-cell coverage. | Check interference, radio quality, and coverage. | Check CEU scheduling and SINR. | Check CEU parameters and coverage. | Check MIMO conditions, correlation, and rank adaptation."
LCAIN10512_Site_512,LCAIN10512-6,6,DL Throughput,(HU) User DL Average Throughput (Mbps),Integrity,20.0,2026-05-15 to 2026-05-18,2026-05-08 to 2026-05-11,19.865775,27.768150000000002,27.558918349460512,3,"DL RBLER: recent=0.40, baseline=0.27, change=47.96% | (HU)CEU User Downlink Average Througput: recent=13.76, baseline=17.28, change=20.35% | (HU) PDSCH MCS: recent=10.09, baseline=12.04, change=16.25%",DL Radio Block Errors,DL RBLER,DL RBLER increased while DL throughput degraded.,"Check interference, radio quality, and coverage.","Check interference, radio quality, and coverage. | Check CEU parameters and coverage. | Check CQI, SINR, interference, and coverage."
LCAIN12059,LCAIN12059-5,5,DL Throughput,(HU) User DL Average Throughput (Mbps),Integrity,20.0,2026-05-15 to 2026-05-18,2026-05-08 to 2026-05-11,25.25645,36.8727,27.46680443342394,4,"(HU)CEU User Downlink Average Througput: recent=7.04, baseline=18.23, change=61.40% | DL RBLER: recent=0.75, baseline=0.47, change=60.34% | (HU)CEU Cell Downlink Average Throughput: recent=6.07, baseline=14.60, change=58.46% | 6.6-14 km: recent=5.25, baseline=4.25, change=23.53%",CEU User Impact,(HU)CEU User Downlink Average Througput,CEU user throughput degraded.,Check CEU parameters and coverage.,"Check CEU parameters and coverage. | Check interference, radio quality, and coverage. | Check CEU scheduling and SINR. | Check coverage, user distribution, and edge scheduling."
LCAIN10806,LCAIN10806-6,6,DL Throughput,(HU) User DL Average Throughput (Mbps),Integrity,20.0,2026-05-15 to 2026-05-18,2026-05-08 to 2026-05-11,19.90805,25.73065,26.21202607814571,1,"DL RBLER: recent=0.26, baseline=0.21, change=23.38%",DL Radio Block Errors,DL RBLER,DL RBLER increased while DL throughput degraded.,"Check interference, radio quality, and coverage.","Check interference, radio quality, and coverage."
LCAIN12919,LCAIN12919-7,7,DL Throughput,(HU) User DL Average Throughput (Mbps),Integrity,20.0,2026-05-15 to 2026-05-18,2026-05-08 to 2026-05-11,13.543875,17.830125000000002,26.13087224503422,2,"(HU)CEU Cell Downlink Average Throughput: recent=5.94, baseline=9.76, change=39.11% | (HU)CEU User Downlink Average Througput: recent=7.96, baseline=11.62, change=31.53%",CEU Throughput Impact,(HU)CEU Cell Downlink Average Throughput,Cell edge throughput impacting overall.,Check CEU scheduling and SINR.,Check CEU scheduling and SINR. | Check CEU parameters and coverage.
LCAIN11826,LCAIN11826-5,5,DL Throughput,(HU) User DL Average Throughput (Mbps),Integrity,20.0,2026-05-15 to 2026-05-18,2026-05-08 to 2026-05-11,18.525375,25.268375000000002,26.031200075926854,5,"(HU)CEU User Downlink Average Througput: recent=10.98, baseline=18.61, change=41.00% | (HU)CEU Cell Downlink Average Throughput: recent=9.72, baseline=14.96, change=35.01% | DL RBLER: recent=0.52, baseline=0.42, change=24.25% | 0-156 m: recent=755.25, baseline=1181.75, change=36.09% | (HU) PDSCH MCS: recent=10.10, baseline=12.10, change=16.54%",CEU User Impact,(HU)CEU User Downlink Average Througput,CEU user throughput degraded.,Check CEU parameters and coverage.,"Check CEU parameters and coverage. | Check CEU scheduling and SINR. | Check interference, radio quality, and coverage. | Check traffic distribution and near-cell coverage. | Check CQI, SINR, interference, and coverage."
LCAIN10855,LCAIN10855-1,1,DL Throughput,(HU) User DL Average Throughput (Mbps),Integrity,20.0,2026-05-15 to 2026-05-18,2026-05-08 to 2026-05-11,10.13795,13.9414,22.872849568614946,5,"0-156 m: recent=0.75, baseline=8.50, change=91.18% | MAC CA Traffic Ratio: recent=1.78, baseline=11.49, change=84.50% | CQI_CW0: recent=6.45, baseline=10.07, change=35.96% | CQI_CW1: recent=5.85, baseline=9.10, change=35.69% | DL Average CQI: recent=7.85, baseline=9.63, change=18.45%",Near Users Drop,0-156 m,Near-cell users decreased.,Check traffic distribution and near-cell coverage.,"Check traffic distribution and near-cell coverage. | Check CA activation, SCell availability, and CA configuration. | Check channel conditions and reporting. | Check MIMO channel conditions. | Check interference, PCI, antenna tilt, azimuth, and coverage."
LCAIN12371,LCAIN12371-3,3,DL Throughput,(HU) User DL Average Throughput (Mbps),Integrity,20.0,2026-05-15 to 2026-05-18,2026-05-08 to 2026-05-11,12.2812,15.90975,22.768757201064588,2,"DL RBLER: recent=0.20, baseline=0.15, change=33.09% | (HU) DL PRB Utilization(%): recent=40.53, baseline=19.71, change=20.82%",DL Radio Block Errors,DL RBLER,DL RBLER increased while DL throughput degraded.,"Check interference, radio quality, and coverage.","Check interference, radio quality, and coverage. | Check congestion, load balancing, CA, bandwidth, scheduler, and capacity expansion."
LCAIN10109,LCAIN10109-5,5,DL Throughput,(HU) User DL Average Throughput (Mbps),Integrity,20.0,2026-05-15 to 2026-05-18,2026-05-08 to 2026-05-11,22.5428,28.318925,22.173648440981857,2,"MAC CA Traffic Ratio: recent=9.12, baseline=17.89, change=49.02% | 0-156 m: recent=308.25, baseline=392.50, change=21.46%",Low CA Usage,MAC CA Traffic Ratio,CA traffic ratio decreased while DL throughput degraded.,"Check CA activation, SCell availability, and CA configuration.","Check CA activation, SCell availability, and CA configuration. | Check traffic distribution and near-cell coverage."
LCAIN11025,LCAIN11025-1,1,DL Throughput,(HU) User DL Average Throughput (Mbps),Integrity,20.0,2026-05-15 to 2026-05-18,2026-05-08 to 2026-05-11,6.838850000000001,8.576025,21.802807249017654,2,"6.6-14 km: recent=7.50, baseline=4.75, change=57.89% | MAC CA Traffic Ratio: recent=20.63, baseline=28.73, change=28.18%",Cell Edge Impact on Throughput,6.6-14 km,Distant users impacting throughput.,"Check coverage, user distribution, and edge scheduling.","Check coverage, user distribution, and edge scheduling. | Check CA activation, SCell availability, and CA configuration."
LCAIN16546,LCAIN16546-1,1,DL Throughput,(HU) User DL Average Throughput (Mbps),Integrity,20.0,2026-05-15 to 2026-05-18,2026-05-08 to 2026-05-11,18.16275,22.710075000000003,21.02510980867083,5,"DL RBLER: recent=0.27, baseline=0.13, change=112.16% | (HU)CEU Cell Downlink Average Throughput: recent=8.65, baseline=11.09, change=22.00% | (HU)CEU User Downlink Average Througput: recent=9.55, baseline=12.22, change=21.91% | 0-156 m: recent=3.25, baseline=4.25, change=23.53% | MAC CA Traffic Ratio: recent=20.58, baseline=26.62, change=22.69%",DL Radio Block Errors,DL RBLER,DL RBLER increased while DL throughput degraded.,"Check interference, radio quality, and coverage.","Check interference, radio quality, and coverage. | Check CEU scheduling and SINR. | Check CEU parameters and coverage. | Check traffic distribution and near-cell coverage. | Check CA activation, SCell availability, and CA configuration."
LCAIN11025,LCAIN11025-2,2,DL Throughput,(HU) User DL Average Throughput (Mbps),Integrity,20.0,2026-05-15 to 2026-05-18,2026-05-08 to 2026-05-11,6.175625,8.175325,20.85948165552329,5,"(HU)CEU User Downlink Average Througput: recent=5.60, baseline=7.65, change=26.84% | 0-156 m: recent=2.00, baseline=4.25, change=52.94% | (HU)CEU Cell Downlink Average Throughput: recent=5.35, baseline=7.19, change=25.64% | MAC CA Traffic Ratio: recent=7.74, baseline=11.66, change=33.63% | CQI_CW1: recent=5.27, baseline=6.47, change=18.50%",CEU User Impact,(HU)CEU User Downlink Average Througput,CEU user throughput degraded.,Check CEU parameters and coverage.,"Check CEU parameters and coverage. | Check traffic distribution and near-cell coverage. | Check CEU scheduling and SINR. | Check CA activation, SCell availability, and CA configuration. | Check MIMO channel conditions."
LCAIN11981,LCAIN11981-1,1,DL Throughput,(HU) User DL Average Throughput (Mbps),Integrity,20.0,2026-05-15 to 2026-05-18,2026-05-08 to 2026-05-11,12.448675,15.938749999999999,20.76297090198056,1,"MAC CA Traffic Ratio: recent=13.13, baseline=17.02, change=22.85%",Low CA Usage,MAC CA Traffic Ratio,CA traffic ratio decreased while DL throughput degraded.,"Check CA activation, SCell availability, and CA configuration.","Check CA activation, SCell availability, and CA configuration."
LCAIN10457,LCAIN10457-6,6,UL Throughput,(HU) User UL Average Throughput (Mbps),Integrity,20.0,2026-05-15 to 2026-05-18,2026-05-08 to 2026-05-11,2.4633249999999998,5.404974999999999,58.07521159871301,4,"L.Traffic.ActiveUser.UL.Avg: recent=0.16, baseline=0.07, change=113.47% | (HU)CEU Cell Uplink Average Throughput: recent=1.10, baseline=1.93, change=42.87% | UL RBLER: recent=0.40, baseline=0.29, change=36.70% | (HU) PUSCH MCS: recent=17.45, baseline=22.66, change=22.99%",High UL User Load,L.Traffic.ActiveUser.UL.Avg,UL active users increased while UL throughput decreased.,"Check uplink scheduling, congestion, and load distribution.","Check uplink scheduling, congestion, and load distribution. | Check UL CEU scheduling. | Check UL coverage, interference, and UE power limitation. | Check uplink SINR, interference, and power control."
LCAIE10001,LCAIE10001-6,6,UL Throughput,(HU) User UL Average Throughput (Mbps),Integrity,20.0,2026-05-15 to 2026-05-18,2026-05-08 to 2026-05-11,2.33385,5.443624999999999,55.4186192869809,4,"UL RBLER: recent=3.35, baseline=1.41, change=136.98% | (HU)CEU Cell Uplink Average Throughput: recent=1.15, baseline=2.01, change=42.59% | (HU) PUSCH MCS: recent=12.92, baseline=18.28, change=29.29% | L.Traffic.ActiveUser.UL.Avg: recent=0.39, baseline=0.29, change=34.58%",UL Radio Block Errors,UL RBLER,UL RBLER increased while UL throughput degraded.,"Check UL coverage, interference, and UE power limitation.","Check UL coverage, interference, and UE power limitation. | Check UL CEU scheduling. | Check uplink SINR, interference, and power control. | Check uplink scheduling, congestion, and load distribution."
LCAIN12000,LCAIN12000-3,3,UL Throughput,(HU) User UL Average Throughput (Mbps),Integrity,20.0,2026-05-15 to 2026-05-18,2026-05-08 to 2026-05-11,3.6481000000000003,7.823275000000001,55.060159066284896,2,"UL RBLER: recent=1.17, baseline=0.70, change=68.28% | L.Traffic.ActiveUser.UL.Avg: recent=0.73, baseline=0.54, change=35.33%",UL Radio Block Errors,UL RBLER,UL RBLER increased while UL throughput degraded.,"Check UL coverage, interference, and UE power limitation.","Check UL coverage, interference, and UE power limitation. | Check uplink scheduling, congestion, and load distribution."
LCAIN12070,LCAIN12070-1,1,UL Throughput,(HU) User UL Average Throughput (Mbps),Integrity,20.0,2026-05-15 to 2026-05-18,2026-05-08 to 2026-05-11,3.8186,7.90815,54.925789245811934,0,None,Unknown,No strong related counter detected,"Main KPI degraded, but no related counter passed its threshold.","Check raw counters, alarms, availability, recent changes, and nearby cells manually.",Manual investigation needed
LCAIN14000,LCAIN14000-1,1,UL Throughput,(HU) User UL Average Throughput (Mbps),Integrity,20.0,2026-05-15 to 2026-05-18,2026-05-08 to 2026-05-11,4.072375,8.4525,49.270360452347916,2,"(HU)CEU Cell Uplink Average Throughput: recent=1.11, baseline=1.87, change=40.82% | UL RBLER: recent=0.36, baseline=0.28, change=30.38%",UL CEU Impact,(HU)CEU Cell Uplink Average Throughput,Cell edge UL throughput impacting overall.,Check UL CEU scheduling.,"Check UL CEU scheduling. | Check UL coverage, interference, and UE power limitation."
LCAIN10800,LCAIN10800-6,6,UL Throughput,(HU) User UL Average Throughput (Mbps),Integrity,20.0,2026-05-15 to 2026-05-18,2026-05-08 to 2026-05-11,2.156925,3.9920500000000003,46.138099912994576,2,"UL RBLER: recent=4.89, baseline=3.27, change=49.34% | (HU) PUSCH MCS: recent=11.09, baseline=13.39, change=17.17%",UL Radio Block Errors,UL RBLER,UL RBLER increased while UL throughput degraded.,"Check UL coverage, interference, and UE power limitation.","Check UL coverage, interference, and UE power limitation. | Check uplink SINR, interference, and power control."
LCAIN10132,LCAIN10132-7,7,UL Throughput,(HU) User UL Average Throughput (Mbps),Integrity,20.0,2026-05-15 to 2026-05-18,2026-05-08 to 2026-05-11,4.0146,8.1522,45.276423300067144,3,"UL RBLER: recent=0.87, baseline=0.67, change=29.71% | (HU)CEU Cell Uplink Average Throughput: recent=1.42, baseline=1.84, change=22.80% | (HU) PUSCH MCS: recent=17.84, baseline=21.31, change=16.29%",UL Radio Block Errors,UL RBLER,UL RBLER increased while UL throughput degraded.,"Check UL coverage, interference, and UE power limitation.","Check UL coverage, interference, and UE power limitation. | Check UL CEU scheduling. | Check uplink SINR, interference, and power control."
LCAIN10753,LCAIN10753-7,7,UL Throughput,(HU) User UL Average Throughput (Mbps),Integrity,20.0,2026-05-15 to 2026-05-18,2026-05-08 to 2026-05-11,3.645575,6.42525,44.634525880168894,2,"6.6-14 km: recent=1.50, baseline=1.00, change=50.00% | (HU) PUSCH MCS: recent=18.11, baseline=23.22, change=22.01%",UL Distance Impact,6.6-14 km,Distant UL users impacting throughput.,Check UL path loss and power headroom.,"Check UL path loss and power headroom. | Check uplink SINR, interference, and power control."
LCAIN13989,LCAIN13989-6,6,UL Throughput,(HU) User UL Average Throughput (Mbps),Integrity,20.0,2026-05-15 to 2026-05-18,2026-05-08 to 2026-05-11,4.3245000000000005,7.5173749999999995,42.896665693309075,1,"(HU)CEU Cell Uplink Average Throughput: recent=1.67, baseline=2.41, change=30.57%",UL CEU Impact,(HU)CEU Cell Uplink Average Throughput,Cell edge UL throughput impacting overall.,Check UL CEU scheduling.,Check UL CEU scheduling.
LCAIN10588,LCAIN10588-1,1,UL Throughput,(HU) User UL Average Throughput (Mbps),Integrity,20.0,2026-05-15 to 2026-05-18,2026-05-08 to 2026-05-11,4.25925,6.665525,41.2741918760741,1,"UL RBLER: recent=0.64, baseline=0.50, change=27.53%",UL Radio Block Errors,UL RBLER,UL RBLER increased while UL throughput degraded.,"Check UL coverage, interference, and UE power limitation.","Check UL coverage, interference, and UE power limitation."
LCAIN13992,LCAIN13992-1,1,UL Throughput,(HU) User UL Average Throughput (Mbps),Integrity,20.0,2026-05-15 to 2026-05-18,2026-05-08 to 2026-05-11,2.969675,4.602,40.65941340096213,2,"L.Traffic.ActiveUser.UL.Avg: recent=0.04, baseline=0.01, change=212.35% | UL RBLER: recent=0.34, baseline=0.22, change=59.18%",High UL User Load,L.Traffic.ActiveUser.UL.Avg,UL active users increased while UL throughput decreased.,"Check uplink scheduling, congestion, and load distribution.","Check uplink scheduling, congestion, and load distribution. | Check UL coverage, interference, and UE power limitation."
LCAIN12864,LCAIN12864-7,7,UL Throughput,(HU) User UL Average Throughput (Mbps),Integrity,20.0,2026-05-15 to 2026-05-18,2026-05-08 to 2026-05-11,2.5541,4.3756,40.62010694036767,3,"UL RBLER: recent=0.97, baseline=0.71, change=36.05% | L.Traffic.ActiveUser.UL.Avg: recent=0.14, baseline=0.11, change=29.38% | (HU) PUSCH MCS: recent=18.33, baseline=21.76, change=15.75%",UL Radio Block Errors,UL RBLER,UL RBLER increased while UL throughput degraded.,"Check UL coverage, interference, and UE power limitation.","Check UL coverage, interference, and UE power limitation. | Check uplink scheduling, congestion, and load distribution. | Check uplink SINR, interference, and power control."
LCAIN12896,LCAIN12896-7,7,UL Throughput,(HU) User UL Average Throughput (Mbps),Integrity,20.0,2026-05-15 to 2026-05-18,2026-05-08 to 2026-05-11,4.011825,5.9721,36.81817055847696,1,"UL RBLER: recent=1.12, baseline=0.46, change=142.76%",UL Radio Block Errors,UL RBLER,UL RBLER increased while UL throughput degraded.,"Check UL coverage, interference, and UE power limitation.","Check UL coverage, interference, and UE power limitation."
LCAIN10512_Site_512,LCAIN10512-7,7,UL Throughput,(HU) User UL Average Throughput (Mbps),Integrity,20.0,2026-05-15 to 2026-05-18,2026-05-08 to 2026-05-11,2.242975,3.5081249999999997,36.630285304773906,1,"UL RBLER: recent=1.14, baseline=0.65, change=75.41%",UL Radio Block Errors,UL RBLER,UL RBLER increased while UL throughput degraded.,"Check UL coverage, interference, and UE power limitation.","Check UL coverage, interference, and UE power limitation."
LCAIN12262,LCAIN12262-7,7,UL Throughput,(HU) User UL Average Throughput (Mbps),Integrity,20.0,2026-05-15 to 2026-05-18,2026-05-08 to 2026-05-11,1.9106,2.7424,33.50599015689477,0,None,Unknown,No strong related counter detected,"Main KPI degraded, but no related counter passed its threshold.","Check raw counters, alarms, availability, recent changes, and nearby cells manually.",Manual investigation needed
LCAIN10371,LCAIN10371-2,2,UL Throughput,(HU) User UL Average Throughput (Mbps),Integrity,20.0,2026-05-15 to 2026-05-18,2026-05-08 to 2026-05-11,7.6927,11.61555,33.23856905092498,0,None,Unknown,No strong related counter detected,"Main KPI degraded, but no related counter passed its threshold.","Check raw counters, alarms, availability, recent changes, and nearby cells manually.",Manual investigation needed
LCAIN12873,LCAIN12873-3,3,UL Throughput,(HU) User UL Average Throughput (Mbps),Integrity,20.0,2026-05-15 to 2026-05-18,2026-05-08 to 2026-05-11,2.722375,3.9377750000000002,32.03190718624529,1,"UL RBLER: recent=0.27, baseline=0.18, change=51.33%",UL Radio Block Errors,UL RBLER,UL RBLER increased while UL throughput degraded.,"Check UL coverage, interference, and UE power limitation.","Check UL coverage, interference, and UE power limitation."
LCAIN12251,LCAIN12251-6,6,UL Throughput,(HU) User UL Average Throughput (Mbps),Integrity,20.0,2026-05-15 to 2026-05-18,2026-05-08 to 2026-05-11,2.7849000000000004,4.618025,31.782804378460256,4,"UL RBLER: recent=2.74, baseline=1.80, change=52.01% | (HU)CEU Cell Uplink Average Throughput: recent=1.38, baseline=1.89, change=26.85% | L.Traffic.ActiveUser.UL.Avg: recent=0.08, baseline=0.06, change=40.26% | (HU) PUSCH MCS: recent=17.16, baseline=20.69, change=17.05%",UL Radio Block Errors,UL RBLER,UL RBLER increased while UL throughput degraded.,"Check UL coverage, interference, and UE power limitation.","Check UL coverage, interference, and UE power limitation. | Check UL CEU scheduling. | Check uplink scheduling, congestion, and load distribution. | Check uplink SINR, interference, and power control."
LCAIN11982,LCAIN11982-7,7,UL Throughput,(HU) User UL Average Throughput (Mbps),Integrity,20.0,2026-05-15 to 2026-05-18,2026-05-08 to 2026-05-11,2.76175,3.98865,31.68883324833146,1,"UL RBLER: recent=0.73, baseline=0.50, change=47.66%",UL Radio Block Errors,UL RBLER,UL RBLER increased while UL throughput degraded.,"Check UL coverage, interference, and UE power limitation.","Check UL coverage, interference, and UE power limitation."
LCAIN10104_Site_149,LCAIN10104-5,5,UL Throughput,(HU) User UL Average Throughput (Mbps),Integrity,20.0,2026-05-15 to 2026-05-18,2026-05-08 to 2026-05-11,5.963000000000001,9.160225,31.217983437732144,0,None,Unknown,No strong related counter detected,"Main KPI degraded, but no related counter passed its threshold.","Check raw counters, alarms, availability, recent changes, and nearby cells manually.",Manual investigation needed
LCAIN10692,LCAIN10692-5,5,UL Throughput,(HU) User UL Average Throughput (Mbps),Integrity,20.0,2026-05-15 to 2026-05-18,2026-05-08 to 2026-05-11,5.2432,7.223825,31.074283050137318,1,"(HU)CEU Cell Uplink Average Throughput: recent=2.32, baseline=3.67, change=36.62%",UL CEU Impact,(HU)CEU Cell Uplink Average Throughput,Cell edge UL throughput impacting overall.,Check UL CEU scheduling.,Check UL CEU scheduling.
LCAIN10444,LCAIN10444-7,7,UL Throughput,(HU) User UL Average Throughput (Mbps),Integrity,20.0,2026-05-15 to 2026-05-18,2026-05-08 to 2026-05-11,4.19135,6.060875,29.506349700890976,2,"L.Traffic.ActiveUser.UL.Avg: recent=0.28, baseline=0.03, change=812.75% | (HU)CEU Cell Uplink Average Throughput: recent=2.17, baseline=3.54, change=38.67%",High UL User Load,L.Traffic.ActiveUser.UL.Avg,UL active users increased while UL throughput decreased.,"Check uplink scheduling, congestion, and load distribution.","Check uplink scheduling, congestion, and load distribution. | Check UL CEU scheduling."
LCAIN11826,LCAIN11826-5,5,UL Throughput,(HU) User UL Average Throughput (Mbps),Integrity,20.0,2026-05-15 to 2026-05-18,2026-05-08 to 2026-05-11,3.157375,4.5596,28.476106857710302,2,"UL RBLER: recent=1.16, baseline=0.78, change=48.86% | (HU)CEU Cell Uplink Average Throughput: recent=1.57, baseline=2.04, change=23.16%",UL Radio Block Errors,UL RBLER,UL RBLER increased while UL throughput degraded.,"Check UL coverage, interference, and UE power limitation.","Check UL coverage, interference, and UE power limitation. | Check UL CEU scheduling."
LCAIN15458,LCAIN15458-3,3,UL Throughput,(HU) User UL Average Throughput (Mbps),Integrity,20.0,2026-05-15 to 2026-05-18,2026-05-08 to 2026-05-11,2.6534750000000003,3.6392749999999996,28.007826166668615,0,None,Unknown,No strong related counter detected,"Main KPI degraded, but no related counter passed its threshold.","Check raw counters, alarms, availability, recent changes, and nearby cells manually.",Manual investigation needed
LCAIN11837,LCAIN11837-6,6,UL Throughput,(HU) User UL Average Throughput (Mbps),Integrity,20.0,2026-05-15 to 2026-05-18,2026-05-08 to 2026-05-11,2.1022749999999997,2.83515,26.500360579732202,2,"UL RBLER: recent=4.46, baseline=2.61, change=70.75% | (HU)CEU Cell Uplink Average Throughput: recent=0.74, baseline=0.94, change=21.41%",UL Radio Block Errors,UL RBLER,UL RBLER increased while UL throughput degraded.,"Check UL coverage, interference, and UE power limitation.","Check UL coverage, interference, and UE power limitation. | Check UL CEU scheduling."
LCAIN10989,LCAIN10989-7,7,UL Throughput,(HU) User UL Average Throughput (Mbps),Integrity,20.0,2026-05-15 to 2026-05-18,2026-05-08 to 2026-05-11,6.2669999999999995,8.194700000000001,26.131588460600852,1,"UL RBLER: recent=1.20, baseline=0.97, change=23.70%",UL Radio Block Errors,UL RBLER,UL RBLER increased while UL throughput degraded.,"Check UL coverage, interference, and UE power limitation.","Check UL coverage, interference, and UE power limitation."
LCAIN12265,LCAIN12265-5,5,UL Throughput,(HU) User UL Average Throughput (Mbps),Integrity,20.0,2026-05-15 to 2026-05-18,2026-05-08 to 2026-05-11,2.47155,3.2971500000000002,25.717530729805084,1,"(HU)CEU Cell Uplink Average Throughput: recent=0.90, baseline=1.49, change=39.96%",UL CEU Impact,(HU)CEU Cell Uplink Average Throughput,Cell edge UL throughput impacting overall.,Check UL CEU scheduling.,Check UL CEU scheduling.
LCAIN12226,LCAIN12226-6,6,UL Throughput,(HU) User UL Average Throughput (Mbps),Integrity,20.0,2026-05-15 to 2026-05-18,2026-05-08 to 2026-05-11,3.3942249999999996,4.621449999999999,24.921422274277592,0,None,Unknown,No strong related counter detected,"Main KPI degraded, but no related counter passed its threshold.","Check raw counters, alarms, availability, recent changes, and nearby cells manually.",Manual investigation needed
LCAIN10737,LCAIN10737-7,7,UL Throughput,(HU) User UL Average Throughput (Mbps),Integrity,20.0,2026-05-15 to 2026-05-18,2026-05-08 to 2026-05-11,3.6534500000000003,4.46765,23.173052879803887,0,None,Unknown,No strong related counter detected,"Main KPI degraded, but no related counter passed its threshold.","Check raw counters, alarms, availability, recent changes, and nearby cells manually.",Manual investigation needed
LCAIN14000,LCAIN14000-3,3,UL Throughput,(HU) User UL Average Throughput (Mbps),Integrity,20.0,2026-05-15 to 2026-05-18,2026-05-08 to 2026-05-11,4.890525,6.343325,23.147882234270387,1,"UL RBLER: recent=0.13, baseline=0.06, change=110.77%",UL Radio Block Errors,UL RBLER,UL RBLER increased while UL throughput degraded.,"Check UL coverage, interference, and UE power limitation.","Check UL coverage, interference, and UE power limitation."
LCAIN12570,LCAIN12570-1,1,UL Throughput,(HU) User UL Average Throughput (Mbps),Integrity,20.0,2026-05-15 to 2026-05-18,2026-05-08 to 2026-05-11,3.752325,4.705550000000001,22.295029885745514,2,"6.6-14 km: recent=1.25, baseline=0.50, change=150.00% | (HU)CEU Cell Uplink Average Throughput: recent=2.50, baseline=3.65, change=31.44%",UL Distance Impact,6.6-14 km,Distant UL users impacting throughput.,Check UL path loss and power headroom.,Check UL path loss and power headroom. | Check UL CEU scheduling.
LCAIN12899,LCAIN12899-6,6,UL Throughput,(HU) User UL Average Throughput (Mbps),Integrity,20.0,2026-05-15 to 2026-05-18,2026-05-08 to 2026-05-11,1.34305,1.7009750000000001,21.95489406476022,2,"UL RBLER: recent=2.95, baseline=2.29, change=28.81% | (HU)CEU Cell Uplink Average Throughput: recent=0.67, baseline=0.86, change=22.03%",UL Radio Block Errors,UL RBLER,UL RBLER increased while UL throughput degraded.,"Check UL coverage, interference, and UE power limitation.","Check UL coverage, interference, and UE power limitation. | Check UL CEU scheduling."
LCAIN12929,LCAIN12929-5,5,UL Throughput,(HU) User UL Average Throughput (Mbps),Integrity,20.0,2026-05-15 to 2026-05-18,2026-05-08 to 2026-05-11,2.416375,3.1117749999999997,20.73402483350371,2,"6.6-14 km: recent=1.00, baseline=0.25, change=300.00% | UL RBLER: recent=1.61, baseline=1.11, change=45.24%",UL Distance Impact,6.6-14 km,Distant UL users impacting throughput.,Check UL path loss and power headroom.,"Check UL path loss and power headroom. | Check UL coverage, interference, and UE power limitation."
LCAIN10806,LCAIN10806-7,7,UL Throughput,(HU) User UL Average Throughput (Mbps),Integrity,20.0,2026-05-15 to 2026-05-18,2026-05-08 to 2026-05-11,3.486725,4.450375,20.391244185593067,0,None,Unknown,No strong related counter detected,"Main KPI degraded, but no related counter passed its threshold.","Check raw counters, alarms, availability, recent changes, and nearby cells manually.",Manual investigation needed
LCAIE10001,LCAIE10001-2,2,E-RAB Drop Rate,E-RAB Drop Rate (E-NodeB + MME) %,Retainability,0.5,2026-05-15 to 2026-05-18,2026-05-08 to 2026-05-11,2.309025,1.3275,1.0766999999999998,4,"L.E-RAB.AbnormRel.Radio.UuNoReply: recent=6.00, baseline=0.75, change=700.00% | L.E-RAB.AbnormRel.Radio.DRBReset: recent=0.75, baseline=0.50, change=50.00% | RRC Reestablish Failures(times): recent=20.75, baseline=15.50, change=33.87% | L.RRC.ReEstFail.Rej: recent=20.75, baseline=15.25, change=36.07%",Uu No Reply,L.E-RAB.AbnormRel.Radio.UuNoReply,Drops due to Uu no-reply increased.,"Check coverage holes, interference, and radio link quality.","Check coverage holes, interference, and radio link quality. | Check DRB integrity and radio link. | Check coverage and RLF causes. | Check network admission and context."
LCAIN10131_01-2-08-23,LCAIN10131-2,2,E-RAB Drop Rate,E-RAB Drop Rate (E-NodeB + MME) %,Retainability,0.5,2026-05-15 to 2026-05-18,2026-05-08 to 2026-05-11,6.174975,5.070449999999999,0.9302999999999999,1,"L.RRC.ReEstFail.NoReply: recent=1.25, baseline=1.00, change=25.00%",Re-establishment No Reply,L.RRC.ReEstFail.NoReply,Re-establishment no reply failures.,Check coverage and signaling.,Check coverage and signaling.
LCAIN10986,LCAIN10986-7,7,E-RAB Drop Rate,E-RAB Drop Rate (E-NodeB + MME) %,Retainability,0.5,2026-05-15 to 2026-05-18,2026-05-08 to 2026-05-11,1.4638,0.6895749999999999,0.86225,8,"RRC Reestablish Failures(times): recent=52.75, baseline=4.75, change=1010.53% | L.E-RAB.AbnormRel.Radio.ULSyncFail: recent=35.00, baseline=4.50, change=677.78% | L.RRC.ReEstFail.Rej: recent=52.50, baseline=4.75, change=1005.26% | L.E-RAB.AbnormRel: recent=49.00, baseline=15.50, change=216.13% | L.E-RAB.AbnormRel.Radio: recent=49.00, baseline=15.50, change=216.13%",Re-establishment Failures,RRC Reestablish Failures(times),RRC re-establishment failures increased.,Check coverage and RLF causes.,"Check coverage and RLF causes. | Check uplink coverage, UL interference, UE power, and timing advance. | Check network admission and context. | Check drop reason counters, radio quality, HO failures, and TNL/MME causes. | Check coverage, interference, CQI, BLER, and antenna settings."
LCAIN10512_Site_512,LCAIN10512-6,6,E-RAB Drop Rate,E-RAB Drop Rate (E-NodeB + MME) %,Retainability,0.5,2026-05-15 to 2026-05-18,2026-05-08 to 2026-05-11,1.2779500000000001,0.3741,0.8511500000000001,8,"L.E-RAB.AbnormRel.Radio.SRBReset: recent=3.25, baseline=0.25, change=1200.00% | L.E-RAB.AbnormRel.Radio.DRBReset: recent=1.75, baseline=0.25, change=600.00% | L.E-RAB.AbnormRel.MME: recent=79.25, baseline=12.75, change=521.57% | L.E-RAB.AbnormRel: recent=13.50, baseline=3.75, change=260.00% | L.E-RAB.AbnormRel.Radio: recent=13.50, baseline=3.75, change=260.00%",SRB Reset,L.E-RAB.AbnormRel.Radio.SRBReset,SRB reset drops increased.,Check signaling radio bearer issues.,"Check signaling radio bearer issues. | Check DRB integrity and radio link. | Check core network, MME, S1 signaling, and S1 reset counters. | Check drop reason counters, radio quality, HO failures, and TNL/MME causes. | Check coverage, interference, CQI, BLER, and antenna settings."
LCAIN12838,LCAIN12838-3,3,E-RAB Drop Rate,E-RAB Drop Rate (E-NodeB + MME) %,Retainability,0.5,2026-05-15 to 2026-05-18,2026-05-08 to 2026-05-11,1.957525,1.211025,0.8169,1,"L.E-RAB.AbnormRel.Radio.ULSyncFail: recent=12.00, baseline=9.25, change=29.73%",UL Sync Failure,L.E-RAB.AbnormRel.Radio.ULSyncFail,Drops due to UL synchronization failure increased.,"Check uplink coverage, UL interference, UE power, and timing advance.","Check uplink coverage, UL interference, UE power, and timing advance."
LCAIN10692,LCAIN10692-7,7,E-RAB Drop Rate,E-RAB Drop Rate (E-NodeB + MME) %,Retainability,0.5,2026-05-15 to 2026-05-18,2026-05-08 to 2026-05-11,1.6421000000000001,0.7317,0.7925,8,"L.E-RAB.AbnormRel.Radio.UuNoReply: recent=1.00, baseline=0.25, change=300.00% | L.E-RAB.AbnormRel.MME: recent=78.25, baseline=21.00, change=272.62% | L.E-RAB.AbnormRel.Radio.ULSyncFail: recent=11.75, baseline=4.50, change=161.11% | L.E-RAB.AbnormRel: recent=19.75, baseline=8.50, change=132.35% | L.E-RAB.AbnormRel.Radio: recent=19.75, baseline=8.50, change=132.35%",Uu No Reply,L.E-RAB.AbnormRel.Radio.UuNoReply,Drops due to Uu no-reply increased.,"Check coverage holes, interference, and radio link quality.","Check coverage holes, interference, and radio link quality. | Check core network, MME, S1 signaling, and S1 reset counters. | Check uplink coverage, UL interference, UE power, and timing advance. | Check drop reason counters, radio quality, HO failures, and TNL/MME causes. | Check coverage, interference, CQI, BLER, and antenna settings."
LCAIN10859,LCAIN10859-1,1,E-RAB Drop Rate,E-RAB Drop Rate (E-NodeB + MME) %,Retainability,0.5,2026-05-15 to 2026-05-18,2026-05-08 to 2026-05-11,2.037475,1.567175,0.57605,4,"L.E-RAB.AbnormRel.Radio.UuNoReply: recent=2.00, baseline=1.25, change=60.00% | L.E-RAB.AbnormRel.Radio.SRBReset: recent=5.00, baseline=3.75, change=33.33% | RRC Reestablish Failures(times): recent=10.50, baseline=8.00, change=31.25% | L.RRC.ReEstFail.Rej: recent=10.50, baseline=8.00, change=31.25%",Uu No Reply,L.E-RAB.AbnormRel.Radio.UuNoReply,Drops due to Uu no-reply increased.,"Check coverage holes, interference, and radio link quality.","Check coverage holes, interference, and radio link quality. | Check signaling radio bearer issues. | Check coverage and RLF causes. | Check network admission and context."
LCAIN12901,LCAIN12901-3,3,RACH Success Rate,(HU) RACH Success Rate(%),Accessibility,5.0,2026-05-15 to 2026-05-18,2026-05-08 to 2026-05-11,23.05455,66.292525,40.3749,4,"RACH Contention-Based Failures: recent=7687.25, baseline=1180.25, change=551.32% | RACH Setup Failed Number: recent=7961.50, baseline=1716.75, change=363.75% | RACH_att: recent=9717.50, baseline=3424.00, change=183.81% | RACH Contention-Based SR: recent=11.66, baseline=43.96, change=32.30%",Contention-Based RACH Failure,RACH Contention-Based Failures,Contention-based RACH failures increased.,"Check preamble congestion, PRACH configuration, root sequence, and access load.","Check preamble congestion, PRACH configuration, root sequence, and access load. | Check PRACH parameters, root sequence planning, coverage, interference, and access load. | Check access load, coverage, PRACH capacity, and random access configuration. | Check PRACH configuration, root sequence planning, and access congestion."
LCAIN10109,LCAIN10109-7,7,RACH Success Rate,(HU) RACH Success Rate(%),Accessibility,5.0,2026-05-15 to 2026-05-18,2026-05-08 to 2026-05-11,60.717825000000005,88.961325,29.110399999999995,5,"RACH Setup Failed Number: recent=7583.75, baseline=1313.75, change=477.26% | RACH Contention-Based Failures: recent=6619.50, baseline=1038.00, change=537.72% | RACH_att: recent=16501.50, baseline=8547.50, change=93.06% | RACH Contention-Based SR: recent=52.12, baseline=86.99, change=34.87% | RACH Non-Contention-Based SR: recent=66.56, baseline=78.87, change=12.31%",RACH Setup Failures,RACH Setup Failed Number,RACH setup failures increased.,"Check PRACH parameters, root sequence planning, coverage, interference, and access load.","Check PRACH parameters, root sequence planning, coverage, interference, and access load. | Check preamble congestion, PRACH configuration, root sequence, and access load. | Check access load, coverage, PRACH capacity, and random access configuration. | Check PRACH configuration, root sequence planning, and access congestion. | Check HO-related RACH, target cell access, and PRACH settings."
LCAIN10509,LCAIN10509-5,5,RACH Success Rate,(HU) RACH Success Rate(%),Accessibility,5.0,2026-05-15 to 2026-05-18,2026-05-08 to 2026-05-11,47.1883,74.245325,25.133549999999996,4,"RACH Setup Failed Number: recent=35535.25, baseline=11440.50, change=210.61% | RACH Contention-Based Failures: recent=33701.50, baseline=9598.25, change=251.12% | RACH_att: recent=63714.75, baseline=35504.50, change=79.46% | RACH Contention-Based SR: recent=41.99, baseline=69.64, change=27.66%",RACH Setup Failures,RACH Setup Failed Number,RACH setup failures increased.,"Check PRACH parameters, root sequence planning, coverage, interference, and access load.","Check PRACH parameters, root sequence planning, coverage, interference, and access load. | Check preamble congestion, PRACH configuration, root sequence, and access load. | Check access load, coverage, PRACH capacity, and random access configuration. | Check PRACH configuration, root sequence planning, and access congestion."
LCAIN10494,LCAIN10494-5,5,RACH Success Rate,(HU) RACH Success Rate(%),Accessibility,5.0,2026-05-15 to 2026-05-18,2026-05-08 to 2026-05-11,69.4183,84.46770000000001,17.037049999999997,5,"RACH Setup Failed Number: recent=11109.00, baseline=4211.00, change=163.81% | RACH Contention-Based Failures: recent=7099.75, baseline=2439.00, change=191.09% | RACH_att: recent=23226.25, baseline=12363.50, change=87.86% | RACH Contention-Based SR: recent=49.15, baseline=78.29, change=29.14% | RACH Non-Contention-Based SR: recent=56.02, baseline=64.38, change=8.36%",RACH Setup Failures,RACH Setup Failed Number,RACH setup failures increased.,"Check PRACH parameters, root sequence planning, coverage, interference, and access load.","Check PRACH parameters, root sequence planning, coverage, interference, and access load. | Check preamble congestion, PRACH configuration, root sequence, and access load. | Check access load, coverage, PRACH capacity, and random access configuration. | Check PRACH configuration, root sequence planning, and access congestion. | Check HO-related RACH, target cell access, and PRACH settings."
LCAIN11982,LCAIN11982-7,7,RACH Success Rate,(HU) RACH Success Rate(%),Accessibility,5.0,2026-05-15 to 2026-05-18,2026-05-08 to 2026-05-11,50.073325000000004,65.17415,14.771949999999997,4,"RACH Setup Failed Number: recent=26949.25, baseline=11657.50, change=131.18% | RACH Contention-Based Failures: recent=24784.50, baseline=10414.75, change=137.97% | RACH_att: recent=49524.75, baseline=29393.50, change=68.49% | RACH Contention-Based SR: recent=31.81, baseline=49.58, change=17.77%",RACH Setup Failures,RACH Setup Failed Number,RACH setup failures increased.,"Check PRACH parameters, root sequence planning, coverage, interference, and access load.","Check PRACH parameters, root sequence planning, coverage, interference, and access load. | Check preamble congestion, PRACH configuration, root sequence, and access load. | Check access load, coverage, PRACH capacity, and random access configuration. | Check PRACH configuration, root sequence planning, and access congestion."
LCAIE10001,LCAIE10001-6,6,RACH Success Rate,(HU) RACH Success Rate(%),Accessibility,5.0,2026-05-15 to 2026-05-18,2026-05-08 to 2026-05-11,78.590475,89.58307500000001,11.88165,5,"RACH Setup Failed Number: recent=42629.75, baseline=18053.00, change=136.14% | RACH Contention-Based Failures: recent=22585.75, baseline=8401.50, change=168.83% | RACH_att: recent=105664.50, baseline=71580.75, change=47.62% | RACH Contention-Based SR: recent=52.58, baseline=78.85, change=26.26% | RACH Non-Contention-Based SR: recent=65.88, baseline=76.07, change=10.19%",RACH Setup Failures,RACH Setup Failed Number,RACH setup failures increased.,"Check PRACH parameters, root sequence planning, coverage, interference, and access load.","Check PRACH parameters, root sequence planning, coverage, interference, and access load. | Check preamble congestion, PRACH configuration, root sequence, and access load. | Check access load, coverage, PRACH capacity, and random access configuration. | Check PRACH configuration, root sequence planning, and access congestion. | Check HO-related RACH, target cell access, and PRACH settings."
LCAIN10494,LCAIN10494-1,1,RACH Success Rate,(HU) RACH Success Rate(%),Accessibility,5.0,2026-05-15 to 2026-05-18,2026-05-08 to 2026-05-11,81.782875,92.345,11.347899999999996,5,"RACH Setup Failed Number: recent=9256.75, baseline=2129.50, change=334.69% | RACH Contention-Based Failures: recent=4864.25, baseline=1070.25, change=354.50% | RACH_att: recent=25845.75, baseline=10553.50, change=144.90% | RACH Non-Contention-Based SR: recent=57.71, baseline=85.51, change=27.79% | RACH Contention-Based SR: recent=68.48, baseline=83.62, change=15.15%",RACH Setup Failures,RACH Setup Failed Number,RACH setup failures increased.,"Check PRACH parameters, root sequence planning, coverage, interference, and access load.","Check PRACH parameters, root sequence planning, coverage, interference, and access load. | Check preamble congestion, PRACH configuration, root sequence, and access load. | Check access load, coverage, PRACH capacity, and random access configuration. | Check HO-related RACH, target cell access, and PRACH settings. | Check PRACH configuration, root sequence planning, and access congestion."
LCAIN10370,LCAIN10370-6,6,RACH Success Rate,(HU) RACH Success Rate(%),Accessibility,5.0,2026-05-15 to 2026-05-18,2026-05-08 to 2026-05-11,81.536725,92.0394,11.267450000000004,3,"RACH Contention-Based Failures: recent=1553.50, baseline=641.00, change=142.36% | RACH Setup Failed Number: recent=2339.75, baseline=1435.00, change=63.05% | RACH Contention-Based SR: recent=74.38, baseline=88.22, change=13.84%",Contention-Based RACH Failure,RACH Contention-Based Failures,Contention-based RACH failures increased.,"Check preamble congestion, PRACH configuration, root sequence, and access load.","Check preamble congestion, PRACH configuration, root sequence, and access load. | Check PRACH parameters, root sequence planning, coverage, interference, and access load. | Check PRACH configuration, root sequence planning, and access congestion."
LCAIN10110,LCAIN10110-3,3,RACH Success Rate,(HU) RACH Success Rate(%),Accessibility,5.0,2026-05-15 to 2026-05-18,2026-05-08 to 2026-05-11,79.239375,90.3885,11.149850000000008,4,"RACH Contention-Based Failures: recent=804.50, baseline=250.75, change=220.84% | RACH Setup Failed Number: recent=1298.50, baseline=880.00, change=47.56% | RACH_att: recent=3804.50, baseline=2655.00, change=43.30% | RACH Contention-Based SR: recent=68.05, baseline=82.61, change=14.56%",Contention-Based RACH Failure,RACH Contention-Based Failures,Contention-based RACH failures increased.,"Check preamble congestion, PRACH configuration, root sequence, and access load.","Check preamble congestion, PRACH configuration, root sequence, and access load. | Check PRACH parameters, root sequence planning, coverage, interference, and access load. | Check access load, coverage, PRACH capacity, and random access configuration. | Check PRACH configuration, root sequence planning, and access congestion."
LCAIE10001,LCAIE10001-2,2,RACH Success Rate,(HU) RACH Success Rate(%),Accessibility,5.0,2026-05-15 to 2026-05-18,2026-05-08 to 2026-05-11,83.28922499999999,93.947475,10.68405,4,"RACH Setup Failed Number: recent=13199.75, baseline=4336.75, change=204.37% | RACH Contention-Based Failures: recent=3315.25, baseline=995.25, change=233.11% | RACH Contention-Based SR: recent=52.35, baseline=90.59, change=38.24% | RACH Non-Contention-Based SR: recent=26.46, baseline=47.35, change=20.90%",RACH Setup Failures,RACH Setup Failed Number,RACH setup failures increased.,"Check PRACH parameters, root sequence planning, coverage, interference, and access load.","Check PRACH parameters, root sequence planning, coverage, interference, and access load. | Check preamble congestion, PRACH configuration, root sequence, and access load. | Check PRACH configuration, root sequence planning, and access congestion. | Check HO-related RACH, target cell access, and PRACH settings."
LCAIN10496,LCAIN10496-5,5,RACH Success Rate,(HU) RACH Success Rate(%),Accessibility,5.0,2026-05-15 to 2026-05-18,2026-05-08 to 2026-05-11,84.5818,92.598375,8.721849999999996,3,"RACH Contention-Based Failures: recent=5429.50, baseline=2523.75, change=115.14% | RACH Setup Failed Number: recent=8764.25, baseline=7116.75, change=23.15% | RACH Contention-Based SR: recent=77.29, baseline=87.93, change=10.64%",Contention-Based RACH Failure,RACH Contention-Based Failures,Contention-based RACH failures increased.,"Check preamble congestion, PRACH configuration, root sequence, and access load.","Check preamble congestion, PRACH configuration, root sequence, and access load. | Check PRACH parameters, root sequence planning, coverage, interference, and access load. | Check PRACH configuration, root sequence planning, and access congestion."
LCAIN12265,LCAIN12265-5,5,RACH Success Rate,(HU) RACH Success Rate(%),Accessibility,5.0,2026-05-15 to 2026-05-18,2026-05-08 to 2026-05-11,79.597025,89.8288,8.326149999999998,4,"RACH Contention-Based Failures: recent=29965.00, baseline=11694.25, change=156.24% | RACH Setup Failed Number: recent=38436.75, baseline=18852.25, change=103.88% | RACH_att: recent=144616.50, baseline=114962.25, change=25.79% | RACH Contention-Based SR: recent=70.78, baseline=84.69, change=13.91%",Contention-Based RACH Failure,RACH Contention-Based Failures,Contention-based RACH failures increased.,"Check preamble congestion, PRACH configuration, root sequence, and access load.","Check preamble congestion, PRACH configuration, root sequence, and access load. | Check PRACH parameters, root sequence planning, coverage, interference, and access load. | Check access load, coverage, PRACH capacity, and random access configuration. | Check PRACH configuration, root sequence planning, and access congestion."
LCAIN10855,LCAIN10855-5,5,RACH Success Rate,(HU) RACH Success Rate(%),Accessibility,5.0,2026-05-15 to 2026-05-18,2026-05-08 to 2026-05-11,71.693625,79.955475,7.7327999999999975,1,"RACH Contention-Based SR: recent=49.35, baseline=74.16, change=24.81%",Contention-Based RACH SR Drop,RACH Contention-Based SR,Contention-based RACH success rate decreased.,"Check PRACH configuration, root sequence planning, and access congestion.","Check PRACH configuration, root sequence planning, and access congestion."
LCAIN10989,LCAIN10989-5,5,RACH Success Rate,(HU) RACH Success Rate(%),Accessibility,5.0,2026-05-15 to 2026-05-18,2026-05-08 to 2026-05-11,73.136025,84.14127500000001,7.317049999999995,4,"RACH Setup Failed Number: recent=6614.25, baseline=3644.00, change=81.51% | RACH Contention-Based Failures: recent=6391.00, baseline=3327.75, change=92.05% | RACH_att: recent=24195.75, baseline=20138.75, change=20.15% | RACH Contention-Based SR: recent=64.17, baseline=77.13, change=12.97%",RACH Setup Failures,RACH Setup Failed Number,RACH setup failures increased.,"Check PRACH parameters, root sequence planning, coverage, interference, and access load.","Check PRACH parameters, root sequence planning, coverage, interference, and access load. | Check preamble congestion, PRACH configuration, root sequence, and access load. | Check access load, coverage, PRACH capacity, and random access configuration. | Check PRACH configuration, root sequence planning, and access congestion."
LCAIN12053,LCAIN12053-6,6,RACH Success Rate,(HU) RACH Success Rate(%),Accessibility,5.0,2026-05-15 to 2026-05-18,2026-05-08 to 2026-05-11,80.268525,87.87965,6.973549999999996,4,"RACH Setup Failed Number: recent=8208.75, baseline=4250.50, change=93.12% | RACH Contention-Based Failures: recent=7645.00, baseline=3793.50, change=101.53% | RACH_att: recent=38131.50, baseline=30710.00, change=24.17% | RACH Contention-Based SR: recent=75.48, baseline=84.65, change=9.17%",RACH Setup Failures,RACH Setup Failed Number,RACH setup failures increased.,"Check PRACH parameters, root sequence planning, coverage, interference, and access load.","Check PRACH parameters, root sequence planning, coverage, interference, and access load. | Check preamble congestion, PRACH configuration, root sequence, and access load. | Check access load, coverage, PRACH capacity, and random access configuration. | Check PRACH configuration, root sequence planning, and access congestion."
LCAIN10984,LCAIN10984-3,3,RACH Success Rate,(HU) RACH Success Rate(%),Accessibility,5.0,2026-05-15 to 2026-05-18,2026-05-08 to 2026-05-11,78.127825,83.17462499999999,5.075400000000002,1,"RACH Contention-Based Failures: recent=6889.75, baseline=5726.00, change=20.32%",Contention-Based RACH Failure,RACH Contention-Based Failures,Contention-based RACH failures increased.,"Check preamble congestion, PRACH configuration, root sequence, and access load.","Check preamble congestion, PRACH configuration, root sequence, and access load."
LCAIN12920,LCAIN12920-3,3,RRC Re-establishment,RRC Reestablish Setup Success Rate(%),Mobility,10.0,2026-05-15 to 2026-05-18,2026-05-08 to 2026-05-11,75.67935,97.142025,20.59785,3,"L.RRC.ReEstFail.NoCntx: recent=4.75, baseline=2.50, change=90.00% | RRC Reestablish Failures(times): recent=4.75, baseline=3.00, change=58.33% | L.RRC.ReEstFail.Rej: recent=4.75, baseline=2.75, change=72.73%",No Context,L.RRC.ReEstFail.NoCntx,No context for re-establishment.,Check context retention and source cell.,"Check context retention and source cell. | Check RLF causes, coverage, and re-establishment parameters. | Check context availability and network admission."
LCAIN10692,LCAIN10692-6,6,RRC Re-establishment,RRC Reestablish Setup Success Rate(%),Mobility,10.0,2026-05-15 to 2026-05-18,2026-05-08 to 2026-05-11,73.8159,92.00524999999999,19.48135,3,"RRC Reestablish Failures(times): recent=78.00, baseline=26.00, change=200.00% | L.RRC.ReEstFail.Rej: recent=77.50, baseline=26.00, change=198.08% | L.RRC.ReEstFail.NoCntx: recent=77.50, baseline=26.00, change=198.08%",Re-establishment Failure,RRC Reestablish Failures(times),RRC re-establishment failures increased.,"Check RLF causes, coverage, and re-establishment parameters.","Check RLF causes, coverage, and re-establishment parameters. | Check context availability and network admission. | Check context retention and source cell."
LCAIN10800,LCAIN10800-1,1,RRC Re-establishment,RRC Reestablish Setup Success Rate(%),Mobility,10.0,2026-05-15 to 2026-05-18,2026-05-08 to 2026-05-11,74.026725,89.396625,16.652499999999996,4,"L.E-RAB.AbnormRel.Radio: recent=7.00, baseline=3.25, change=115.38% | RRC Reestablish Failures(times): recent=12.75, baseline=7.00, change=82.14% | L.RRC.ReEstFail.Rej: recent=12.75, baseline=6.75, change=88.89% | L.RRC.ReEstFail.NoCntx: recent=12.75, baseline=6.75, change=88.89%",Radio Link Failure,L.E-RAB.AbnormRel.Radio,Radio failures causing RLF.,Check radio quality and coverage.,"Check radio quality and coverage. | Check RLF causes, coverage, and re-establishment parameters. | Check context availability and network admission. | Check context retention and source cell."
LCAIN12226,LCAIN12226-3,3,RRC Re-establishment,RRC Reestablish Setup Success Rate(%),Mobility,10.0,2026-05-15 to 2026-05-18,2026-05-08 to 2026-05-11,68.563425,86.1508,15.055700000000002,3,"RRC Reestablish Failures(times): recent=6.75, baseline=1.50, change=350.00% | L.RRC.ReEstFail.Rej: recent=6.75, baseline=1.50, change=350.00% | L.RRC.ReEstFail.NoCntx: recent=6.75, baseline=1.50, change=350.00%",Re-establishment Failure,RRC Reestablish Failures(times),RRC re-establishment failures increased.,"Check RLF causes, coverage, and re-establishment parameters.","Check RLF causes, coverage, and re-establishment parameters. | Check context availability and network admission. | Check context retention and source cell."
LCAIN10859,LCAIN10859-1,1,RRC Re-establishment,RRC Reestablish Setup Success Rate(%),Mobility,10.0,2026-05-15 to 2026-05-18,2026-05-08 to 2026-05-11,74.88755,86.76805,13.92635,3,"RRC Reestablish Failures(times): recent=10.50, baseline=8.00, change=31.25% | L.RRC.ReEstFail.Rej: recent=10.50, baseline=8.00, change=31.25% | L.RRC.ReEstFail.NoCntx: recent=10.50, baseline=8.00, change=31.25%",Re-establishment Failure,RRC Reestablish Failures(times),RRC re-establishment failures increased.,"Check RLF causes, coverage, and re-establishment parameters.","Check RLF causes, coverage, and re-establishment parameters. | Check context availability and network admission. | Check context retention and source cell."
LCAIN10118_CITY center,LCAIN10118-2,2,RRC Re-establishment,RRC Reestablish Setup Success Rate(%),Mobility,10.0,2026-05-15 to 2026-05-18,2026-05-08 to 2026-05-11,73.06635,86.12697499999999,12.928449999999998,0,None,Unknown,No strong related counter detected,"Main KPI degraded, but no related counter passed its threshold.","Check raw counters, alarms, availability, recent changes, and nearby cells manually.",Manual investigation needed
LCAIN10592,LCAIN10592-5,5,RRC Re-establishment,RRC Reestablish Setup Success Rate(%),Mobility,10.0,2026-05-15 to 2026-05-18,2026-05-08 to 2026-05-11,77.96715,91.41795,11.7864,0,None,Unknown,No strong related counter detected,"Main KPI degraded, but no related counter passed its threshold.","Check raw counters, alarms, availability, recent changes, and nearby cells manually.",Manual investigation needed
LCAIN12901,LCAIN12901-1,1,RRC Re-establishment,RRC Reestablish Setup Success Rate(%),Mobility,10.0,2026-05-15 to 2026-05-18,2026-05-08 to 2026-05-11,85.5277,94.226725,10.837849999999996,4,"L.E-RAB.AbnormRel.Radio: recent=2.50, baseline=0.25, change=900.00% | RRC Reestablish Failures(times): recent=9.25, baseline=4.50, change=105.56% | L.RRC.ReEstFail.Rej: recent=8.75, baseline=4.50, change=94.44% | L.RRC.ReEstFail.NoCntx: recent=8.75, baseline=4.50, change=94.44%",Radio Link Failure,L.E-RAB.AbnormRel.Radio,Radio failures causing RLF.,Check radio quality and coverage.,"Check radio quality and coverage. | Check RLF causes, coverage, and re-establishment parameters. | Check context availability and network admission. | Check context retention and source cell."
